window_id,event_id,location,fold,ground_truth_label,error_type,predicted_prob,threshold_used,confidence_margin,error_confidence,mean_keypoint_vis,min_keypoint_vis,high_vis_ratio,low_vis_ratio,max_down_vel,mean_down_vel,max_vel_mag,mean_vel_mag,peak_abruptness_ratio,down_motion_duration,mean_torso_scale,std_torso_scale
Le2i_Coffee_room_01_video (1)_w000,Le2i_Coffee_room_01_video (1),Coffee_room_01,1,NORMAL,TN,3e-06,0.47,0.469997,0.0,0.3221,0.0,0.2624,0.6673,2.735759,-0.040467,7.266098,0.216149,0.0,32,0.837949,0.34408
Le2i_Coffee_room_01_video (1)_w001,Le2i_Coffee_room_01_video (1),Coffee_room_01,1,FALL,TP,0.918785,0.47,0.448785,0.0,0.4294,0.0,0.3776,0.5497,0.932295,-0.023043,1.403365,0.138109,0.0,42,0.623109,0.357144
Le2i_Coffee_room_01_video (1)_w002,Le2i_Coffee_room_01_video (1),Coffee_room_01,1,FALL,TP,0.880061,0.47,0.410061,0.0,0.4287,0.0,0.3733,0.5473,0.932295,-0.017158,1.403365,0.116898,0.0,34,0.256976,0.121245
Le2i_Coffee_room_01_video (1)_w003,Le2i_Coffee_room_01_video (1),Coffee_room_01,1,NORMAL,FP,0.860922,0.47,0.390922,0.860922,0.4287,0.0,0.3667,0.5455,0.247895,-0.000808,0.260724,0.039586,0.0,15,0.239134,0.033113
Le2i_Coffee_room_01_video (1)_w004,Le2i_Coffee_room_01_video (1),Coffee_room_01,1,FALL,TP,0.863739,0.47,0.393739,0.0,0.4296,0.0,0.3685,0.5455,0.337299,0.001167,0.361404,0.044053,288.8775,9,0.259567,0.012002
Le2i_Coffee_room_01_video (10)_w000,Le2i_Coffee_room_01_video (10),Coffee_room_01,1,NORMAL,TN,0.0,0.47,0.47,0.0,0.3667,0.0,0.2703,0.6091,0.880831,0.00333,0.881791,0.053439,264.4667,28,0.995842,0.001227
Le2i_Coffee_room_01_video (10)_w001,Le2i_Coffee_room_01_video (10),Coffee_room_01,1,NORMAL,TN,0.0,0.47,0.47,0.0,0.4071,0.0,0.3606,0.5842,0.741658,0.00118,0.852457,0.046034,628.149,19,0.997275,0.002308
Le2i_Coffee_room_01_video (10)_w002,Le2i_Coffee_room_01_video (10),Coffee_room_01,1,NORMAL,TN,1e-06,0.47,0.469999,0.0,0.3899,0.0,0.3327,0.6042,0.143014,-0.003247,0.384005,0.045915,0.0,12,0.998131,0.003728
Le2i_Coffee_room_01_video (10)_w003,Le2i_Coffee_room_01_video (10),Coffee_room_01,1,NORMAL,TN,0.0,0.47,0.47,0.0,0.361,0.0,0.3018,0.6133,0.295971,-0.003669,0.509249,0.054394,0.0,17,0.975932,0.023277
Le2i_Coffee_room_01_video (10)_w004,Le2i_Coffee_room_01_video (10),Coffee_room_01,1,NORMAL,TN,0.0,0.47,0.47,0.0,0.3521,0.0,0.2915,0.6091,0.295971,0.000257,0.509249,0.054171,1148.6077,19,0.954041,0.012847
Le2i_Coffee_room_01_video (10)_w005,Le2i_Coffee_room_01_video (10),Coffee_room_01,1,NORMAL,TN,0.0,0.47,0.47,0.0,0.4238,0.0,0.3897,0.5509,0.272537,0.003347,0.445188,0.0472,81.4058,16,0.974576,0.023727
Le2i_Coffee_room_01_video (10)_w006,Le2i_Coffee_room_01_video (10),Coffee_room_01,1,NORMAL,TN,3e-06,0.47,0.469997,0.0,0.4571,0.0,0.4388,0.5248,0.135154,0.000734,0.17827,0.036498,183.7661,13,0.997892,0.005673
Le2i_Coffee_room_01_video (10)_w007,Le2i_Coffee_room_01_video (10),Coffee_room_01,1,FALL,TP,0.936133,0.47,0.466133,0.0,0.4528,0.0,0.4194,0.517,4.146084,-0.012198,4.656886,0.229335,0.0,26,0.896392,0.213284
Le2i_Coffee_room_01_video (10)_w008,Le2i_Coffee_room_01_video (10),Coffee_room_01,1,FALL,TP,0.982763,0.47,0.512763,0.0,0.4498,0.0,0.3836,0.5079,4.146084,-0.018155,4.656886,0.425643,0.0,39,0.744725,0.205585
Le2i_Coffee_room_01_video (10)_w009,Le2i_Coffee_room_01_video (10),Coffee_room_01,1,FALL,TP,0.959329,0.47,0.489329,0.0,0.4358,0.0,0.3406,0.5267,3.900338,-0.009029,4.451495,0.242339,0.0,31,0.646804,0.087797
Le2i_Coffee_room_01_video (10)_w010,Le2i_Coffee_room_01_video (10),Coffee_room_01,1,FALL,TP,0.874141,0.47,0.404141,0.0,0.4373,0.0,0.3418,0.5352,0.153924,-0.002679,0.287579,0.048461,0.0,17,0.598976,0.015544
Le2i_Coffee_room_01_video (10)_w011,Le2i_Coffee_room_01_video (10),Coffee_room_01,1,FALL,TP,0.87334,0.47,0.40334,0.0,0.4361,0.0,0.3406,0.5376,0.142005,-0.000817,0.261732,0.039777,0.0,16,0.604316,0.018645
Le2i_Coffee_room_01_video (10)_w012,Le2i_Coffee_room_01_video (10),Coffee_room_01,1,FALL,TP,0.873411,0.47,0.403411,0.0,0.4372,0.0,0.3455,0.54,0.142005,-2.6e-05,0.159166,0.035897,0.0,14,0.611572,0.017564
Le2i_Coffee_room_01_video (11)_w000,Le2i_Coffee_room_01_video (11),Coffee_room_01,1,NORMAL,TN,0.000896,0.47,0.469104,0.0,0.2479,0.0,0.1582,0.7515,0.368554,0.001843,0.66651,0.039975,199.887,16,0.99815,0.00107
Le2i_Coffee_room_01_video (11)_w001,Le2i_Coffee_room_01_video (11),Coffee_room_01,1,NORMAL,TN,9e-05,0.47,0.46991,0.0,0.2964,0.0,0.2339,0.7,0.580218,0.000936,0.66407,0.032755,619.1175,18,0.996802,0.002791
Le2i_Coffee_room_01_video (11)_w002,Le2i_Coffee_room_01_video (11),Coffee_room_01,1,NORMAL,TN,5e-06,0.47,0.469995,0.0,0.3749,0.0,0.3339,0.6164,0.580218,0.000796,0.66407,0.030099,727.5945,14,0.995024,0.002262
Le2i_Coffee_room_01_video (11)_w003,Le2i_Coffee_room_01_video (11),Coffee_room_01,1,NORMAL,TN,1e-06,0.47,0.469999,0.0,0.4081,0.0,0.3745,0.5885,0.1352,-2.1e-05,0.221199,0.033079,0.0,12,0.97147,0.030121
Le2i_Coffee_room_01_video (11)_w004,Le2i_Coffee_room_01_video (11),Coffee_room_01,1,NORMAL,TN,0.0,0.47,0.47,0.0,0.4098,0.0,0.3733,0.5933,0.144147,0.000539,0.189176,0.038163,267.0745,12,0.957949,0.028508
Le2i_Coffee_room_01_video (11)_w005,Le2i_Coffee_room_01_video (11),Coffee_room_01,1,NORMAL,TN,0.0,0.47,0.47,0.0,0.4119,0.0,0.3709,0.5842,0.144147,-0.000294,0.568754,0.045229,0.0,20,0.982908,0.024169
Le2i_Coffee_room_01_video (11)_w006,Le2i_Coffee_room_01_video (11),Coffee_room_01,1,NORMAL,TN,1e-06,0.47,0.469999,0.0,0.4323,0.0,0.3855,0.5527,0.112901,0.000728,0.718264,0.055941,154.9744,28,0.998036,0.00127
Le2i_Coffee_room_01_video (11)_w007,Le2i_Coffee_room_01_video (11),Coffee_room_01,1,NORMAL,TN,1.8e-05,0.47,0.469982,0.0,0.4675,0.0,0.4406,0.5103,0.198058,0.002984,0.718264,0.049869,66.3605,22,0.99786,0.001597
Le2i_Coffee_room_01_video (11)_w008,Le2i_Coffee_room_01_video (11),Coffee_room_01,1,NORMAL,TN,0.0,0.47,0.47,0.0,0.4907,0.0,0.4836,0.4855,0.229289,0.001123,0.237749,0.031667,203.9393,14,0.996185,0.003114
Le2i_Coffee_room_01_video (11)_w009,Le2i_Coffee_room_01_video (11),Coffee_room_01,1,NORMAL,TN,0.0,0.47,0.47,0.0,0.4586,0.0,0.4352,0.5224,0.229289,2.4e-05,0.23224,0.028278,9271.813,16,0.997336,0.003482
Le2i_Coffee_room_01_video (11)_w010,Le2i_Coffee_room_01_video (11),Coffee_room_01,1,NORMAL,TN,1e-06,0.47,0.469999,0.0,0.3834,0.0,0.3352,0.6018,0.389521,0.000475,0.390891,0.029306,817.9293,17,0.998936,0.000984
Le2i_Coffee_room_01_video (11)_w011,Le2i_Coffee_room_01_video (11),Coffee_room_01,1,NORMAL,TN,2e-05,0.47,0.46998,0.0,0.3754,0.0,0.32,0.6109,0.389521,-0.001595,0.390891,0.033512,0.0,14,0.999,0.000994
Le2i_Coffee_room_01_video (11)_w012,Le2i_Coffee_room_01_video (11),Coffee_room_01,1,NORMAL,TN,6.3e-05,0.47,0.469937,0.0,0.4064,0.0,0.3485,0.58,0.180767,-0.00118,0.234891,0.039509,0.0,18,0.999791,0.00033
Le2i_Coffee_room_01_video (11)_w013,Le2i_Coffee_room_01_video (11),Coffee_room_01,1,NORMAL,TN,7e-06,0.47,0.469993,0.0,0.4148,0.0,0.3679,0.5739,0.190366,-0.002353,0.24064,0.045435,0.0,19,0.987051,0.036939
Le2i_Coffee_room_01_video (11)_w014,Le2i_Coffee_room_01_video (11),Coffee_room_01,1,FALL,TP,0.928707,0.47,0.458707,0.0,0.4294,0.0,0.3891,0.5461,0.359553,-0.019101,0.943214,0.102768,0.0,31,0.624958,0.368107
Le2i_Coffee_room_01_video (11)_w015,Le2i_Coffee_room_01_video (11),Coffee_room_01,1,FALL,TP,0.882977,0.47,0.412977,0.0,0.427,0.0,0.3467,0.5206,0.359553,-0.013995,0.943214,0.096056,0.0,30,0.286333,0.112164
Le2i_Coffee_room_01_video (11)_w016,Le2i_Coffee_room_01_video (11),Coffee_room_01,1,NORMAL,FP,0.864196,0.47,0.394196,0.864196,0.42,0.0,0.3073,0.5152,0.174135,-0.00272,0.230506,0.037061,0.0,15,0.298004,0.016333
Le2i_Coffee_room_01_video (11)_w017,Le2i_Coffee_room_01_video (11),Coffee_room_01,1,FALL,TP,0.862436,0.47,0.392436,0.0,0.419,0.0,0.3042,0.5152,0.127123,-0.001164,0.230506,0.028476,0.0,9,0.299539,0.011319
Le2i_Coffee_room_01_video (12)_w000,Le2i_Coffee_room_01_video (12),Coffee_room_01,1,NORMAL,TN,0.150105,0.47,0.319895,0.0,0.4654,0.0,0.457,0.5152,1.686004,-0.084017,2.713921,0.267461,0.0,32,0.938506,0.105271
Le2i_Coffee_room_01_video (12)_w001,Le2i_Coffee_room_01_video (12),Coffee_room_01,1,FALL,TP,0.996731,0.47,0.526731,0.0,0.4217,0.0,0.3958,0.5552,13.269938,-0.001795,31.951008,1.713826,0.0,46,0.847591,0.214823
Le2i_Coffee_room_01_video (12)_w002,Le2i_Coffee_room_01_video (12),Coffee_room_01,1,FALL,TP,0.995461,0.47,0.525461,0.0,0.382,0.0,0.3394,0.6012,13.269938,0.06982,31.951008,1.551066,190.0572,41,0.823952,0.195782
Le2i_Coffee_room_01_video (12)_w003,Le2i_Coffee_room_01_video (12),Coffee_room_01,1,FALL,TP,0.855428,0.47,0.385428,0.0,0.3799,0.0,0.3291,0.6067,0.943837,-0.00138,1.433907,0.101588,0.0,32,0.824279,0.022968
Le2i_Coffee_room_01_video (12)_w004,Le2i_Coffee_room_01_video (12),Coffee_room_01,1,FALL,TP,0.798898,0.47,0.328898,0.0,0.3814,0.0,0.3303,0.6042,0.131625,-0.002669,0.163473,0.037885,0.0,23,0.813071,0.011378
Le2i_Coffee_room_01_video (12)_w005,Le2i_Coffee_room_01_video (12),Coffee_room_01,1,FALL,TP,0.803681,0.47,0.333681,0.0,0.3796,0.0,0.3267,0.6042,0.203522,-0.004953,0.345351,0.048063,0.0,20,0.803679,0.007652
Le2i_Coffee_room_01_video (13)_w000,Le2i_Coffee_room_01_video (13),Coffee_room_01,1,NORMAL,TN,7.3e-05,0.47,0.469927,0.0,0.4852,0.0,0.483,0.4958,0.40537,0.018771,0.56599,0.091096,21.5947,29,0.998734,0.001105
Le2i_Coffee_room_01_video (13)_w001,Le2i_Coffee_room_01_video (13),Coffee_room_01,1,NORMAL,TN,0.000178,0.47,0.469822,0.0,0.4878,0.0,0.483,0.4927,0.40537,0.028731,0.56599,0.073257,14.1086,23,0.999215,0.001102
Le2i_Coffee_room_01_video (13)_w002,Le2i_Coffee_room_01_video (13),Coffee_room_01,1,NORMAL,TN,0.001691,0.47,0.468309,0.0,0.4804,0.0,0.4721,0.4927,0.981959,-0.0353,1.296064,0.072807,0.0,8,0.984333,0.063685
Le2i_Coffee_room_01_video (13)_w003,Le2i_Coffee_room_01_video (13),Coffee_room_01,1,FALL,TP,1.0,0.47,0.53,0.0,0.2847,0.0,0.2685,0.6945,41.570381,-0.51131,51.479496,3.100324,0.0,20,0.615179,0.463087
Le2i_Coffee_room_01_video (13)_w004,Le2i_Coffee_room_01_video (13),Coffee_room_01,1,FALL,TP,0.929306,0.47,0.459306,0.0,0.0512,0.0,0.0382,0.9442,41.570381,0.056444,51.479496,3.880217,736.481,20,0.250315,0.419772
Le2i_Coffee_room_01_video (13)_w005,Le2i_Coffee_room_01_video (13),Coffee_room_01,1,FALL,FN,0.0,0.47,0.47,1.0,0.0016,0.0,0.0,1.0,31.571028,0.308052,31.856339,1.080477,102.4857,8,0.139722,0.346298
Le2i_Coffee_room_01_video (13)_w006,Le2i_Coffee_room_01_video (13),Coffee_room_01,1,FALL,TP,1.0,0.47,0.53,0.0,0.0005,0.0,0.0,1.0,23.551918,0.0,23.760458,0.978828,23376273.4429,4,0.03998,0.195863
Le2i_Coffee_room_01_video (13)_w007,Le2i_Coffee_room_01_video (13),Coffee_room_01,1,FALL,TP,0.998568,0.47,0.528568,0.0,0.0009,0.0,0.0,1.0,50.012196,-0.704018,72.319603,2.420279,0.0,6,0.07993,0.271055
Le2i_Coffee_room_01_video (14)_w000,Le2i_Coffee_room_01_video (14),Coffee_room_01,1,NORMAL,TN,0.000383,0.47,0.469617,0.0,0.3323,0.0,0.2582,0.6606,0.277387,-0.002872,0.331828,0.03071,0.0,15,0.997099,0.004756
Le2i_Coffee_room_01_video (14)_w001,Le2i_Coffee_room_01_video (14),Coffee_room_01,1,FALL,TP,0.912804,0.47,0.442804,0.0,0.3681,0.0,0.3152,0.6248,1.95161,-0.047569,2.375071,0.198353,0.0,32,0.960105,0.046984
Le2i_Coffee_room_01_video (14)_w002,Le2i_Coffee_room_01_video (14),Coffee_room_01,1,FALL,TP,0.9013,0.47,0.4313,0.0,0.3588,0.0,0.3109,0.6267,2.207026,-0.065477,2.612541,0.309721,0.0,45,0.952813,0.041645
Le2i_Coffee_room_01_video (14)_w003,Le2i_Coffee_room_01_video (14),Coffee_room_01,1,NORMAL,FP,0.876979,0.47,0.406979,0.876979,0.3449,0.0,0.2945,0.6364,2.207026,-0.024748,2.612541,0.26348,0.0,44,0.978072,0.007229
Le2i_Coffee_room_01_video (14)_w004,Le2i_Coffee_room_01_video (14),Coffee_room_01,1,FALL,TP,0.86161,0.47,0.39161,0.0,0.3424,0.0,0.2945,0.6364,1.452577,-0.015936,1.72171,0.226007,0.0,40,0.973027,0.005378
Le2i_Coffee_room_01_video (14)_w005,Le2i_Coffee_room_01_video (14),Coffee_room_01,1,FALL,TP,0.866169,0.47,0.396169,0.0,0.3448,0.0,0.2964,0.6364,1.448746,-0.007961,1.711247,0.196401,0.0,39,0.973473,0.00489
Le2i_Coffee_room_01_video (15)_w000,Le2i_Coffee_room_01_video (15),Coffee_room_01,1,NORMAL,TN,0.000595,0.47,0.469405,0.0,0.2945,0.0,0.2152,0.6921,0.288936,-0.000482,0.337217,0.036821,0.0,26,0.995473,0.004576
Le2i_Coffee_room_01_video (15)_w001,Le2i_Coffee_room_01_video (15),Coffee_room_01,1,FALL,TP,0.955241,0.47,0.485241,0.0,0.3457,0.0,0.2812,0.6436,1.715668,-0.057474,2.213459,0.261437,0.0,36,0.95595,0.048446
Le2i_Coffee_room_01_video (15)_w002,Le2i_Coffee_room_01_video (15),Coffee_room_01,1,FALL,TP,0.922586,0.47,0.452586,0.0,0.3568,0.0,0.3079,0.6315,1.715668,-0.051911,2.213459,0.33722,0.0,44,0.936291,0.03462
Le2i_Coffee_room_01_video (15)_w003,Le2i_Coffee_room_01_video (15),Coffee_room_01,1,FALL,TP,0.872014,0.47,0.402014,0.0,0.3536,0.0,0.3055,0.6364,0.785322,-0.0035,0.939496,0.161086,0.0,44,0.952918,0.006233
Le2i_Coffee_room_01_video (16)_w000,Le2i_Coffee_room_01_video (16),Coffee_room_01,1,NORMAL,TN,0.0,0.47,0.47,0.0,0.4349,0.0,0.3909,0.5424,0.346046,-0.001913,0.417748,0.059423,0.0,23,0.928689,0.155338
Le2i_Coffee_room_01_video (16)_w001,Le2i_Coffee_room_01_video (16),Coffee_room_01,1,FALL,TP,0.934005,0.47,0.464005,0.0,0.4028,0.0,0.3479,0.5861,0.362458,-0.028816,0.541746,0.10541,0.0,32,0.597952,0.303931
Le2i_Coffee_room_01_video (16)_w002,Le2i_Coffee_room_01_video (16),Coffee_room_01,1,FALL,TP,0.899483,0.47,0.429483,0.0,0.3684,0.0,0.2836,0.6285,0.362458,-0.021489,0.541746,0.103931,0.0,29,0.338958,0.036052
Le2i_Coffee_room_01_video (16)_w003,Le2i_Coffee_room_01_video (16),Coffee_room_01,1,FALL,TP,0.892441,0.47,0.422441,0.0,0.3645,0.0,0.2721,0.6376,0.351974,-0.000228,0.415296,0.063191,0.0,21,0.348196,0.011093
Le2i_Coffee_room_01_video (16)_w004,Le2i_Coffee_room_01_video (16),Coffee_room_01,1,FALL,TP,0.892724,0.47,0.422724,0.0,0.3664,0.0,0.2721,0.637,0.312387,-0.002774,0.385582,0.051717,0.0,16,0.345572,0.011974
Le2i_Coffee_room_01_video (16)_w005,Le2i_Coffee_room_01_video (16),Coffee_room_01,1,FALL,TP,0.882825,0.47,0.412825,0.0,0.3687,0.0,0.2727,0.6364,0.312387,-0.000573,0.377137,0.046112,0.0,14,0.344086,0.012051
Le2i_Coffee_room_01_video (17)_w000,Le2i_Coffee_room_01_video (17),Coffee_room_01,1,FALL,TP,0.963001,0.47,0.493001,0.0,0.472,0.0,0.457,0.4976,2.002782,-0.040598,2.497141,0.27325,0.0,38,0.641079,0.374103
Le2i_Coffee_room_01_video (17)_w001,Le2i_Coffee_room_01_video (17),Coffee_room_01,1,FALL,TP,0.940869,0.47,0.470869,0.0,0.4642,0.0,0.4436,0.4909,2.002782,0.003376,2.497141,0.267952,593.065,40,0.171085,0.206064
Le2i_Coffee_room_01_video (17)_w002,Le2i_Coffee_room_01_video (17),Coffee_room_01,1,NORMAL,FP,0.850933,0.47,0.380933,0.850933,0.4659,0.0,0.443,0.4848,0.9049,0.008472,0.940586,0.069654,106.8,23,0.032031,0.023778
Le2i_Coffee_room_01_video (17)_w003,Le2i_Coffee_room_01_video (17),Coffee_room_01,1,FALL,TP,0.823777,0.47,0.353777,0.0,0.4661,0.0,0.4424,0.4848,0.200058,-0.001085,0.203876,0.029541,0.0,11,0.029878,0.011145
Le2i_Coffee_room_01_video (17)_w004,Le2i_Coffee_room_01_video (17),Coffee_room_01,1,FALL,TP,0.825865,0.47,0.355865,0.0,0.4662,0.0,0.4345,0.4848,0.089596,-0.001338,0.156791,0.024299,0.0,9,0.044721,0.013117
Le2i_Coffee_room_01_video (18)_w000,Le2i_Coffee_room_01_video (18),Coffee_room_01,1,NORMAL,TN,0.0,0.47,0.47,0.0,0.3927,0.0,0.3564,0.6067,0.118871,-0.000381,0.170373,0.035015,0.0,12,0.994082,0.003256
Le2i_Coffee_room_01_video (18)_w001,Le2i_Coffee_room_01_video (18),Coffee_room_01,1,NORMAL,TN,0.0,0.47,0.47,0.0,0.4431,0.0,0.4139,0.5497,0.118871,0.001166,0.183645,0.040696,101.8916,13,0.993834,0.004254
Le2i_Coffee_room_01_video (18)_w002,Le2i_Coffee_room_01_video (18),Coffee_room_01,1,NORMAL,TN,4e-06,0.47,0.469996,0.0,0.4582,0.0,0.4382,0.5255,0.072656,0.00054,0.183645,0.033749,134.2537,8,0.994546,0.004626
Le2i_Coffee_room_01_video (18)_w003,Le2i_Coffee_room_01_video (18),Coffee_room_01,1,NORMAL,TN,7e-06,0.47,0.469993,0.0,0.4257,0.0,0.3945,0.5606,0.162536,-0.002101,0.173578,0.030483,0.0,10,0.997221,0.00129
Le2i_Coffee_room_01_video (18)_w004,Le2i_Coffee_room_01_video (18),Coffee_room_01,1,NORMAL,TN,4e-06,0.47,0.469996,0.0,0.4224,0.0,0.3879,0.5709,0.162536,-0.00089,0.217601,0.04213,0.0,15,0.998055,0.001919
Le2i_Coffee_room_01_video (18)_w005,Le2i_Coffee_room_01_video (18),Coffee_room_01,1,FALL,TP,0.924933,0.47,0.454933,0.0,0.4522,0.0,0.4279,0.5297,1.114501,-0.018504,1.137585,0.128007,0.0,28,0.783494,0.323592
Le2i_Coffee_room_01_video (18)_w006,Le2i_Coffee_room_01_video (18),Coffee_room_01,1,FALL,TP,0.920334,0.47,0.450334,0.0,0.4572,0.0,0.4236,0.5079,1.114501,-0.019623,1.137585,0.15276,0.0,35,0.352376,0.328815
Le2i_Coffee_room_01_video (18)_w007,Le2i_Coffee_room_01_video (18),Coffee_room_01,1,NORMAL,FP,0.898148,0.47,0.428148,0.898148,0.4528,0.0,0.4121,0.5103,0.55568,0.001863,0.639205,0.05941,298.1459,18,0.089373,0.073344
Le2i_Coffee_room_01_video (18)_w008,Le2i_Coffee_room_01_video (18),Coffee_room_01,1,FALL,TP,0.843819,0.47,0.373819,0.0,0.4576,0.0,0.4242,0.5048,0.088256,-0.001399,0.099492,0.022829,0.0,6,0.041344,0.014345
Le2i_Coffee_room_01_video (19)_w000,Le2i_Coffee_room_01_video (19),Coffee_room_01,1,NORMAL,TN,1.2e-05,0.47,0.469988,0.0,0.4818,0.0,0.4806,0.5073,0.065122,0.000242,0.071294,0.015445,268.2123,3,0.998479,0.00135
Le2i_Coffee_room_01_video (19)_w001,Le2i_Coffee_room_01_video (19),Coffee_room_01,1,NORMAL,TN,3e-05,0.47,0.46997,0.0,0.4734,0.0,0.4691,0.5164,0.084284,-0.002255,0.087219,0.021194,0.0,6,0.998689,0.001464
Le2i_Coffee_room_01_video (19)_w002,Le2i_Coffee_room_01_video (19),Coffee_room_01,1,FALL,FN,0.000256,0.47,0.469744,0.999744,0.4371,0.0,0.4103,0.5582,0.830387,-0.013381,1.191044,0.052381,0.0,21,0.964992,0.04493
Le2i_Coffee_room_01_video (19)_w003,Le2i_Coffee_room_01_video (19),Coffee_room_01,1,FALL,TP,0.999873,0.47,0.529873,0.0,0.3923,0.0,0.3394,0.5927,8.155409,-0.027423,18.639151,0.948323,0.0,40,0.675908,0.355388
Le2i_Coffee_room_01_video (19)_w004,Le2i_Coffee_room_01_video (19),Coffee_room_01,1,FALL,TP,0.999626,0.47,0.529626,0.0,0.4116,0.0,0.3552,0.5539,8.155409,-0.011569,18.639151,0.968899,0.0,35,0.263317,0.292441
Le2i_Coffee_room_01_video (19)_w005,Le2i_Coffee_room_01_video (19),Coffee_room_01,1,NORMAL,FP,0.846098,0.47,0.376098,0.846098,0.4396,0.0,0.3903,0.5224,0.931408,0.001493,1.211467,0.085361,623.3707,26,0.091702,0.029078
Le2i_Coffee_room_01_video (19)_w006,Le2i_Coffee_room_01_video (19),Coffee_room_01,1,FALL,TP,0.846117,0.47,0.376117,0.0,0.4352,0.0,0.3782,0.5333,0.266715,-0.00018,0.393217,0.054647,0.0,24,0.072636,0.013412
Le2i_Coffee_room_01_video (2)_w000,Le2i_Coffee_room_01_video (2),Coffee_room_01,1,NORMAL,TN,1e-06,0.47,0.469999,0.0,0.3195,0.0,0.2315,0.6533,0.175532,-0.00044,0.353562,0.02988,0.0,28,0.995177,0.006064
Le2i_Coffee_room_01_video (2)_w001,Le2i_Coffee_room_01_video (2),Coffee_room_01,1,NORMAL,TN,8e-06,0.47,0.469992,0.0,0.3922,0.0,0.3376,0.5939,0.109322,0.000994,0.115407,0.02073,109.8749,20,0.999169,0.000582
Le2i_Coffee_room_01_video (2)_w002,Le2i_Coffee_room_01_video (2),Coffee_room_01,1,NORMAL,TN,8.9e-05,0.47,0.469911,0.0,0.4162,0.0,0.3739,0.5758,0.106,0.000608,0.174845,0.019279,174.1432,10,0.999548,0.000354
Le2i_Coffee_room_01_video (2)_w003,Le2i_Coffee_room_01_video (2),Coffee_room_01,1,NORMAL,TN,0.000113,0.47,0.469887,0.0,0.4054,0.0,0.3588,0.5909,0.106,0.0016,0.174845,0.016393,66.2081,7,0.999237,0.000708
Le2i_Coffee_room_01_video (2)_w004,Le2i_Coffee_room_01_video (2),Coffee_room_01,1,NORMAL,TN,3.6e-05,0.47,0.469964,0.0,0.4284,0.0,0.397,0.563,0.06946,-0.000728,0.134652,0.018929,0.0,9,0.999178,0.000747
Le2i_Coffee_room_01_video (2)_w005,Le2i_Coffee_room_01_video (2),Coffee_room_01,1,NORMAL,TN,3e-05,0.47,0.46997,0.0,0.4584,0.0,0.4515,0.5255,0.122117,-0.001363,0.134652,0.024262,0.0,10,0.999353,0.000604
Le2i_Coffee_room_01_video (2)_w006,Le2i_Coffee_room_01_video (2),Coffee_room_01,1,NORMAL,TN,0.000668,0.47,0.469332,0.0,0.4378,0.0,0.417,0.5382,0.320798,-0.036121,1.146638,0.08059,0.0,10,0.980127,0.069481
Le2i_Coffee_room_01_video (2)_w007,Le2i_Coffee_room_01_video (2),Coffee_room_01,1,FALL,TP,0.829603,0.47,0.359603,0.0,0.4344,0.0,0.3976,0.5364,0.853919,-0.03888,1.703081,0.220053,0.0,31,0.56877,0.405196
Le2i_Coffee_room_01_video (2)_w008,Le2i_Coffee_room_01_video (2),Coffee_room_01,1,FALL,TP,0.782992,0.47,0.312992,0.0,0.4473,0.0,0.3976,0.5321,0.853919,-0.00634,1.703081,0.19701,0.0,34,0.13409,0.09236
Le2i_Coffee_room_01_video (2)_w009,Le2i_Coffee_room_01_video (2),Coffee_room_01,1,FALL,TP,0.750629,0.47,0.280629,0.0,0.4456,0.0,0.3758,0.5394,0.582927,-2.4e-05,0.942591,0.086133,0.0,23,0.099274,0.0386
Le2i_Coffee_room_01_video (2)_w010,Le2i_Coffee_room_01_video (2),Coffee_room_01,1,FALL,TP,0.76139,0.47,0.29139,0.0,0.4421,0.0,0.3685,0.5436,0.155731,-0.002864,0.583602,0.064782,0.0,21,0.119991,0.031158
Le2i_Coffee_room_01_video (20)_w000,Le2i_Coffee_room_01_video (20),Coffee_room_01,1,NORMAL,TN,0.0,0.47,0.47,0.0,0.4066,0.0,0.3642,0.5873,0.171178,-0.00038,0.217392,0.035151,0.0,9,0.989074,0.005365
Le2i_Coffee_room_01_video (20)_w001,Le2i_Coffee_room_01_video (20),Coffee_room_01,1,NORMAL,TN,0.0,0.47,0.47,0.0,0.4033,0.0,0.3552,0.5891,0.140544,-0.00019,0.217043,0.033913,0.0,7,0.990483,0.006966
Le2i_Coffee_room_01_video (20)_w002,Le2i_Coffee_room_01_video (20),Coffee_room_01,1,NORMAL,TN,0.0,0.47,0.47,0.0,0.4265,0.0,0.3818,0.5618,0.140544,-0.001569,0.217043,0.031675,0.0,7,0.995255,0.003084
Le2i_Coffee_room_01_video (20)_w003,Le2i_Coffee_room_01_video (20),Coffee_room_01,1,NORMAL,TN,0.0,0.47,0.47,0.0,0.4526,0.0,0.4055,0.52,0.081731,-0.00121,0.0936,0.017538,0.0,1,0.992167,0.002723
Le2i_Coffee_room_01_video (20)_w004,Le2i_Coffee_room_01_video (20),Coffee_room_01,1,NORMAL,TN,0.0,0.47,0.47,0.0,0.4333,0.0,0.3879,0.5309,0.041774,0.000701,0.067633,0.014863,59.5041,0,0.992788,0.003374
Le2i_Coffee_room_01_video (20)_w005,Le2i_Coffee_room_01_video (20),Coffee_room_01,1,NORMAL,TN,0.0,0.47,0.47,0.0,0.4159,0.0,0.3836,0.5473,0.041774,0.000198,0.067633,0.01279,210.0673,0,0.996471,0.002412
Le2i_Coffee_room_01_video (20)_w006,Le2i_Coffee_room_01_video (20),Coffee_room_01,1,NORMAL,TN,0.0,0.47,0.47,0.0,0.4117,0.0,0.3594,0.5485,0.060413,0.000397,0.087393,0.01332,151.9607,2,0.99625,0.001741
Le2i_Coffee_room_01_video (20)_w007,Le2i_Coffee_room_01_video (20),Coffee_room_01,1,NORMAL,TN,0.0,0.47,0.47,0.0,0.4125,0.0,0.3509,0.5606,0.359541,0.001163,0.38827,0.026993,308.7834,22,0.995051,0.002739
Le2i_Coffee_room_01_video (20)_w008,Le2i_Coffee_room_01_video (20),Coffee_room_01,1,NORMAL,TN,0.0,0.47,0.47,0.0,0.4135,0.0,0.3709,0.5848,0.359541,-0.002412,0.38827,0.036317,0.0,27,0.976383,0.02125
Le2i_Coffee_room_01_video (20)_w009,Le2i_Coffee_room_01_video (20),Coffee_room_01,1,NORMAL,TN,0.0,0.47,0.47,0.0,0.4074,0.0,0.3703,0.6018,0.063811,0.000463,0.14086,0.034565,137.588,9,0.968612,0.017934
Le2i_Coffee_room_01_video (20)_w010,Le2i_Coffee_room_01_video (20),Coffee_room_01,1,NORMAL,TN,0.0,0.47,0.47,0.0,0.4159,0.0,0.3812,0.5867,0.110285,0.002907,0.148137,0.034688,37.9219,8,0.987906,0.013444
Le2i_Coffee_room_01_video (20)_w011,Le2i_Coffee_room_01_video (20),Coffee_room_01,1,NORMAL,TN,0.0,0.47,0.47,0.0,0.4551,0.0,0.4364,0.5333,0.110285,-0.003239,0.163647,0.034208,0.0,6,0.996458,0.00277
Le2i_Coffee_room_01_video (20)_w012,Le2i_Coffee_room_01_video (20),Coffee_room_01,1,FALL,TP,0.980698,0.47,0.510698,0.0,0.4677,0.0,0.4436,0.5042,1.643606,-0.035851,1.966536,0.174828,0.0,25,0.837687,0.292673
Le2i_Coffee_room_01_video (20)_w013,Le2i_Coffee_room_01_video (20),Coffee_room_01,1,FALL,TP,0.960255,0.47,0.490255,0.0,0.4422,0.0,0.3867,0.5097,1.643606,-0.028026,1.966536,0.298041,0.0,42,0.464573,0.333239
Le2i_Coffee_room_01_video (20)_w014,Le2i_Coffee_room_01_video (20),Coffee_room_01,1,FALL,TP,0.941481,0.47,0.471481,0.0,0.4448,0.0,0.4006,0.4982,1.18505,0.002614,1.38756,0.165228,453.1357,27,0.189288,0.096742
Le2i_Coffee_room_01_video (20)_w015,Le2i_Coffee_room_01_video (20),Coffee_room_01,1,FALL,TP,0.904948,0.47,0.434948,0.0,0.4572,0.0,0.437,0.4855,0.349757,-0.001211,0.418189,0.042553,0.0,13,0.132124,0.0276
Le2i_Coffee_room_01_video (21)_w000,Le2i_Coffee_room_01_video (21),Coffee_room_01,1,NORMAL,TN,0.0,0.47,0.47,0.0,0.4096,0.0,0.3739,0.5558,0.414093,0.007818,0.52667,0.051949,52.9627,30,0.85506,0.136976
Le2i_Coffee_room_01_video (21)_w001,Le2i_Coffee_room_01_video (21),Coffee_room_01,1,NORMAL,TN,0.0,0.47,0.47,0.0,0.3944,0.0,0.3273,0.5636,0.414093,0.009152,0.52667,0.051337,45.2413,34,0.693521,0.07923
Le2i_Coffee_room_01_video (21)_w002,Le2i_Coffee_room_01_video (21),Coffee_room_01,1,FALL,TP,0.729661,0.47,0.259661,0.0,0.3977,0.0,0.3315,0.5655,5.157734,0.039191,6.362799,0.178448,131.6017,36,0.586274,0.232485
Le2i_Coffee_room_01_video (21)_w003,Le2i_Coffee_room_01_video (21),Coffee_room_01,1,FALL,TP,1.0,0.47,0.53,0.0,0.2717,0.0,0.2085,0.7206,51.018784,-0.018019,51.452213,1.672367,0.0,40,0.396086,0.312454
Le2i_Coffee_room_01_video (21)_w004,Le2i_Coffee_room_01_video (21),Coffee_room_01,1,NORMAL,FP,1.0,0.47,0.53,1.0,0.2199,0.0,0.1345,0.7952,51.018784,-0.049333,51.452213,1.581758,0.0,29,0.391371,0.220353
Le2i_Coffee_room_01_video (21)_w005,Le2i_Coffee_room_01_video (21),Coffee_room_01,1,FALL,TP,0.909167,0.47,0.439167,0.0,0.2481,0.0,0.1515,0.7685,6.418246,0.053151,8.161316,0.570097,120.7536,30,0.441191,0.165259
Le2i_Coffee_room_01_video (22)_w000,Le2i_Coffee_room_01_video (22),Coffee_room_01,1,NORMAL,TN,0.0,0.47,0.47,0.0,0.4687,0.0,0.4745,0.5152,0.099312,-0.001329,0.124672,0.021407,0.0,6,0.956519,0.015507
Le2i_Coffee_room_01_video (22)_w001,Le2i_Coffee_room_01_video (22),Coffee_room_01,1,NORMAL,TN,0.0,0.47,0.47,0.0,0.4481,0.0,0.4339,0.5236,0.369891,0.014411,0.401088,0.050512,25.6654,27,0.909334,0.081924
Le2i_Coffee_room_01_video (22)_w002,Le2i_Coffee_room_01_video (22),Coffee_room_01,1,NORMAL,TN,0.0,0.47,0.47,0.0,0.4268,0.0,0.3903,0.5394,0.369891,0.018486,0.401088,0.065041,20.0079,39,0.877344,0.073304
Le2i_Coffee_room_01_video (22)_w003,Le2i_Coffee_room_01_video (22),Coffee_room_01,1,NORMAL,TN,5e-05,0.47,0.46995,0.0,0.4429,0.0,0.4073,0.5315,0.247117,-0.002897,0.372183,0.057898,0.0,27,0.911082,0.04688
Le2i_Coffee_room_01_video (22)_w004,Le2i_Coffee_room_01_video (22),Coffee_room_01,1,FALL,TP,0.829395,0.47,0.359395,0.0,0.4526,0.0,0.4097,0.5158,0.595362,-0.029886,1.052488,0.166884,0.0,35,0.723661,0.241482
Le2i_Coffee_room_01_video (22)_w005,Le2i_Coffee_room_01_video (22),Coffee_room_01,1,FALL,TP,0.755302,0.47,0.285302,0.0,0.418,0.0,0.3655,0.5624,0.595362,-0.027251,1.052488,0.175341,0.0,41,0.534228,0.132632
Le2i_Coffee_room_01_video (22)_w006,Le2i_Coffee_room_01_video (22),Coffee_room_01,1,FALL,TP,0.715699,0.47,0.245699,0.0,0.3924,0.0,0.3515,0.6121,0.228889,-0.006163,0.393193,0.07644,0.0,30,0.54691,0.031737
Le2i_Coffee_room_01_video (22)_w007,Le2i_Coffee_room_01_video (22),Coffee_room_01,1,FALL,TP,0.730297,0.47,0.260297,0.0,0.3858,0.0,0.3382,0.617,0.38044,-0.001538,0.477029,0.079411,0.0,31,0.558487,0.022887
Le2i_Coffee_room_01_video (23)_w000,Le2i_Coffee_room_01_video (23),Coffee_room_01,1,NORMAL,TN,4.7e-05,0.47,0.469953,0.0,0.48,0.0,0.4848,0.4848,0.166771,-0.00026,0.17408,0.02257,0.0,9,0.998183,0.000409
Le2i_Coffee_room_01_video (23)_w001,Le2i_Coffee_room_01_video (23),Coffee_room_01,1,NORMAL,TN,5.2e-05,0.47,0.469948,0.0,0.4777,0.0,0.4848,0.4952,0.394479,-0.000161,0.395487,0.036176,0.0,23,0.998285,0.000575
Le2i_Coffee_room_01_video (23)_w002,Le2i_Coffee_room_01_video (23),Coffee_room_01,1,NORMAL,TN,7.3e-05,0.47,0.469927,0.0,0.4807,0.0,0.4848,0.5018,0.394479,0.000994,0.395487,0.045407,396.3187,29,0.997851,0.001665
Le2i_Coffee_room_01_video (23)_w003,Le2i_Coffee_room_01_video (23),Coffee_room_01,1,NORMAL,TN,7e-06,0.47,0.469993,0.0,0.4758,0.0,0.4545,0.503,0.62078,-0.009717,1.074181,0.15032,0.0,33,0.955963,0.059216
Le2i_Coffee_room_01_video (23)_w004,Le2i_Coffee_room_01_video (23),Coffee_room_01,1,NORMAL,TN,2e-06,0.47,0.469998,0.0,0.4746,0.0,0.4376,0.4988,0.62078,0.021201,1.074181,0.198554,29.2797,44,0.945922,0.056151
Le2i_Coffee_room_01_video (23)_w005,Le2i_Coffee_room_01_video (23),Coffee_room_01,1,NORMAL,TN,1.5e-05,0.47,0.469985,0.0,0.485,0.0,0.4679,0.4909,0.508014,0.032228,0.813112,0.077091,15.7624,20,0.988227,0.022339
Le2i_Coffee_room_01_video (23)_w006,Le2i_Coffee_room_01_video (23),Coffee_room_01,1,NORMAL,TN,0.000263,0.47,0.469737,0.0,0.4844,0.0,0.4842,0.5036,0.085333,-0.001564,0.136348,0.022816,0.0,3,0.996745,0.004942
Le2i_Coffee_room_01_video (23)_w007,Le2i_Coffee_room_01_video (23),Coffee_room_01,1,FALL,TP,0.98024,0.47,0.51024,0.0,0.444,0.0,0.4224,0.5491,2.725357,-0.036755,8.511423,0.386826,0.0,27,0.677693,0.372693
Le2i_Coffee_room_01_video (23)_w008,Le2i_Coffee_room_01_video (23),Coffee_room_01,1,FALL,TP,0.979613,0.47,0.509613,0.0,0.3805,0.0,0.3012,0.6012,6.652609,-0.12458,12.269739,0.770735,0.0,47,0.251716,0.244714
Le2i_Coffee_room_01_video (23)_w009,Le2i_Coffee_room_01_video (23),Coffee_room_01,1,FALL,TP,1.0,0.47,0.53,0.0,0.1946,0.0,0.1285,0.7927,124.797073,0.060046,125.898598,3.26948,2078.3088,29,0.08559,0.122326
Le2i_Coffee_room_01_video (23)_w010,Le2i_Coffee_room_01_video (23),Coffee_room_01,1,FALL,TP,1.0,0.47,0.53,0.0,0.0173,0.0,0.0079,0.983,124.797073,0.056665,125.898598,2.740117,2202.3368,5,0.014305,0.049487
Le2i_Coffee_room_01_video (24)_w000,Le2i_Coffee_room_01_video (24),Coffee_room_01,1,NORMAL,TN,4e-06,0.47,0.469996,0.0,0.4848,0.0,0.4848,0.4848,0.28531,0.001119,0.299518,0.045338,254.7454,29,0.999824,0.000216
Le2i_Coffee_room_01_video (24)_w001,Le2i_Coffee_room_01_video (24),Coffee_room_01,1,NORMAL,TN,6e-06,0.47,0.469994,0.0,0.4817,0.0,0.4848,0.4891,0.28531,0.00489,0.299518,0.050239,58.3383,33,0.999573,0.000439
Le2i_Coffee_room_01_video (24)_w002,Le2i_Coffee_room_01_video (24),Coffee_room_01,1,NORMAL,TN,8e-06,0.47,0.469992,0.0,0.4818,0.0,0.4848,0.4964,0.154243,0.001545,0.262593,0.041864,99.7947,28,0.999343,0.000457
Le2i_Coffee_room_01_video (24)_w003,Le2i_Coffee_room_01_video (24),Coffee_room_01,1,NORMAL,TN,2.9e-05,0.47,0.469971,0.0,0.4875,0.0,0.4848,0.4921,0.293911,-0.006688,0.506285,0.048917,0.0,28,0.996462,0.004942
Le2i_Coffee_room_01_video (24)_w004,Le2i_Coffee_room_01_video (24),Coffee_room_01,1,NORMAL,TN,9.6e-05,0.47,0.469904,0.0,0.4897,0.0,0.4848,0.4867,0.827559,0.020384,1.089641,0.086887,40.5971,31,0.993994,0.004845
Le2i_Coffee_room_01_video (24)_w005,Le2i_Coffee_room_01_video (24),Coffee_room_01,1,NORMAL,TN,0.000619,0.47,0.469381,0.0,0.4794,0.0,0.4685,0.5018,0.827559,0.028338,1.089641,0.059772,29.2022,19,0.996593,0.003535
Le2i_Coffee_room_01_video (24)_w006,Le2i_Coffee_room_01_video (24),Coffee_room_01,1,NORMAL,TN,0.000415,0.47,0.469585,0.0,0.4712,0.0,0.4582,0.5152,0.153247,-0.000873,0.168058,0.026181,0.0,11,0.99555,0.004876
Le2i_Coffee_room_01_video (24)_w007,Le2i_Coffee_room_01_video (24),Coffee_room_01,1,FALL,TP,0.639601,0.47,0.169601,0.0,0.4477,0.0,0.4194,0.537,1.9551,-0.0265,2.41273,0.187864,0.0,29,0.764921,0.301106
Le2i_Coffee_room_01_video (24)_w008,Le2i_Coffee_room_01_video (24),Coffee_room_01,1,FALL,TP,0.782298,0.47,0.312298,0.0,0.39,0.0,0.3321,0.5982,1.9551,-0.030079,2.41273,0.259531,0.0,42,0.468443,0.215002
Le2i_Coffee_room_01_video (25)_w000,Le2i_Coffee_room_01_video (25),Coffee_room_01,1,NORMAL,TN,0.0,0.47,0.47,0.0,0.4233,0.0,0.3945,0.5473,0.6074,0.003863,0.869252,0.05849,157.1794,30,0.937093,0.086967
Le2i_Coffee_room_01_video (25)_w001,Le2i_Coffee_room_01_video (25),Coffee_room_01,1,NORMAL,TN,0.0,0.47,0.47,0.0,0.437,0.0,0.4194,0.5467,0.6074,0.017009,0.869252,0.081971,35.7089,35,0.899614,0.120709
Le2i_Coffee_room_01_video (25)_w002,Le2i_Coffee_room_01_video (25),Coffee_room_01,1,NORMAL,TN,3.5e-05,0.47,0.469965,0.0,0.4382,0.0,0.4091,0.5461,0.359374,0.014151,0.379302,0.051959,25.3938,16,0.943638,0.104849
Le2i_Coffee_room_01_video (25)_w003,Le2i_Coffee_room_01_video (25),Coffee_room_01,1,NORMAL,TN,0.000318,0.47,0.469682,0.0,0.419,0.0,0.3655,0.5576,0.109748,-0.000184,0.467238,0.028221,0.0,7,0.998856,0.00165
Le2i_Coffee_room_01_video (25)_w004,Le2i_Coffee_room_01_video (25),Coffee_room_01,1,FALL,TP,0.999989,0.47,0.529989,0.0,0.3999,0.0,0.3418,0.5788,22.372532,-0.063682,41.586807,0.983491,0.0,23,0.91388,0.223093
Le2i_Coffee_room_01_video (25)_w005,Le2i_Coffee_room_01_video (25),Coffee_room_01,1,FALL,TP,1.0,0.47,0.53,0.0,0.4092,0.0,0.3497,0.563,22.372532,-0.04514,41.586807,1.250897,0.0,43,0.783254,0.219763
Le2i_Coffee_room_01_video (25)_w006,Le2i_Coffee_room_01_video (25),Coffee_room_01,1,FALL,TP,0.943711,0.47,0.473711,0.0,0.3881,0.0,0.3012,0.58,1.549261,0.022596,1.935967,0.400705,68.559,48,0.719684,0.0764
Le2i_Coffee_room_01_video (25)_w007,Le2i_Coffee_room_01_video (25),Coffee_room_01,1,NORMAL,FP,0.817692,0.47,0.347692,0.817692,0.3669,0.0,0.2533,0.5879,1.058513,0.024474,1.375674,0.181116,43.2487,42,0.741846,0.060263
Le2i_Coffee_room_01_video (25)_w008,Le2i_Coffee_room_01_video (25),Coffee_room_01,1,FALL,TP,0.78833,0.47,0.31833,0.0,0.3849,0.0,0.2667,0.5539,0.342491,-0.000187,0.497355,0.067415,0.0,33,0.77683,0.010169
Le2i_Coffee_room_01_video (27)_w000,Le2i_Coffee_room_01_video (27),Coffee_room_01,1,NORMAL,TN,0.0,0.47,0.47,0.0,0.4301,0.0,0.4273,0.5455,0.381211,-0.00184,0.427951,0.028484,0.0,17,0.896629,0.023842
Le2i_Coffee_room_01_video (27)_w001,Le2i_Coffee_room_01_video (27),Coffee_room_01,1,NORMAL,TN,0.0,0.47,0.47,0.0,0.4081,0.0,0.3873,0.5673,0.871598,0.016214,0.897728,0.060102,53.7535,37,0.919833,0.044066
Le2i_Coffee_room_01_video (27)_w002,Le2i_Coffee_room_01_video (27),Coffee_room_01,1,NORMAL,TN,0.0,0.47,0.47,0.0,0.3921,0.0,0.3436,0.5982,0.871598,0.01973,0.897728,0.054376,44.1737,28,0.955384,0.051754
Le2i_Coffee_room_01_video (27)_w003,Le2i_Coffee_room_01_video (27),Coffee_room_01,1,NORMAL,TN,3e-06,0.47,0.469997,0.0,0.4079,0.0,0.3582,0.5842,0.122779,0.003301,0.351561,0.030694,37.1887,11,0.982711,0.023611
Le2i_Coffee_room_01_video (27)_w004,Le2i_Coffee_room_01_video (27),Coffee_room_01,1,NORMAL,TN,0.00092,0.47,0.46908,0.0,0.4297,0.0,0.3958,0.5533,0.224777,-0.000647,0.351561,0.041158,0.0,23,0.874214,0.139595
Le2i_Coffee_room_01_video (27)_w005,Le2i_Coffee_room_01_video (27),Coffee_room_01,1,FALL,TP,0.831553,0.47,0.361553,0.0,0.4415,0.0,0.4182,0.5358,0.652946,-0.021232,2.312973,0.146622,0.0,38,0.540456,0.264099
Le2i_Coffee_room_01_video (27)_w006,Le2i_Coffee_room_01_video (27),Coffee_room_01,1,FALL,TP,0.982892,0.47,0.512892,0.0,0.4554,0.0,0.4273,0.5139,5.502218,-0.028188,9.518868,0.759192,0.0,42,0.297954,0.117836
Le2i_Coffee_room_01_video (27)_w007,Le2i_Coffee_room_01_video (27),Coffee_room_01,1,FALL,TP,0.975299,0.47,0.505299,0.0,0.4713,0.0,0.443,0.4933,5.502218,0.05716,7.425817,0.570145,96.2578,30,0.261146,0.05613
Le2i_Coffee_room_01_video (27)_w008,Le2i_Coffee_room_01_video (27),Coffee_room_01,1,FALL,TP,0.843466,0.47,0.373466,0.0,0.4783,0.0,0.4545,0.4848,0.208916,0.000851,0.39296,0.054185,245.2276,19,0.252132,0.025956
Le2i_Coffee_room_01_video (28)_w000,Le2i_Coffee_room_01_video (28),Coffee_room_01,1,NORMAL,TN,0.0,0.47,0.47,0.0,0.4746,0.0,0.4727,0.503,0.389536,0.011679,0.749798,0.110321,33.3496,31,0.991774,0.010427
Le2i_Coffee_room_01_video (28)_w001,Le2i_Coffee_room_01_video (28),Coffee_room_01,1,FALL,FN,0.159053,0.47,0.310947,0.840947,0.4234,0.0,0.4006,0.5618,5.316259,-0.030703,11.379466,0.447124,0.0,42,0.774036,0.303794
Le2i_Coffee_room_01_video (28)_w002,Le2i_Coffee_room_01_video (28),Coffee_room_01,1,FALL,TP,0.997209,0.47,0.527209,0.0,0.3752,0.0,0.3164,0.6024,10.827383,-0.061107,14.633012,1.209573,0.0,42,0.418097,0.287728
Le2i_Coffee_room_01_video (28)_w003,Le2i_Coffee_room_01_video (28),Coffee_room_01,1,FALL,TP,0.96666,0.47,0.49666,0.0,0.3507,0.0,0.2697,0.6067,17.003065,-0.083749,29.1394,2.092523,0.0,40,0.36417,0.260642
Le2i_Coffee_room_01_video (28)_w004,Le2i_Coffee_room_01_video (28),Coffee_room_01,1,FALL,TP,0.962339,0.47,0.492339,0.0,0.3772,0.0,0.3073,0.5673,17.003065,-0.056655,29.1394,1.766132,0.0,39,0.603887,0.267331
Le2i_Coffee_room_01_video (28)_w005,Le2i_Coffee_room_01_video (28),Coffee_room_01,1,FALL,TP,0.93519,0.47,0.46519,0.0,0.4079,0.0,0.3448,0.5345,22.17985,0.162961,28.858545,1.768402,136.1046,36,0.73755,0.169328
Le2i_Coffee_room_01_video (29)_w000,Le2i_Coffee_room_01_video (29),Coffee_room_01,1,NORMAL,TN,0.0,0.47,0.47,0.0,0.2549,0.0,0.1727,0.7467,0.276818,0.008775,0.284557,0.043908,31.5433,25,0.996652,0.001801
Le2i_Coffee_room_01_video (29)_w001,Le2i_Coffee_room_01_video (29),Coffee_room_01,1,NORMAL,TN,0.000181,0.47,0.469819,0.0,0.3446,0.0,0.2745,0.6545,0.164097,-9e-05,0.220043,0.03789,0.0,17,0.995107,0.002505
Le2i_Coffee_room_01_video (29)_w002,Le2i_Coffee_room_01_video (29),Coffee_room_01,1,NORMAL,TN,7e-06,0.47,0.469993,0.0,0.3978,0.0,0.3521,0.5939,0.127357,-0.000398,0.156003,0.031231,0.0,14,0.995694,0.002896
Le2i_Coffee_room_01_video (29)_w003,Le2i_Coffee_room_01_video (29),Coffee_room_01,1,NORMAL,TN,0.0,0.47,0.47,0.0,0.4059,0.0,0.3697,0.583,0.116204,-0.000893,0.132059,0.03086,0.0,13,0.997918,0.001969
Le2i_Coffee_room_01_video (29)_w004,Le2i_Coffee_room_01_video (29),Coffee_room_01,1,NORMAL,TN,0.0,0.47,0.47,0.0,0.4014,0.0,0.3624,0.5921,0.108985,0.000629,0.405521,0.029334,172.9863,7,0.995798,0.003241
Le2i_Coffee_room_01_video (29)_w005,Le2i_Coffee_room_01_video (29),Coffee_room_01,1,NORMAL,TN,0.0,0.47,0.47,0.0,0.3945,0.0,0.3461,0.6103,0.100558,0.000332,0.405521,0.022336,301.7978,7,0.994349,0.002282
Le2i_Coffee_room_01_video (29)_w006,Le2i_Coffee_room_01_video (29),Coffee_room_01,1,NORMAL,TN,0.0,0.47,0.47,0.0,0.397,0.0,0.3376,0.5988,0.400234,0.000144,0.502244,0.022445,2767.4047,9,0.98582,0.015323
Le2i_Coffee_room_01_video (29)_w007,Le2i_Coffee_room_01_video (29),Coffee_room_01,1,NORMAL,TN,0.0,0.47,0.47,0.0,0.4058,0.0,0.3352,0.5612,0.449563,0.000173,0.605143,0.03003,2577.6911,10,0.96497,0.021348
Le2i_Coffee_room_01_video (29)_w008,Le2i_Coffee_room_01_video (29),Coffee_room_01,1,NORMAL,TN,0.0,0.47,0.47,0.0,0.4,0.0,0.3376,0.5764,0.449563,0.000755,0.605143,0.0279,594.96,19,0.973481,0.024092
Le2i_Coffee_room_01_video (29)_w009,Le2i_Coffee_room_01_video (29),Coffee_room_01,1,NORMAL,TN,0.0,0.47,0.47,0.0,0.4319,0.0,0.4018,0.5527,0.188172,-0.000313,0.21043,0.027382,0.0,17,0.99507,0.002756
Le2i_Coffee_room_01_video (29)_w010,Le2i_Coffee_room_01_video (29),Coffee_room_01,1,NORMAL,TN,1e-06,0.47,0.469999,0.0,0.4796,0.0,0.4679,0.4945,0.15398,-0.014796,0.535517,0.040819,0.0,8,0.996236,0.001892
Le2i_Coffee_room_01_video (29)_w011,Le2i_Coffee_room_01_video (29),Coffee_room_01,1,FALL,TP,1.0,0.47,0.53,0.0,0.4235,0.0,0.3782,0.5461,21.144926,-1.748817,162.010452,2.793177,0.0,29,0.949052,0.095064
Le2i_Coffee_room_01_video (3)_w000,Le2i_Coffee_room_01_video (3),Coffee_room_01,1,NORMAL,FP,0.982514,0.47,0.512514,0.982514,0.2174,0.0,0.1515,0.7861,6.65783,-0.030041,21.587132,0.460683,0.0,37,0.896458,0.270327
Le2i_Coffee_room_01_video (3)_w001,Le2i_Coffee_room_01_video (3),Coffee_room_01,1,NORMAL,TN,0.000263,0.47,0.469737,0.0,0.3638,0.0,0.3103,0.6273,0.193226,0.00294,0.195304,0.032029,65.6957,26,0.999326,0.000939
Le2i_Coffee_room_01_video (3)_w002,Le2i_Coffee_room_01_video (3),Coffee_room_01,1,NORMAL,TN,6.2e-05,0.47,0.469938,0.0,0.4142,0.0,0.3861,0.5776,0.150648,-0.000347,0.151089,0.024327,0.0,18,0.999763,0.000234
Le2i_Coffee_room_01_video (3)_w003,Le2i_Coffee_room_01_video (3),Coffee_room_01,1,NORMAL,TN,7.8e-05,0.47,0.469922,0.0,0.4182,0.0,0.3848,0.5758,0.150648,0.002187,0.151089,0.020451,68.8609,10,0.998982,0.001145
Le2i_Coffee_room_01_video (3)_w004,Le2i_Coffee_room_01_video (3),Coffee_room_01,1,NORMAL,TN,3.8e-05,0.47,0.469962,0.0,0.429,0.0,0.3933,0.5491,0.167424,0.000809,0.365561,0.018311,206.5929,9,0.99872,0.001071
Le2i_Coffee_room_01_video (3)_w005,Le2i_Coffee_room_01_video (3),Coffee_room_01,1,NORMAL,TN,2e-05,0.47,0.46998,0.0,0.4547,0.0,0.4376,0.5176,0.167424,-0.001401,0.365561,0.017066,0.0,10,0.998982,0.000791
Le2i_Coffee_room_01_video (3)_w006,Le2i_Coffee_room_01_video (3),Coffee_room_01,1,NORMAL,TN,4.1e-05,0.47,0.469959,0.0,0.4627,0.0,0.4539,0.5218,0.072986,-0.000441,0.135087,0.02012,0.0,9,0.998934,0.0011
Le2i_Coffee_room_01_video (3)_w007,Le2i_Coffee_room_01_video (3),Coffee_room_01,1,NORMAL,TN,0.000157,0.47,0.469843,0.0,0.4205,0.0,0.3806,0.557,0.111786,-0.005955,0.235942,0.030886,0.0,14,0.998253,0.001559
Le2i_Coffee_room_01_video (3)_w008,Le2i_Coffee_room_01_video (3),Coffee_room_01,1,FALL,TP,0.839544,0.47,0.369544,0.0,0.4185,0.0,0.383,0.5533,0.577065,-0.05546,1.743721,0.179009,0.0,30,0.77959,0.328491
Le2i_Coffee_room_01_video (3)_w009,Le2i_Coffee_room_01_video (3),Coffee_room_01,1,FALL,TP,0.827464,0.47,0.357464,0.0,0.4507,0.0,0.423,0.523,2.549135,-0.045633,4.508568,0.43735,0.0,41,0.38525,0.307371
Le2i_Coffee_room_01_video (3)_w010,Le2i_Coffee_room_01_video (3),Coffee_room_01,1,FALL,TP,0.778479,0.47,0.308479,0.0,0.4578,0.0,0.4152,0.5176,2.549135,-0.005396,4.508568,0.315356,0.0,30,0.229323,0.060222
Le2i_Coffee_room_01_video (30)_w000,Le2i_Coffee_room_01_video (30),Coffee_room_01,1,NORMAL,TN,0.0,0.47,0.47,0.0,0.2562,0.0,0.16,0.743,0.498618,0.009061,0.499403,0.03484,55.0241,23,0.999339,0.000817
Le2i_Coffee_room_01_video (30)_w001,Le2i_Coffee_room_01_video (30),Coffee_room_01,1,NORMAL,TN,0.0,0.47,0.47,0.0,0.3326,0.0,0.2685,0.6588,0.122694,-6.1e-05,0.176111,0.034673,0.0,18,0.99948,0.000543
Le2i_Coffee_room_01_video (30)_w002,Le2i_Coffee_room_01_video (30),Coffee_room_01,1,FALL,TP,0.822818,0.47,0.352818,0.0,0.3743,0.0,0.3145,0.6097,0.953698,-0.038236,1.254104,0.12404,0.0,24,0.956904,0.068336
Le2i_Coffee_room_01_video (30)_w003,Le2i_Coffee_room_01_video (30),Coffee_room_01,1,FALL,TP,0.786939,0.47,0.316939,0.0,0.377,0.0,0.2976,0.5994,0.953698,-0.034476,1.254104,0.136024,0.0,30,0.872833,0.067939
Le2i_Coffee_room_01_video (31)_w000,Le2i_Coffee_room_01_video (31),Coffee_room_01,1,NORMAL,TN,0.0,0.47,0.47,0.0,0.4248,0.0,0.3818,0.5412,0.136157,0.008857,0.193345,0.045815,15.3707,30,0.887683,0.10041
Le2i_Coffee_room_01_video (31)_w001,Le2i_Coffee_room_01_video (31),Coffee_room_01,1,NORMAL,TN,0.0,0.47,0.47,0.0,0.439,0.0,0.4048,0.5339,0.136157,0.010232,0.198857,0.044125,13.3055,32,0.877322,0.090635
Le2i_Coffee_room_01_video (31)_w002,Le2i_Coffee_room_01_video (31),Coffee_room_01,1,NORMAL,TN,1e-06,0.47,0.469999,0.0,0.4631,0.0,0.4485,0.5188,0.120903,0.004003,0.199815,0.033263,30.192,18,0.975688,0.026587
Le2i_Coffee_room_01_video (31)_w003,Le2i_Coffee_room_01_video (31),Coffee_room_01,1,NORMAL,TN,9.1e-05,0.47,0.469909,0.0,0.4655,0.0,0.4533,0.5188,0.120903,0.003205,0.199815,0.023979,37.7065,10,0.9923,0.004421
Le2i_Coffee_room_01_video (31)_w004,Le2i_Coffee_room_01_video (31),Coffee_room_01,1,NORMAL,TN,0.00033,0.47,0.46967,0.0,0.4515,0.0,0.4358,0.5321,0.131012,-0.00036,0.131496,0.024758,0.0,10,0.965132,0.033192
Le2i_Coffee_room_01_video (31)_w005,Le2i_Coffee_room_01_video (31),Coffee_room_01,1,FALL,TP,0.962736,0.47,0.492736,0.0,0.3934,0.0,0.3503,0.5958,3.065771,-0.063481,4.754499,0.366754,0.0,28,0.874546,0.104452
Le2i_Coffee_room_01_video (31)_w006,Le2i_Coffee_room_01_video (31),Coffee_room_01,1,FALL,TP,0.950671,0.47,0.480671,0.0,0.3233,0.0,0.2333,0.6527,3.065771,-0.050281,4.754499,0.442728,0.0,43,0.904932,0.123828
Le2i_Coffee_room_01_video (31)_w007,Le2i_Coffee_room_01_video (31),Coffee_room_01,1,NORMAL,FP,0.829364,0.47,0.359364,0.829364,0.2977,0.0,0.1824,0.6552,0.555745,0.005601,0.792273,0.142341,99.2089,43,0.999079,0.001589
Le2i_Coffee_room_01_video (31)_w008,Le2i_Coffee_room_01_video (31),Coffee_room_01,1,FALL,TP,0.828193,0.47,0.358193,0.0,0.298,0.0,0.1818,0.6606,0.382767,0.001611,0.792273,0.095454,237.3924,42,0.999414,0.000561
Le2i_Coffee_room_01_video (32)_w000,Le2i_Coffee_room_01_video (32),Coffee_room_01,1,NORMAL,TN,0.0,0.47,0.47,0.0,0.4763,0.0,0.4703,0.5121,0.344075,0.013368,0.571313,0.079545,25.736,24,0.9755,0.022213
Le2i_Coffee_room_01_video (32)_w001,Le2i_Coffee_room_01_video (32),Coffee_room_01,1,NORMAL,TN,0.0,0.47,0.47,0.0,0.48,0.0,0.4679,0.4994,0.344075,0.02223,0.571313,0.096628,15.4775,34,0.978027,0.023488
Le2i_Coffee_room_01_video (32)_w002,Le2i_Coffee_room_01_video (32),Coffee_room_01,1,NORMAL,TN,1e-06,0.47,0.469999,0.0,0.4832,0.0,0.4752,0.4976,0.223752,0.008185,0.458636,0.038813,27.3349,13,0.993669,0.004629
Le2i_Coffee_room_01_video (32)_w003,Le2i_Coffee_room_01_video (32),Coffee_room_01,1,NORMAL,TN,4e-06,0.47,0.469996,0.0,0.453,0.0,0.4333,0.5303,0.136673,0.000127,0.626783,0.040042,1063.6703,18,0.989961,0.00758
Le2i_Coffee_room_01_video (32)_w004,Le2i_Coffee_room_01_video (32),Coffee_room_01,1,NORMAL,TN,0.0,0.47,0.47,0.0,0.3644,0.0,0.2958,0.6206,0.409423,-0.000365,0.626783,0.051052,0.0,26,0.98815,0.006327
Le2i_Coffee_room_01_video (32)_w005,Le2i_Coffee_room_01_video (32),Coffee_room_01,1,NORMAL,TN,0.0,0.47,0.47,0.0,0.3317,0.0,0.257,0.6545,0.409423,-0.000722,0.414926,0.046318,0.0,18,0.994225,0.003233
Le2i_Coffee_room_01_video (32)_w006,Le2i_Coffee_room_01_video (32),Coffee_room_01,1,NORMAL,TN,0.0,0.47,0.47,0.0,0.4092,0.0,0.3776,0.5752,0.242217,-0.00327,0.36046,0.058254,0.0,23,0.996481,0.002111
Le2i_Coffee_room_01_video (32)_w007,Le2i_Coffee_room_01_video (32),Coffee_room_01,1,FALL,TP,0.892517,0.47,0.422517,0.0,0.4479,0.0,0.4261,0.5339,0.591991,-0.018609,0.725489,0.131969,0.0,38,0.739088,0.374488
Le2i_Coffee_room_01_video (32)_w008,Le2i_Coffee_room_01_video (32),Coffee_room_01,1,FALL,TP,0.8732,0.47,0.4032,0.0,0.4434,0.0,0.4036,0.5255,0.354458,-0.013852,0.725489,0.116962,0.0,35,0.273179,0.342814
Le2i_Coffee_room_01_video (32)_w009,Le2i_Coffee_room_01_video (32),Coffee_room_01,1,NORMAL,FP,0.848083,0.47,0.378083,0.848083,0.4472,0.0,0.4012,0.5121,0.125629,-0.004001,0.305581,0.034798,0.0,15,0.05924,0.02292
Le2i_Coffee_room_01_video (32)_w010,Le2i_Coffee_room_01_video (32),Coffee_room_01,1,FALL,TP,0.837854,0.47,0.367854,0.0,0.4475,0.0,0.3988,0.5121,0.141578,-0.001437,0.164781,0.027,0.0,8,0.055219,0.014527
Le2i_Coffee_room_01_video (33)_w000,Le2i_Coffee_room_01_video (33),Coffee_room_01,1,NORMAL,TN,0.0,0.47,0.47,0.0,0.2997,0.0,0.2194,0.7164,0.116527,-0.000156,0.259027,0.034815,0.0,15,0.998607,0.001265
Le2i_Coffee_room_01_video (33)_w001,Le2i_Coffee_room_01_video (33),Coffee_room_01,1,NORMAL,TN,3e-06,0.47,0.469997,0.0,0.3567,0.0,0.2927,0.6418,0.159857,-0.001082,0.185712,0.035238,0.0,18,0.998707,0.00078
Le2i_Coffee_room_01_video (33)_w002,Le2i_Coffee_room_01_video (33),Coffee_room_01,1,FALL,FN,0.303168,0.47,0.166832,0.696832,0.3879,0.0,0.3503,0.5982,1.341979,-0.031702,1.53077,0.078885,0.0,21,0.965441,0.068742
Le2i_Coffee_room_01_video (33)_w003,Le2i_Coffee_room_01_video (33),Coffee_room_01,1,FALL,TP,0.945951,0.47,0.475951,0.0,0.3469,0.0,0.2733,0.6527,1.341979,-0.03238,1.80196,0.188198,0.0,36,0.74565,0.204801
Le2i_Coffee_room_01_video (33)_w004,Le2i_Coffee_room_01_video (33),Coffee_room_01,1,FALL,TP,0.916382,0.47,0.446382,0.0,0.3371,0.0,0.2212,0.6545,0.636252,-0.000528,1.80196,0.163347,0.0,43,0.607117,0.077576
Le2i_Coffee_room_01_video (33)_w005,Le2i_Coffee_room_01_video (33),Coffee_room_01,1,FALL,TP,0.853403,0.47,0.383403,0.0,0.3566,0.0,0.2412,0.6285,0.455915,-0.003,0.556525,0.077912,0.0,35,0.659407,0.016692
Le2i_Coffee_room_01_video (33)_w006,Le2i_Coffee_room_01_video (33),Coffee_room_01,1,FALL,TP,0.859882,0.47,0.389882,0.0,0.345,0.0,0.2309,0.6552,0.434623,-0.000431,0.510489,0.079838,0.0,32,0.660539,0.014077
Le2i_Coffee_room_01_video (33)_w007,Le2i_Coffee_room_01_video (33),Coffee_room_01,1,FALL,TP,0.856769,0.47,0.386769,0.0,0.3398,0.0,0.2206,0.6636,0.434623,0.00049,0.510489,0.077832,885.6188,29,0.66371,0.015279
Le2i_Coffee_room_01_video (34)_w000,Le2i_Coffee_room_01_video (34),Coffee_room_01,1,NORMAL,TN,0.0,0.47,0.47,0.0,0.4384,0.0,0.4176,0.5382,0.372737,0.007102,0.515558,0.066095,52.4753,35,0.934107,0.073126
Le2i_Coffee_room_01_video (34)_w001,Le2i_Coffee_room_01_video (34),Coffee_room_01,1,NORMAL,TN,0.0,0.47,0.47,0.0,0.4257,0.0,0.3836,0.5455,0.22683,0.004301,0.350056,0.062,52.7268,28,0.878926,0.049894
Le2i_Coffee_room_01_video (34)_w002,Le2i_Coffee_room_01_video (34),Coffee_room_01,1,NORMAL,TN,0.0,0.47,0.47,0.0,0.4258,0.0,0.3891,0.5455,0.125747,0.000232,0.265747,0.052288,538.9428,24,0.910315,0.039937
Le2i_Coffee_room_01_video (34)_w003,Le2i_Coffee_room_01_video (34),Coffee_room_01,1,NORMAL,TN,0.0,0.47,0.47,0.0,0.4304,0.0,0.3952,0.5455,0.178515,0.000906,0.241828,0.039653,196.7173,16,0.919168,0.019468
Le2i_Coffee_room_01_video (34)_w004,Le2i_Coffee_room_01_video (34),Coffee_room_01,1,NORMAL,TN,0.0,0.47,0.47,0.0,0.4369,0.0,0.3988,0.5455,0.178515,-0.004601,0.390694,0.036524,0.0,7,0.905955,0.017104
Le2i_Coffee_room_01_video (34)_w005,Le2i_Coffee_room_01_video (34),Coffee_room_01,1,NORMAL,TN,0.0,0.47,0.47,0.0,0.4553,0.0,0.4339,0.5291,0.200814,-0.004126,0.494699,0.064205,0.0,20,0.946735,0.041421
Le2i_Coffee_room_01_video (34)_w006,Le2i_Coffee_room_01_video (34),Coffee_room_01,1,NORMAL,TN,0.0,0.47,0.47,0.0,0.4662,0.0,0.4606,0.5176,0.441117,-0.001552,0.494699,0.072342,0.0,30,0.987944,0.00977
Le2i_Coffee_room_01_video (34)_w007,Le2i_Coffee_room_01_video (34),Coffee_room_01,1,NORMAL,TN,0.0,0.47,0.47,0.0,0.447,0.0,0.437,0.5339,0.441117,0.000689,0.453489,0.056121,639.1879,22,0.978688,0.013775
Le2i_Coffee_room_01_video (34)_w008,Le2i_Coffee_room_01_video (34),Coffee_room_01,1,NORMAL,TN,0.0,0.47,0.47,0.0,0.4491,0.0,0.437,0.5327,0.116169,-0.009335,0.678357,0.057042,0.0,16,0.979826,0.015438
Le2i_Coffee_room_01_video (34)_w009,Le2i_Coffee_room_01_video (34),Coffee_room_01,1,NORMAL,TN,0.0,0.47,0.47,0.0,0.464,0.0,0.4533,0.5176,0.383515,0.01553,0.739071,0.101085,24.6938,32,0.974488,0.028012
Le2i_Coffee_room_01_video (34)_w010,Le2i_Coffee_room_01_video (34),Coffee_room_01,1,NORMAL,TN,0.0,0.47,0.47,0.0,0.4771,0.0,0.4697,0.5,0.383515,0.030574,0.739071,0.098916,12.5434,36,0.97432,0.027188
Le2i_Coffee_room_01_video (34)_w011,Le2i_Coffee_room_01_video (34),Coffee_room_01,1,NORMAL,TN,4e-06,0.47,0.469996,0.0,0.4856,0.0,0.48,0.4915,0.214684,0.003037,0.503511,0.042777,70.6569,16,0.994972,0.004008
Le2i_Coffee_room_01_video (34)_w012,Le2i_Coffee_room_01_video (34),Coffee_room_01,1,FALL,TP,0.923128,0.47,0.453128,0.0,0.4673,0.0,0.4533,0.5127,0.469089,-0.018827,0.568913,0.098907,0.0,24,0.791226,0.365149
Le2i_Coffee_room_01_video (34)_w013,Le2i_Coffee_room_01_video (34),Coffee_room_01,1,FALL,TP,0.879917,0.47,0.409917,0.0,0.4522,0.0,0.42,0.5212,0.469089,-0.021573,0.568913,0.110508,0.0,33,0.343804,0.38766
Le2i_Coffee_room_01_video (34)_w014,Le2i_Coffee_room_01_video (34),Coffee_room_01,1,NORMAL,FP,0.842528,0.47,0.372528,0.842528,0.4575,0.0,0.4158,0.5152,0.219415,-0.00564,0.247117,0.060704,0.0,26,0.081675,0.055532
Le2i_Coffee_room_01_video (35)_w000,Le2i_Coffee_room_01_video (35),Coffee_room_01,1,NORMAL,TN,0.000254,0.47,0.469746,0.0,0.3697,0.0,0.3188,0.6133,0.234718,0.001475,0.238807,0.020359,159.0058,10,0.999792,0.000202
Le2i_Coffee_room_01_video (35)_w001,Le2i_Coffee_room_01_video (35),Coffee_room_01,1,NORMAL,TN,0.000123,0.47,0.469877,0.0,0.414,0.0,0.3879,0.5758,0.234718,-0.020685,0.597019,0.05006,0.0,17,0.998954,0.001747
Le2i_Coffee_room_01_video (35)_w002,Le2i_Coffee_room_01_video (35),Coffee_room_01,1,FALL,TP,0.953061,0.47,0.483061,0.0,0.4513,0.0,0.4394,0.5303,2.307078,-0.048021,2.60417,0.169558,0.0,34,0.869964,0.19542
Le2i_Coffee_room_01_video (35)_w003,Le2i_Coffee_room_01_video (35),Coffee_room_01,1,FALL,TP,0.925854,0.47,0.455854,0.0,0.4669,0.0,0.4539,0.5133,2.307078,-0.02487,2.60417,0.219099,0.0,43,0.679282,0.165728
Le2i_Coffee_room_01_video (35)_w004,Le2i_Coffee_room_01_video (35),Coffee_room_01,1,NORMAL,FP,0.847978,0.47,0.377978,0.847978,0.4673,0.0,0.4291,0.5024,0.885282,-5.4e-05,1.223534,0.127149,0.0,36,0.62,0.043855
Le2i_Coffee_room_01_video (35)_w005,Le2i_Coffee_room_01_video (35),Coffee_room_01,1,FALL,TP,0.820035,0.47,0.350035,0.0,0.4643,0.0,0.4176,0.5018,0.620845,0.001119,1.223534,0.069034,554.332,30,0.629146,0.016692
Le2i_Coffee_room_01_video (35)_w006,Le2i_Coffee_room_01_video (35),Coffee_room_01,1,FALL,TP,0.799189,0.47,0.329189,0.0,0.4573,0.0,0.4042,0.5097,0.620845,0.003964,0.902335,0.087598,156.5985,30,0.627459,0.01307
Le2i_Coffee_room_01_video (35)_w007,Le2i_Coffee_room_01_video (35),Coffee_room_01,1,FALL,TP,0.788389,0.47,0.318389,0.0,0.4568,0.0,0.397,0.503,0.409193,-0.000385,0.902335,0.126456,0.0,32,0.619923,0.009809
Le2i_Coffee_room_01_video (36)_w000,Le2i_Coffee_room_01_video (36),Coffee_room_01,1,NORMAL,TN,1.5e-05,0.47,0.469985,0.0,0.414,0.0,0.36,0.5776,0.138722,-0.004342,0.282823,0.051258,0.0,20,0.999348,0.000494
Le2i_Coffee_room_01_video (36)_w001,Le2i_Coffee_room_01_video (36),Coffee_room_01,1,NORMAL,TN,0.0,0.47,0.47,0.0,0.405,0.0,0.3467,0.5915,0.13508,-0.002304,0.282823,0.044468,0.0,14,0.99905,0.000588
Le2i_Coffee_room_01_video (36)_w002,Le2i_Coffee_room_01_video (36),Coffee_room_01,1,NORMAL,TN,0.0,0.47,0.47,0.0,0.4183,0.0,0.3745,0.5691,0.0761,0.000621,0.171401,0.020744,122.2975,2,0.999355,0.000669
Le2i_Coffee_room_01_video (36)_w003,Le2i_Coffee_room_01_video (36),Coffee_room_01,1,NORMAL,TN,0.0,0.47,0.47,0.0,0.4307,0.0,0.4036,0.5473,0.0761,0.000893,0.15222,0.014743,85.1482,1,0.999542,0.000499
Le2i_Coffee_room_01_video (36)_w004,Le2i_Coffee_room_01_video (36),Coffee_room_01,1,NORMAL,TN,0.0,0.47,0.47,0.0,0.4411,0.0,0.4103,0.5388,0.578612,0.00026,0.618406,0.02412,2219.7787,3,0.991779,0.012096
Le2i_Coffee_room_01_video (36)_w005,Le2i_Coffee_room_01_video (36),Coffee_room_01,1,NORMAL,TN,0.0,0.47,0.47,0.0,0.458,0.0,0.4279,0.5194,0.578612,-0.001555,0.618406,0.031169,0.0,13,0.983576,0.013422
Le2i_Coffee_room_01_video (36)_w006,Le2i_Coffee_room_01_video (36),Coffee_room_01,1,NORMAL,TN,0.0,0.47,0.47,0.0,0.4648,0.0,0.4552,0.5158,0.172798,-0.000379,0.197701,0.030687,0.0,16,0.983273,0.015112
Le2i_Coffee_room_01_video (36)_w007,Le2i_Coffee_room_01_video (36),Coffee_room_01,1,NORMAL,TN,0.0,0.47,0.47,0.0,0.4532,0.0,0.4509,0.5315,0.172798,0.0004,0.387132,0.041347,430.4677,14,0.972574,0.018045
Le2i_Coffee_room_01_video (36)_w008,Le2i_Coffee_room_01_video (36),Coffee_room_01,1,NORMAL,TN,0.0,0.47,0.47,0.0,0.4396,0.0,0.4145,0.5418,0.299816,0.00039,0.431801,0.042049,767.1397,15,0.976365,0.017519
Le2i_Coffee_room_01_video (36)_w009,Le2i_Coffee_room_01_video (36),Coffee_room_01,1,NORMAL,TN,0.0,0.47,0.47,0.0,0.4394,0.0,0.4152,0.54,0.227516,-0.000637,0.431801,0.02801,0.0,7,0.993188,0.005047
Le2i_Coffee_room_01_video (36)_w010,Le2i_Coffee_room_01_video (36),Coffee_room_01,1,NORMAL,TN,0.0,0.47,0.47,0.0,0.4638,0.0,0.4642,0.517,0.073274,-0.001059,0.165799,0.027333,0.0,3,0.991637,0.004469
Le2i_Coffee_room_01_video (36)_w011,Le2i_Coffee_room_01_video (36),Coffee_room_01,1,NORMAL,TN,0.0,0.47,0.47,0.0,0.4696,0.0,0.463,0.5103,0.484166,0.000788,0.498354,0.040195,613.2764,11,0.987495,0.004327
Le2i_Coffee_room_01_video (36)_w012,Le2i_Coffee_room_01_video (36),Coffee_room_01,1,NORMAL,TN,0.0,0.47,0.47,0.0,0.4578,0.0,0.4376,0.5212,0.484166,0.001311,0.498354,0.041352,369.1288,17,0.989163,0.005585
Le2i_Coffee_room_01_video (36)_w013,Le2i_Coffee_room_01_video (36),Coffee_room_01,1,NORMAL,TN,1e-06,0.47,0.469999,0.0,0.459,0.0,0.4424,0.523,0.235023,0.000817,0.331527,0.029844,287.2707,13,0.992729,0.004958
Le2i_Coffee_room_01_video (36)_w014,Le2i_Coffee_room_01_video (36),Coffee_room_01,1,NORMAL,TN,2e-06,0.47,0.469998,0.0,0.4394,0.0,0.4121,0.5388,0.330522,-6.4e-05,0.35844,0.035771,0.0,18,0.991786,0.004724
Le2i_Coffee_room_01_video (36)_w015,Le2i_Coffee_room_01_video (36),Coffee_room_01,1,NORMAL,TN,0.0,0.47,0.47,0.0,0.3413,0.0,0.2673,0.6394,0.330522,0.001451,0.35844,0.063515,227.6485,30,0.991315,0.005604
Le2i_Coffee_room_01_video (36)_w016,Le2i_Coffee_room_01_video (36),Coffee_room_01,1,NORMAL,TN,0.0,0.47,0.47,0.0,0.2253,0.0,0.0915,0.7721,0.188625,0.000296,0.389343,0.084387,635.5488,37,0.995312,0.004963
Le2i_Coffee_room_01_video (36)_w017,Le2i_Coffee_room_01_video (36),Coffee_room_01,1,NORMAL,TN,0.0,0.47,0.47,0.0,0.2822,0.0,0.1685,0.7097,0.231933,-0.001578,0.389343,0.06509,0.0,26,0.997737,0.00103
Le2i_Coffee_room_01_video (36)_w018,Le2i_Coffee_room_01_video (36),Coffee_room_01,1,NORMAL,TN,1e-06,0.47,0.469999,0.0,0.4298,0.0,0.3988,0.5491,0.231933,0.000214,0.23199,0.040327,1081.2361,10,0.995401,0.002775
Le2i_Coffee_room_01_video (36)_w019,Le2i_Coffee_room_01_video (36),Coffee_room_01,1,NORMAL,TN,1.1e-05,0.47,0.469989,0.0,0.48,0.0,0.4824,0.5036,0.694145,0.000415,0.696127,0.039721,1667.4191,13,0.994085,0.001986
Le2i_Coffee_room_01_video (36)_w020,Le2i_Coffee_room_01_video (36),Coffee_room_01,1,NORMAL,TN,0.000167,0.47,0.469833,0.0,0.4767,0.0,0.4764,0.5097,0.694145,0.001195,0.696127,0.048598,580.4228,16,0.996094,0.001809
Le2i_Coffee_room_01_video (36)_w021,Le2i_Coffee_room_01_video (36),Coffee_room_01,1,NORMAL,TN,0.000128,0.47,0.469872,0.0,0.4527,0.0,0.4364,0.5309,0.223001,0.002399,0.357021,0.049452,92.9288,26,0.998233,0.001586
Le2i_Coffee_room_01_video (36)_w022,Le2i_Coffee_room_01_video (36),Coffee_room_01,1,NORMAL,TN,4.1e-05,0.47,0.469959,0.0,0.4272,0.0,0.3952,0.563,0.223001,0.001258,0.357021,0.03472,177.1757,22,0.998686,0.001412
Le2i_Coffee_room_01_video (36)_w023,Le2i_Coffee_room_01_video (36),Coffee_room_01,1,NORMAL,TN,3.5e-05,0.47,0.469965,0.0,0.4234,0.0,0.3891,0.5733,0.077191,0.000948,0.093447,0.021738,81.3252,7,0.998815,0.001491
Le2i_Coffee_room_01_video (36)_w024,Le2i_Coffee_room_01_video (36),Coffee_room_01,1,NORMAL,TN,0.000127,0.47,0.469873,0.0,0.4107,0.0,0.3739,0.5927,0.120846,-0.000624,0.132202,0.02816,0.0,7,0.998421,0.002585
Le2i_Coffee_room_01_video (36)_w025,Le2i_Coffee_room_01_video (36),Coffee_room_01,1,NORMAL,TN,0.000198,0.47,0.469802,0.0,0.4092,0.0,0.3618,0.5873,0.186337,-0.004553,0.263704,0.053655,0.0,18,0.967767,0.052305
Le2i_Coffee_room_01_video (36)_w026,Le2i_Coffee_room_01_video (36),Coffee_room_01,1,NORMAL,TN,0.000141,0.47,0.469859,0.0,0.4345,0.0,0.3909,0.5473,0.186337,-0.001054,0.263704,0.056625,0.0,19,0.947575,0.052819
Le2i_Coffee_room_01_video (36)_w027,Le2i_Coffee_room_01_video (36),Coffee_room_01,1,NORMAL,TN,0.000161,0.47,0.469839,0.0,0.4569,0.0,0.4358,0.5242,0.083222,0.002663,0.150199,0.032938,31.2345,8,0.978051,0.035932
Le2i_Coffee_room_01_video (36)_w028,Le2i_Coffee_room_01_video (36),Coffee_room_01,1,NORMAL,TN,0.000225,0.47,0.469775,0.0,0.4755,0.0,0.4691,0.5036,0.10312,-0.000204,0.103651,0.024999,0.0,7,0.999123,0.000946
Le2i_Coffee_room_01_video (36)_w029,Le2i_Coffee_room_01_video (36),Coffee_room_01,1,NORMAL,TN,0.00019,0.47,0.46981,0.0,0.4732,0.0,0.4576,0.5055,0.10312,-0.000698,0.103651,0.025465,0.0,11,0.999235,0.000908
Le2i_Coffee_room_01_video (36)_w030,Le2i_Coffee_room_01_video (36),Coffee_room_01,1,NORMAL,TN,4e-05,0.47,0.46996,0.0,0.4453,0.0,0.4103,0.5327,0.111908,0.00061,0.185846,0.032989,183.1606,10,0.998845,0.000994
Le2i_Coffee_room_01_video (36)_w031,Le2i_Coffee_room_01_video (36),Coffee_room_01,1,NORMAL,TN,8e-06,0.47,0.469992,0.0,0.4439,0.0,0.4079,0.5358,0.11191,0.000165,0.185846,0.041687,675.9107,12,0.998435,0.000908
Le2i_Coffee_room_01_video (36)_w032,Le2i_Coffee_room_01_video (36),Coffee_room_01,1,NORMAL,TN,2e-06,0.47,0.469998,0.0,0.4711,0.0,0.4558,0.5103,0.11191,-0.000439,0.170943,0.034559,0.0,10,0.996621,0.002763
Le2i_Coffee_room_01_video (36)_w033,Le2i_Coffee_room_01_video (36),Coffee_room_01,1,NORMAL,TN,1e-06,0.47,0.469999,0.0,0.4706,0.0,0.4618,0.5103,0.075658,0.000122,0.151031,0.031934,614.7878,7,0.993515,0.005688
Le2i_Coffee_room_01_video (36)_w034,Le2i_Coffee_room_01_video (36),Coffee_room_01,1,NORMAL,TN,0.0,0.47,0.47,0.0,0.4541,0.0,0.4339,0.5303,0.123594,0.000215,0.250316,0.041443,573.1749,11,0.990872,0.009872
Le2i_Coffee_room_01_video (36)_w035,Le2i_Coffee_room_01_video (36),Coffee_room_01,1,NORMAL,TN,0.0,0.47,0.47,0.0,0.4624,0.0,0.4436,0.5248,0.123594,-0.000523,0.250316,0.031016,0.0,4,0.992113,0.008756
Le2i_Coffee_room_01_video (36)_w036,Le2i_Coffee_room_01_video (36),Coffee_room_01,1,NORMAL,TN,1e-06,0.47,0.469999,0.0,0.4809,0.0,0.4655,0.5018,0.06325,-0.000598,0.093641,0.022952,0.0,3,0.994738,0.002276
Le2i_Coffee_room_01_video (36)_w037,Le2i_Coffee_room_01_video (36),Coffee_room_01,1,NORMAL,TN,2e-06,0.47,0.469998,0.0,0.4883,0.0,0.4782,0.4867,0.069045,-0.000297,0.109481,0.020541,0.0,5,0.996367,0.002567
Le2i_Coffee_room_01_video (36)_w038,Le2i_Coffee_room_01_video (36),Coffee_room_01,1,NORMAL,TN,2e-06,0.47,0.469998,0.0,0.4891,0.0,0.4776,0.4855,0.078797,-0.000295,0.118561,0.019005,0.0,3,0.997317,0.001247
Le2i_Coffee_room_01_video (36)_w039,Le2i_Coffee_room_01_video (36),Coffee_room_01,1,NORMAL,TN,1e-06,0.47,0.469999,0.0,0.486,0.0,0.4776,0.4976,0.078797,0.001174,0.127911,0.021352,67.0769,2,0.996343,0.001523
Le2i_Coffee_room_01_video (36)_w040,Le2i_Coffee_room_01_video (36),Coffee_room_01,1,NORMAL,TN,2e-06,0.47,0.469998,0.0,0.4827,0.0,0.483,0.5048,0.118813,-1.7e-05,0.230729,0.028737,0.0,6,0.994614,0.004043
Le2i_Coffee_room_01_video (36)_w041,Le2i_Coffee_room_01_video (36),Coffee_room_01,1,NORMAL,TN,6e-06,0.47,0.469994,0.0,0.47,0.0,0.4503,0.5121,0.118813,-0.000943,0.230729,0.035636,0.0,10,0.993486,0.003593
Le2i_Coffee_room_01_video (36)_w042,Le2i_Coffee_room_01_video (36),Coffee_room_01,1,FALL,FN,0.000585,0.47,0.469415,0.999415,0.4525,0.0,0.4267,0.5315,0.224406,-0.041622,0.827022,0.090892,0.0,18,0.971497,0.038799
Le2i_Coffee_room_01_video (36)_w043,Le2i_Coffee_room_01_video (36),Coffee_room_01,1,FALL,TP,0.838027,0.47,0.368027,0.0,0.458,0.0,0.4364,0.5206,0.590604,-0.055659,1.035056,0.18595,0.0,35,0.81465,0.158428
Le2i_Coffee_room_01_video (36)_w044,Le2i_Coffee_room_01_video (36),Coffee_room_01,1,FALL,TP,0.771897,0.47,0.301897,0.0,0.4708,0.0,0.4467,0.4933,0.664714,-0.012946,1.035056,0.148844,0.0,37,0.606198,0.109811
Le2i_Coffee_room_01_video (36)_w045,Le2i_Coffee_room_01_video (36),Coffee_room_01,1,FALL,TP,0.798233,0.47,0.328233,0.0,0.4734,0.0,0.4545,0.4848,0.664714,0.00246,0.675479,0.060675,270.1095,28,0.538705,0.024376
Le2i_Coffee_room_01_video (36)_w046,Le2i_Coffee_room_01_video (36),Coffee_room_01,1,FALL,TP,0.792544,0.47,0.322544,0.0,0.4723,0.0,0.4539,0.4848,0.354323,0.001558,0.361176,0.047965,227.2095,26,0.551018,0.017991
Le2i_Coffee_room_01_video (37)_w000,Le2i_Coffee_room_01_video (37),Coffee_room_01,1,NORMAL,TN,0.000315,0.47,0.469685,0.0,0.3139,0.0,0.2382,0.6685,0.134009,0.001333,0.139745,0.024999,100.4223,18,0.999311,0.000677
Le2i_Coffee_room_01_video (37)_w001,Le2i_Coffee_room_01_video (37),Coffee_room_01,1,FALL,TP,1.0,0.47,0.53,0.0,0.355,0.0,0.2982,0.6358,90.213844,-0.06636,100.040054,2.277396,0.0,26,0.928335,0.162396
Le2i_Coffee_room_01_video (37)_w002,Le2i_Coffee_room_01_video (37),Coffee_room_01,1,FALL,TP,1.0,0.47,0.53,0.0,0.3192,0.0,0.2673,0.68,90.213844,-0.067567,100.040054,4.383921,0.0,41,0.749633,0.237732
Le2i_Coffee_room_01_video (37)_w003,Le2i_Coffee_room_01_video (37),Coffee_room_01,1,NORMAL,FP,1.0,0.47,0.53,1.0,0.2808,0.0,0.2067,0.7352,76.743668,-0.093504,78.859398,2.07397,0.0,41,0.617239,0.157073
Le2i_Coffee_room_01_video (37)_w004,Le2i_Coffee_room_01_video (37),Coffee_room_01,1,FALL,TP,0.829001,0.47,0.359001,0.0,0.2711,0.0,0.1812,0.7636,0.503487,-0.004511,0.771207,0.138718,0.0,40,0.60241,0.035781
Le2i_Coffee_room_01_video (37)_w005,Le2i_Coffee_room_01_video (37),Coffee_room_01,1,FALL,TP,0.855056,0.47,0.385056,0.0,0.266,0.0,0.18,0.7752,0.482101,0.004963,0.639758,0.132559,97.1163,42,0.638961,0.039499
Le2i_Coffee_room_01_video (37)_w006,Le2i_Coffee_room_01_video (37),Coffee_room_01,1,FALL,TP,0.849601,0.47,0.379601,0.0,0.2657,0.0,0.1788,0.7764,0.482101,0.006258,1.199702,0.142692,77.0219,42,0.658559,0.022408
Le2i_Coffee_room_01_video (38)_w000,Le2i_Coffee_room_01_video (38),Coffee_room_01,1,NORMAL,TN,0.000328,0.47,0.469672,0.0,0.4735,0.0,0.4721,0.5036,0.181617,-0.000321,0.26963,0.043489,0.0,19,0.990842,0.010221
Le2i_Coffee_room_01_video (38)_w001,Le2i_Coffee_room_01_video (38),Coffee_room_01,1,NORMAL,TN,0.000238,0.47,0.469762,0.0,0.4831,0.0,0.4836,0.4903,0.181617,0.002839,0.254454,0.035023,63.9392,10,0.997462,0.004722
Le2i_Coffee_room_01_video (38)_w002,Le2i_Coffee_room_01_video (38),Coffee_room_01,1,NORMAL,TN,0.00017,0.47,0.46983,0.0,0.485,0.0,0.4848,0.4848,0.119734,-0.00035,0.172754,0.025492,0.0,5,0.998889,0.000363
Le2i_Coffee_room_01_video (38)_w003,Le2i_Coffee_room_01_video (38),Coffee_room_01,1,NORMAL,TN,0.000143,0.47,0.469857,0.0,0.4859,0.0,0.4848,0.4848,0.098992,-0.000852,0.144945,0.024869,0.0,4,0.998331,0.000444
Le2i_Coffee_room_01_video (38)_w004,Le2i_Coffee_room_01_video (38),Coffee_room_01,1,NORMAL,TN,0.000208,0.47,0.469792,0.0,0.4781,0.0,0.4782,0.4933,0.098992,-0.003706,0.177192,0.033299,0.0,8,0.997696,0.001229
Le2i_Coffee_room_01_video (38)_w005,Le2i_Coffee_room_01_video (38),Coffee_room_01,1,NORMAL,FP,0.780691,0.47,0.310691,0.780691,0.4478,0.0,0.4279,0.523,2.807897,-0.0463,7.302501,0.501165,0.0,26,0.852317,0.243669
Le2i_Coffee_room_01_video (38)_w006,Le2i_Coffee_room_01_video (38),Coffee_room_01,1,NORMAL,FP,0.759194,0.47,0.289194,0.759194,0.4413,0.0,0.4091,0.5333,2.807897,0.027639,7.302501,0.661421,101.5895,39,0.833387,0.238456
Le2i_Coffee_room_01_video (38)_w007,Le2i_Coffee_room_01_video (38),Coffee_room_01,1,NORMAL,TN,0.001708,0.47,0.468292,0.0,0.4655,0.0,0.4527,0.5188,1.618816,0.058737,2.419366,0.169665,27.5599,23,0.979168,0.054849
Le2i_Coffee_room_01_video (38)_w008,Le2i_Coffee_room_01_video (38),Coffee_room_01,1,FALL,TP,0.727178,0.47,0.257178,0.0,0.4606,0.0,0.4455,0.5188,0.521418,-0.126453,5.301717,0.189892,0.0,19,0.964346,0.120788
Le2i_Coffee_room_01_video (38)_w009,Le2i_Coffee_room_01_video (38),Coffee_room_01,1,FALL,TP,0.994748,0.47,0.524748,0.0,0.4382,0.0,0.3909,0.5055,4.856545,-0.024158,5.609119,0.410461,0.0,36,0.851084,0.161754
Le2i_Coffee_room_01_video (38)_w010,Le2i_Coffee_room_01_video (38),Coffee_room_01,1,FALL,TP,0.953567,0.47,0.483567,0.0,0.4322,0.0,0.3533,0.4867,4.856545,0.08962,5.609119,0.255742,54.1901,34,0.787973,0.085452
Le2i_Coffee_room_01_video (38)_w011,Le2i_Coffee_room_01_video (38),Coffee_room_01,1,FALL,TP,0.805647,0.47,0.335647,0.0,0.4364,0.0,0.3533,0.4848,0.345912,-0.000837,0.394638,0.072039,0.0,22,0.800779,0.025203
Le2i_Coffee_room_01_video (38)_w012,Le2i_Coffee_room_01_video (38),Coffee_room_01,1,FALL,TP,0.811135,0.47,0.341135,0.0,0.4378,0.0,0.3667,0.4848,0.345912,-0.000767,0.394638,0.074529,0.0,25,0.795151,0.020723
Le2i_Coffee_room_01_video (39)_w000,Le2i_Coffee_room_01_video (39),Coffee_room_01,1,NORMAL,TN,0.0,0.47,0.47,0.0,0.4503,0.0,0.4176,0.5242,0.120668,-0.008014,0.269901,0.040309,0.0,12,0.983947,0.015254
Le2i_Coffee_room_01_video (39)_w001,Le2i_Coffee_room_01_video (39),Coffee_room_01,1,FALL,TP,0.972967,0.47,0.502967,0.0,0.4422,0.0,0.3891,0.5139,1.324045,-0.037699,2.473436,0.273161,0.0,27,0.761199,0.314055
Le2i_Coffee_room_01_video (39)_w002,Le2i_Coffee_room_01_video (39),Coffee_room_01,1,FALL,TP,0.950246,0.47,0.480246,0.0,0.4139,0.0,0.3121,0.5139,1.324045,-0.022249,2.473436,0.291251,0.0,35,0.441453,0.252415
Le2i_Coffee_room_01_video (39)_w003,Le2i_Coffee_room_01_video (39),Coffee_room_01,1,FALL,TP,0.935353,0.47,0.465353,0.0,0.3981,0.0,0.2521,0.5152,0.425403,0.007256,0.467678,0.068172,58.6184,25,0.354809,0.025808
Le2i_Coffee_room_01_video (39)_w004,Le2i_Coffee_room_01_video (39),Coffee_room_01,1,FALL,TP,0.921525,0.47,0.451525,0.0,0.3953,0.0,0.2479,0.5152,0.206976,0.000328,0.295129,0.056353,629.0638,23,0.375399,0.012655
Le2i_Coffee_room_01_video (4)_w000,Le2i_Coffee_room_01_video (4),Coffee_room_01,1,NORMAL,FP,0.820938,0.47,0.350938,0.820938,0.2352,0.0,0.1733,0.7685,4.401883,-0.033304,15.998303,0.700647,0.0,40,0.915698,0.245915
Le2i_Coffee_room_01_video (4)_w001,Le2i_Coffee_room_01_video (4),Coffee_room_01,1,NORMAL,TN,1.6e-05,0.47,0.469984,0.0,0.3814,0.0,0.3418,0.6145,0.595719,0.005149,0.818322,0.061934,115.6666,30,0.999564,0.000859
Le2i_Coffee_room_01_video (4)_w002,Le2i_Coffee_room_01_video (4),Coffee_room_01,1,NORMAL,TN,1.9e-05,0.47,0.469981,0.0,0.4199,0.0,0.3794,0.5697,0.273867,6.5e-05,0.818322,0.055738,4176.1492,22,0.999874,0.000164
Le2i_Coffee_room_01_video (4)_w003,Le2i_Coffee_room_01_video (4),Coffee_room_01,1,NORMAL,TN,0.000181,0.47,0.469819,0.0,0.4498,0.0,0.417,0.5285,0.294652,-0.010701,0.429509,0.05347,0.0,19,0.999653,0.000422
Le2i_Coffee_room_01_video (4)_w004,Le2i_Coffee_room_01_video (4),Coffee_room_01,1,FALL,TP,1.0,0.47,0.53,0.0,0.4207,0.0,0.3964,0.5539,8.035164,-0.098039,34.770672,0.934155,0.0,31,0.811583,0.297841
Le2i_Coffee_room_01_video (4)_w005,Le2i_Coffee_room_01_video (4),Coffee_room_01,1,FALL,TP,1.0,0.47,0.53,0.0,0.3582,0.0,0.3,0.6,15.538084,-0.091874,34.770672,1.460364,0.0,42,0.722296,0.330425
Le2i_Coffee_room_01_video (4)_w006,Le2i_Coffee_room_01_video (4),Coffee_room_01,1,NORMAL,FP,0.975147,0.47,0.505147,0.975147,0.2691,0.0,0.2055,0.6933,22.979141,0.134073,29.071085,1.922709,171.3912,34,0.607323,0.429247
Le2i_Coffee_room_01_video (40)_w000,Le2i_Coffee_room_01_video (40),Coffee_room_01,1,NORMAL,TN,0.0,0.47,0.47,0.0,0.431,0.0,0.4024,0.5436,0.419528,0.018639,0.685849,0.073552,22.5065,32,0.813838,0.167328
Le2i_Coffee_room_01_video (40)_w001,Le2i_Coffee_room_01_video (40),Coffee_room_01,1,NORMAL,TN,1.1e-05,0.47,0.469989,0.0,0.4311,0.0,0.4048,0.5527,0.419528,0.013144,0.685849,0.060848,31.916,31,0.937763,0.112963
Le2i_Coffee_room_01_video (40)_w002,Le2i_Coffee_room_01_video (40),Coffee_room_01,1,NORMAL,TN,9.4e-05,0.47,0.469906,0.0,0.4198,0.0,0.3788,0.5661,0.242259,-0.001621,0.3906,0.046349,0.0,24,0.994371,0.004566
Le2i_Coffee_room_01_video (40)_w003,Le2i_Coffee_room_01_video (40),Coffee_room_01,1,NORMAL,TN,5e-06,0.47,0.469995,0.0,0.4065,0.0,0.3503,0.5739,0.51675,-0.001405,0.553012,0.048923,0.0,20,0.987628,0.008482
Le2i_Coffee_room_01_video (40)_w004,Le2i_Coffee_room_01_video (40),Coffee_room_01,1,NORMAL,TN,0.0,0.47,0.47,0.0,0.4066,0.0,0.3388,0.5624,0.51675,-0.001889,0.553012,0.041517,0.0,15,0.975452,0.006642
Le2i_Coffee_room_01_video (40)_w005,Le2i_Coffee_room_01_video (40),Coffee_room_01,1,NORMAL,TN,0.0,0.47,0.47,0.0,0.4103,0.0,0.3394,0.5576,0.370903,-0.000649,0.418909,0.038652,0.0,12,0.962623,0.015086
Le2i_Coffee_room_01_video (40)_w006,Le2i_Coffee_room_01_video (40),Coffee_room_01,1,NORMAL,TN,0.0,0.47,0.47,0.0,0.3972,0.0,0.3291,0.5715,0.370903,0.00117,0.418909,0.050562,316.8579,21,0.967293,0.018136
Le2i_Coffee_room_01_video (40)_w007,Le2i_Coffee_room_01_video (40),Coffee_room_01,1,NORMAL,TN,0.0,0.47,0.47,0.0,0.3447,0.0,0.28,0.6406,0.264219,-0.001158,0.372709,0.058434,0.0,26,0.986713,0.007813
Le2i_Coffee_room_01_video (40)_w008,Le2i_Coffee_room_01_video (40),Coffee_room_01,1,NORMAL,TN,1e-06,0.47,0.469999,0.0,0.3843,0.0,0.3442,0.6079,0.264219,2e-06,0.372709,0.059778,78114.616,24,0.994576,0.002526
Le2i_Coffee_room_01_video (40)_w009,Le2i_Coffee_room_01_video (40),Coffee_room_01,1,FALL,TP,0.90631,0.47,0.43631,0.0,0.4601,0.0,0.4376,0.5194,1.240324,-0.018651,1.455403,0.146722,0.0,30,0.883662,0.261515
Le2i_Coffee_room_01_video (40)_w010,Le2i_Coffee_room_01_video (40),Coffee_room_01,1,FALL,TP,0.890081,0.47,0.420081,0.0,0.4572,0.0,0.4352,0.5206,1.240324,-0.021521,1.455403,0.147089,0.0,31,0.42819,0.417658
Le2i_Coffee_room_01_video (40)_w011,Le2i_Coffee_room_01_video (40),Coffee_room_01,1,FALL,TP,0.843563,0.47,0.373563,0.0,0.4574,0.0,0.4345,0.5145,0.178222,-0.002586,0.20431,0.047719,0.0,19,0.07054,0.040939
Le2i_Coffee_room_01_video (40)_w012,Le2i_Coffee_room_01_video (40),Coffee_room_01,1,FALL,TP,0.803803,0.47,0.333803,0.0,0.4449,0.0,0.4152,0.5248,5.569984,0.051354,6.945101,0.104934,108.4604,9,0.05733,0.033994
Le2i_Coffee_room_01_video (41)_w000,Le2i_Coffee_room_01_video (41),Coffee_room_01,1,NORMAL,TN,0.0,0.47,0.47,0.0,0.4246,0.0,0.3788,0.5552,0.473913,-0.003841,0.588785,0.060552,0.0,18,0.944063,0.084404
Le2i_Coffee_room_01_video (41)_w001,Le2i_Coffee_room_01_video (41),Coffee_room_01,1,NORMAL,TN,0.0,0.47,0.47,0.0,0.4418,0.0,0.4048,0.5339,0.473913,-0.000827,0.588785,0.083202,0.0,23,0.936599,0.081713
Le2i_Coffee_room_01_video (41)_w002,Le2i_Coffee_room_01_video (41),Coffee_room_01,1,NORMAL,TN,0.0,0.47,0.47,0.0,0.4694,0.0,0.4545,0.5024,0.160797,0.002855,0.361651,0.059651,56.3083,17,0.991368,0.019291
Le2i_Coffee_room_01_video (41)_w003,Le2i_Coffee_room_01_video (41),Coffee_room_01,1,NORMAL,TN,0.0,0.47,0.47,0.0,0.4852,0.0,0.4745,0.4855,0.105058,0.001833,0.194513,0.036351,57.2847,13,0.99689,0.003399
Le2i_Coffee_room_01_video (41)_w004,Le2i_Coffee_room_01_video (41),Coffee_room_01,1,NORMAL,TN,1e-06,0.47,0.469999,0.0,0.4881,0.0,0.4661,0.4848,0.105058,0.001246,0.196666,0.032478,84.2465,11,0.996334,0.003257
Le2i_Coffee_room_01_video (41)_w005,Le2i_Coffee_room_01_video (41),Coffee_room_01,1,NORMAL,TN,5e-06,0.47,0.469995,0.0,0.4783,0.0,0.4564,0.4976,0.093842,0.000443,0.196666,0.034168,211.4353,9,0.994006,0.004459
Le2i_Coffee_room_01_video (41)_w006,Le2i_Coffee_room_01_video (41),Coffee_room_01,1,NORMAL,TN,2.9e-05,0.47,0.469971,0.0,0.4599,0.0,0.4285,0.52,0.140505,-0.000103,0.238417,0.038237,0.0,15,0.99411,0.004494
Le2i_Coffee_room_01_video (41)_w007,Le2i_Coffee_room_01_video (41),Coffee_room_01,1,NORMAL,TN,6.3e-05,0.47,0.469937,0.0,0.4294,0.0,0.3776,0.5552,0.396862,0.00208,0.444726,0.040657,190.6878,20,0.998817,0.001521
Le2i_Coffee_room_01_video (41)_w008,Le2i_Coffee_room_01_video (41),Coffee_room_01,1,NORMAL,TN,6.2e-05,0.47,0.469938,0.0,0.3948,0.0,0.3303,0.5903,0.396862,0.000636,0.444726,0.028429,623.1205,16,0.999675,0.000293
Le2i_Coffee_room_01_video (41)_w009,Le2i_Coffee_room_01_video (41),Coffee_room_01,1,NORMAL,TN,0.02558,0.47,0.44442,0.0,0.3802,0.0,0.3073,0.6067,1.170167,-0.043433,1.471947,0.077772,0.0,16,0.997818,0.004126
Le2i_Coffee_room_01_video (41)_w010,Le2i_Coffee_room_01_video (41),Coffee_room_01,1,FALL,TP,1.0,0.47,0.53,0.0,0.3823,0.0,0.3236,0.597,64.465393,-0.067114,64.48999,1.755589,0.0,33,0.684141,0.370149
Le2i_Coffee_room_01_video (41)_w011,Le2i_Coffee_room_01_video (41),Coffee_room_01,1,FALL,TP,1.0,0.47,0.53,0.0,0.378,0.0,0.3376,0.5976,64.465393,0.00811,64.48999,1.847449,7947.8197,45,0.321863,0.214221
Le2i_Coffee_room_01_video (41)_w012,Le2i_Coffee_room_01_video (41),Coffee_room_01,1,FALL,TP,0.923616,0.47,0.453616,0.0,0.3706,0.0,0.3273,0.6127,2.951272,0.021581,3.580324,0.437914,136.75,44,0.244631,0.082687
Le2i_Coffee_room_01_video (41)_w013,Le2i_Coffee_room_01_video (41),Coffee_room_01,1,FALL,TP,0.997349,0.47,0.527349,0.0,0.374,0.0,0.3442,0.6152,10.348073,0.022488,17.041878,0.773421,460.139,40,0.288205,0.094253
Le2i_Coffee_room_01_video (42)_w000,Le2i_Coffee_room_01_video (42),Coffee_room_01,1,NORMAL,TN,0.0,0.47,0.47,0.0,0.467,0.0,0.4545,0.5152,0.690755,0.001845,1.604941,0.165905,374.1346,35,0.921652,0.082308
Le2i_Coffee_room_01_video (42)_w001,Le2i_Coffee_room_01_video (42),Coffee_room_01,1,NORMAL,TN,0.0,0.47,0.47,0.0,0.4717,0.0,0.4618,0.5097,0.690755,0.036551,1.604941,0.16402,18.898,35,0.920647,0.082113
Le2i_Coffee_room_01_video (42)_w002,Le2i_Coffee_room_01_video (42),Coffee_room_01,1,NORMAL,TN,0.0,0.47,0.47,0.0,0.4805,0.0,0.4758,0.5036,0.302149,0.014714,0.604388,0.056087,20.5327,13,0.992016,0.011608
Le2i_Coffee_room_01_video (42)_w003,Le2i_Coffee_room_01_video (42),Coffee_room_01,1,FALL,TP,0.621964,0.47,0.151964,0.0,0.4727,0.0,0.4655,0.5109,1.86427,-0.023174,2.42145,0.151011,0.0,17,0.874161,0.259765
Le2i_Coffee_room_01_video (42)_w004,Le2i_Coffee_room_01_video (42),Coffee_room_01,1,FALL,TP,0.901866,0.47,0.431866,0.0,0.4562,0.0,0.4206,0.5018,1.86427,-0.019064,2.42145,0.212374,0.0,32,0.661768,0.250732
Le2i_Coffee_room_01_video (43)_w000,Le2i_Coffee_room_01_video (43),Coffee_room_01,1,NORMAL,TN,0.0,0.47,0.47,0.0,0.4436,0.0,0.4309,0.5218,0.17601,-0.001171,0.332208,0.038454,0.0,20,0.97571,0.033664
Le2i_Coffee_room_01_video (43)_w001,Le2i_Coffee_room_01_video (43),Coffee_room_01,1,NORMAL,TN,0.0,0.47,0.47,0.0,0.4342,0.0,0.4061,0.5364,0.312278,0.013686,0.40356,0.058759,22.8151,33,0.903353,0.103017
Le2i_Coffee_room_01_video (43)_w002,Le2i_Coffee_room_01_video (43),Coffee_room_01,1,NORMAL,TN,0.0,0.47,0.47,0.0,0.4333,0.0,0.3976,0.5436,0.312278,0.01306,0.40356,0.042874,23.9097,25,0.918303,0.108411
Le2i_Coffee_room_01_video (43)_w003,Le2i_Coffee_room_01_video (43),Coffee_room_01,1,NORMAL,TN,3e-05,0.47,0.46997,0.0,0.4382,0.0,0.4024,0.5376,0.127396,0.000592,0.183749,0.022553,214.9842,8,0.998889,0.000816
Le2i_Coffee_room_01_video (43)_w004,Le2i_Coffee_room_01_video (43),Coffee_room_01,1,NORMAL,TN,0.000149,0.47,0.469851,0.0,0.4319,0.0,0.3915,0.5461,0.120183,0.000803,0.366958,0.034255,149.407,17,0.999191,0.000871
Le2i_Coffee_room_01_video (43)_w005,Le2i_Coffee_room_01_video (43),Coffee_room_01,1,NORMAL,TN,0.000128,0.47,0.469872,0.0,0.4185,0.0,0.3691,0.5515,0.101173,-0.000599,0.366958,0.042415,0.0,18,0.998416,0.001324
Le2i_Coffee_room_01_video (43)_w006,Le2i_Coffee_room_01_video (43),Coffee_room_01,1,NORMAL,TN,1.2e-05,0.47,0.469988,0.0,0.4155,0.0,0.3618,0.5503,0.104388,-0.001513,0.217097,0.044481,0.0,14,0.997378,0.001345
Le2i_Coffee_room_01_video (43)_w007,Le2i_Coffee_room_01_video (43),Coffee_room_01,1,NORMAL,TN,2e-06,0.47,0.469998,0.0,0.44,0.0,0.4085,0.5333,0.104388,-0.002026,0.198094,0.033829,0.0,8,0.996512,0.0042
Le2i_Coffee_room_01_video (43)_w008,Le2i_Coffee_room_01_video (43),Coffee_room_01,1,NORMAL,TN,1e-06,0.47,0.469999,0.0,0.4565,0.0,0.4485,0.5242,0.059681,0.000488,0.162573,0.01765,122.1497,2,0.992229,0.006453
Le2i_Coffee_room_01_video (43)_w009,Le2i_Coffee_room_01_video (43),Coffee_room_01,1,NORMAL,TN,1e-06,0.47,0.469999,0.0,0.4686,0.0,0.4661,0.5152,0.067485,0.000325,0.162573,0.020864,207.1212,4,0.992519,0.005905
Le2i_Coffee_room_01_video (43)_w010,Le2i_Coffee_room_01_video (43),Coffee_room_01,1,NORMAL,TN,1e-06,0.47,0.469999,0.0,0.4609,0.0,0.4442,0.5206,0.088126,0.000543,0.138867,0.03616,162.0576,13,0.997803,0.003035
Le2i_Coffee_room_01_video (43)_w011,Le2i_Coffee_room_01_video (43),Coffee_room_01,1,NORMAL,TN,2e-06,0.47,0.469998,0.0,0.4329,0.0,0.4024,0.5503,0.107213,0.001017,0.148146,0.037757,105.3474,14,0.999209,0.000536
Le2i_Coffee_room_01_video (43)_w012,Le2i_Coffee_room_01_video (43),Coffee_room_01,1,NORMAL,TN,1.3e-05,0.47,0.469987,0.0,0.4189,0.0,0.3933,0.5806,0.107213,0.000773,0.148146,0.034401,138.4877,13,0.999392,0.000455
Le2i_Coffee_room_01_video (43)_w013,Le2i_Coffee_room_01_video (43),Coffee_room_01,1,NORMAL,TN,2.7e-05,0.47,0.469973,0.0,0.4281,0.0,0.3933,0.5594,0.09336,-1.7e-05,0.112267,0.027447,0.0,7,0.99969,0.000313
Le2i_Coffee_room_01_video (43)_w014,Le2i_Coffee_room_01_video (43),Coffee_room_01,1,NORMAL,TN,0.000159,0.47,0.469841,0.0,0.4641,0.0,0.4339,0.5055,0.051016,0.001568,0.09909,0.01982,32.5147,2,0.998636,0.001477
Le2i_Coffee_room_01_video (43)_w015,Le2i_Coffee_room_01_video (43),Coffee_room_01,1,NORMAL,TN,0.000126,0.47,0.469874,0.0,0.4808,0.0,0.4782,0.5042,0.054287,0.000788,0.093921,0.015583,68.791,3,0.998029,0.001414
Le2i_Coffee_room_01_video (43)_w016,Le2i_Coffee_room_01_video (43),Coffee_room_01,1,NORMAL,TN,6.4e-05,0.47,0.469936,0.0,0.4779,0.0,0.4836,0.5152,0.082183,-0.001046,0.099521,0.014325,0.0,5,0.998434,0.001167
Le2i_Coffee_room_01_video (43)_w017,Le2i_Coffee_room_01_video (43),Coffee_room_01,1,NORMAL,TN,4.3e-05,0.47,0.469957,0.0,0.4736,0.0,0.4739,0.5152,0.082183,-0.000602,0.099521,0.01098,0.0,4,0.999024,0.000991
Le2i_Coffee_room_01_video (43)_w018,Le2i_Coffee_room_01_video (43),Coffee_room_01,1,NORMAL,TN,3.8e-05,0.47,0.469962,0.0,0.4674,0.0,0.4588,0.5152,0.057305,0.000596,0.065012,0.006544,96.03,3,0.999035,0.000859
Le2i_Coffee_room_01_video (43)_w019,Le2i_Coffee_room_01_video (43),Coffee_room_01,1,NORMAL,TN,3.8e-05,0.47,0.469962,0.0,0.4687,0.0,0.4588,0.5152,0.073274,0.00064,0.104724,0.010548,114.2875,4,0.998091,0.000918
Le2i_Coffee_room_01_video (43)_w020,Le2i_Coffee_room_01_video (43),Coffee_room_01,1,NORMAL,TN,6.4e-05,0.47,0.469936,0.0,0.47,0.0,0.4588,0.5152,0.073274,-0.000502,0.104724,0.012631,0.0,2,0.998791,0.001199
Le2i_Coffee_room_01_video (43)_w021,Le2i_Coffee_room_01_video (43),Coffee_room_01,1,NORMAL,TN,0.000188,0.47,0.469812,0.0,0.463,0.0,0.4545,0.5236,0.067452,9e-05,0.067997,0.010917,741.2498,1,0.999661,0.00027
Le2i_Coffee_room_01_video (43)_w022,Le2i_Coffee_room_01_video (43),Coffee_room_01,1,NORMAL,TN,0.000275,0.47,0.469725,0.0,0.4569,0.0,0.4485,0.5267,0.038048,0.000186,0.047958,0.010812,203.2367,0,0.999584,0.000292
Le2i_Coffee_room_01_video (43)_w023,Le2i_Coffee_room_01_video (43),Coffee_room_01,1,NORMAL,TN,0.000454,0.47,0.469546,0.0,0.4544,0.0,0.4291,0.523,0.096158,-0.003889,0.150215,0.021758,0.0,3,0.989394,0.017172
Le2i_Coffee_room_01_video (43)_w024,Le2i_Coffee_room_01_video (43),Coffee_room_01,1,FALL,TP,0.784821,0.47,0.314821,0.0,0.4506,0.0,0.4188,0.5248,0.707709,-0.023102,0.891921,0.144088,0.0,24,0.846571,0.199211
Le2i_Coffee_room_01_video (43)_w025,Le2i_Coffee_room_01_video (43),Coffee_room_01,1,FALL,TP,0.802957,0.47,0.332957,0.0,0.4432,0.0,0.3788,0.5079,0.707709,-0.022514,0.891921,0.179641,0.0,40,0.757636,0.155936
Le2i_Coffee_room_01_video (43)_w026,Le2i_Coffee_room_01_video (43),Coffee_room_01,1,FALL,TP,0.758006,0.47,0.288006,0.0,0.4326,0.0,0.3194,0.4958,0.257738,-0.004783,0.615861,0.072597,0.0,27,0.817888,0.02899
Le2i_Coffee_room_01_video (44)_w000,Le2i_Coffee_room_01_video (44),Coffee_room_01,1,NORMAL,TN,0.000694,0.47,0.469306,0.0,0.4248,0.0,0.3867,0.5594,0.342258,-0.004932,0.342274,0.032603,0.0,15,0.996975,0.006463
Le2i_Coffee_room_01_video (44)_w001,Le2i_Coffee_room_01_video (44),Coffee_room_01,1,FALL,TP,0.848232,0.47,0.378232,0.0,0.3902,0.0,0.3303,0.5842,6.295085,-0.040179,11.613489,0.55624,0.0,27,0.915197,0.15521
Le2i_Coffee_room_01_video (44)_w002,Le2i_Coffee_room_01_video (44),Coffee_room_01,1,FALL,TP,0.999378,0.47,0.529378,0.0,0.371,0.0,0.2836,0.5788,13.028147,-0.04125,19.305964,1.766303,0.0,42,0.7659,0.206339
Le2i_Coffee_room_01_video (44)_w003,Le2i_Coffee_room_01_video (44),Coffee_room_01,1,FALL,TP,0.999486,0.47,0.529486,0.0,0.4024,0.0,0.3321,0.5321,13.028147,-0.025384,19.305964,1.356464,0.0,40,0.719373,0.143598
Le2i_Coffee_room_01_video (45)_w000,Le2i_Coffee_room_01_video (45),Coffee_room_01,1,NORMAL,TN,5.6e-05,0.47,0.469944,0.0,0.4835,0.0,0.4758,0.4988,0.068837,-0.000222,0.069566,0.012004,0.0,2,0.999117,0.000558
Le2i_Coffee_room_01_video (45)_w001,Le2i_Coffee_room_01_video (45),Coffee_room_01,1,NORMAL,TN,3.7e-05,0.47,0.469963,0.0,0.4862,0.0,0.4842,0.4982,0.068837,0.00041,0.081848,0.012736,167.6759,4,0.999459,0.000425
Le2i_Coffee_room_01_video (45)_w002,Le2i_Coffee_room_01_video (45),Coffee_room_01,1,NORMAL,TN,7.8e-05,0.47,0.469922,0.0,0.476,0.0,0.4691,0.5133,0.334376,-0.005996,0.365142,0.031971,0.0,11,0.975275,0.063096
Le2i_Coffee_room_01_video (45)_w003,Le2i_Coffee_room_01_video (45),Coffee_room_01,1,FALL,TP,0.778187,0.47,0.308187,0.0,0.4597,0.0,0.4358,0.5206,0.409245,-0.022742,0.820287,0.124364,0.0,33,0.65783,0.311689
Le2i_Coffee_room_01_video (45)_w004,Le2i_Coffee_room_01_video (45),Coffee_room_01,1,FALL,TP,0.738522,0.47,0.268522,0.0,0.4437,0.0,0.3903,0.5206,0.409245,-0.018504,0.820287,0.123972,0.0,34,0.381419,0.090995
Le2i_Coffee_room_01_video (45)_w005,Le2i_Coffee_room_01_video (45),Coffee_room_01,1,NORMAL,FP,0.710702,0.47,0.240702,0.710702,0.4387,0.0,0.3636,0.5152,0.167033,-0.00051,0.286245,0.041426,0.0,14,0.398467,0.021349
Le2i_Coffee_room_01_video (45)_w006,Le2i_Coffee_room_01_video (45),Coffee_room_01,1,FALL,TP,0.704534,0.47,0.234534,0.0,0.4391,0.0,0.3636,0.5152,0.098152,0.000203,0.184919,0.030805,482.04,8,0.404561,0.018846
Le2i_Coffee_room_01_video (46)_w000,Le2i_Coffee_room_01_video (46),Coffee_room_01,1,NORMAL,TN,0.000395,0.47,0.469605,0.0,0.4248,0.0,0.3727,0.5455,0.057034,-0.000617,0.074604,0.012,0.0,2,0.999784,0.000251
Le2i_Coffee_room_01_video (46)_w001,Le2i_Coffee_room_01_video (46),Coffee_room_01,1,NORMAL,TN,0.000375,0.47,0.469625,0.0,0.4306,0.0,0.3788,0.5352,0.064069,-0.000528,0.074604,0.012632,0.0,1,0.999214,0.000689
Le2i_Coffee_room_01_video (46)_w002,Le2i_Coffee_room_01_video (46),Coffee_room_01,1,NORMAL,TN,0.000308,0.47,0.469692,0.0,0.4546,0.0,0.4139,0.52,0.066455,-0.000123,0.104739,0.015606,0.0,2,0.998745,0.000944
Le2i_Coffee_room_01_video (46)_w003,Le2i_Coffee_room_01_video (46),Coffee_room_01,1,NORMAL,TN,0.00036,0.47,0.46964,0.0,0.4672,0.0,0.4418,0.5152,0.127764,0.000577,0.128482,0.019859,221.224,7,0.998773,0.001047
Le2i_Coffee_room_01_video (46)_w004,Le2i_Coffee_room_01_video (46),Coffee_room_01,1,NORMAL,TN,0.000438,0.47,0.469562,0.0,0.4723,0.0,0.4612,0.5152,0.127764,-0.00114,0.128482,0.024983,0.0,13,0.998677,0.000993
Le2i_Coffee_room_01_video (46)_w005,Le2i_Coffee_room_01_video (46),Coffee_room_01,1,FALL,FN,0.012825,0.47,0.457175,0.987175,0.462,0.0,0.4491,0.5224,0.582098,-0.008325,0.636019,0.08302,0.0,24,0.845167,0.278506
Le2i_Coffee_room_01_video (46)_w006,Le2i_Coffee_room_01_video (46),Coffee_room_01,1,FALL,TP,1.0,0.47,0.53,0.0,0.3873,0.0,0.3382,0.5982,74.918289,-0.024878,82.806046,3.172012,0.0,39,0.581286,0.267725
Le2i_Coffee_room_01_video (46)_w007,Le2i_Coffee_room_01_video (46),Coffee_room_01,1,FALL,TP,0.474617,0.47,0.004617,0.0,0.2502,0.0,0.1721,0.7436,123.142189,-0.7706,124.018852,11.2146,0.0,42,0.459113,0.117711
Le2i_Coffee_room_01_video (46)_w008,Le2i_Coffee_room_01_video (46),Coffee_room_01,1,FALL,FN,0.0,0.47,0.47,1.0,0.1939,0.0,0.1164,0.8103,123.142189,-0.003986,124.018852,12.922154,0.0,35,0.480602,0.135073
Le2i_Coffee_room_01_video (46)_w009,Le2i_Coffee_room_01_video (46),Coffee_room_01,1,FALL,TP,0.93362,0.47,0.46362,0.0,0.2114,0.0,0.1273,0.7903,75.901405,0.710733,76.321083,8.434466,106.793,30,0.500389,0.137611
Le2i_Coffee_room_01_video (47)_w000,Le2i_Coffee_room_01_video (47),Coffee_room_01,1,NORMAL,TN,0.0,0.47,0.47,0.0,0.4412,0.0,0.3976,0.5303,0.606701,0.020323,0.992617,0.066181,29.8521,29,0.932084,0.100737
Le2i_Coffee_room_01_video (47)_w001,Le2i_Coffee_room_01_video (47),Coffee_room_01,1,NORMAL,TN,3.8e-05,0.47,0.469962,0.0,0.4506,0.0,0.4079,0.5248,0.243339,0.003425,0.256038,0.039415,71.0204,18,0.992879,0.022915
Le2i_Coffee_room_01_video (47)_w002,Le2i_Coffee_room_01_video (47),Coffee_room_01,1,NORMAL,TN,0.000111,0.47,0.469889,0.0,0.4323,0.0,0.3855,0.5545,0.195247,5e-06,0.206693,0.036227,32879.6308,18,0.998846,0.00171
Le2i_Coffee_room_01_video (47)_w003,Le2i_Coffee_room_01_video (47),Coffee_room_01,1,NORMAL,TN,3.3e-05,0.47,0.469967,0.0,0.4133,0.0,0.3588,0.5739,0.143567,-0.000842,0.158187,0.032334,0.0,12,0.99822,0.001561
Le2i_Coffee_room_01_video (47)_w004,Le2i_Coffee_room_01_video (47),Coffee_room_01,1,NORMAL,TN,2e-06,0.47,0.469998,0.0,0.4186,0.0,0.3636,0.557,0.143567,-0.001901,0.158187,0.03142,0.0,7,0.998649,0.000675
Le2i_Coffee_room_01_video (47)_w005,Le2i_Coffee_room_01_video (47),Coffee_room_01,1,NORMAL,TN,0.0,0.47,0.47,0.0,0.4352,0.0,0.3879,0.537,0.240763,-0.000289,0.261354,0.028522,0.0,9,0.998732,0.000611
Le2i_Coffee_room_01_video (47)_w006,Le2i_Coffee_room_01_video (47),Coffee_room_01,1,NORMAL,TN,0.0,0.47,0.47,0.0,0.4148,0.0,0.3667,0.5685,0.240763,0.000891,0.261354,0.026005,270.0236,10,0.995404,0.003524
Le2i_Coffee_room_01_video (47)_w007,Le2i_Coffee_room_01_video (47),Coffee_room_01,1,NORMAL,TN,0.0,0.47,0.47,0.0,0.3975,0.0,0.3509,0.5939,0.070033,-0.000486,0.150352,0.022085,0.0,4,0.993083,0.001998
Le2i_Coffee_room_01_video (47)_w008,Le2i_Coffee_room_01_video (47),Coffee_room_01,1,NORMAL,TN,0.0,0.47,0.47,0.0,0.3979,0.0,0.3418,0.5848,0.232189,-4.4e-05,0.234299,0.016561,0.0,4,0.996593,0.002917
Le2i_Coffee_room_01_video (47)_w009,Le2i_Coffee_room_01_video (47),Coffee_room_01,1,NORMAL,TN,0.0,0.47,0.47,0.0,0.4016,0.0,0.3412,0.5709,0.232189,-8.9e-05,0.234299,0.012894,0.0,3,0.999006,0.00059
Le2i_Coffee_room_01_video (47)_w010,Le2i_Coffee_room_01_video (47),Coffee_room_01,1,NORMAL,TN,0.0,0.47,0.47,0.0,0.4089,0.0,0.3515,0.5558,0.083281,0.000345,0.161767,0.019576,240.7083,4,0.996894,0.002199
Le2i_Coffee_room_01_video (47)_w011,Le2i_Coffee_room_01_video (47),Coffee_room_01,1,NORMAL,TN,0.0,0.47,0.47,0.0,0.4187,0.0,0.3709,0.5545,0.139843,-0.002531,0.188457,0.02972,0.0,6,0.984743,0.016876
Le2i_Coffee_room_01_video (47)_w012,Le2i_Coffee_room_01_video (47),Coffee_room_01,1,NORMAL,TN,0.0,0.47,0.47,0.0,0.4216,0.0,0.3715,0.5461,0.334363,-0.002861,0.394194,0.066806,0.0,22,0.853355,0.146193
Le2i_Coffee_room_01_video (47)_w013,Le2i_Coffee_room_01_video (47),Coffee_room_01,1,NORMAL,TN,0.0,0.47,0.47,0.0,0.4096,0.0,0.3533,0.5461,0.334363,0.000354,0.394194,0.08213,943.1162,28,0.766291,0.103464
Le2i_Coffee_room_01_video (47)_w014,Le2i_Coffee_room_01_video (47),Coffee_room_01,1,NORMAL,TN,0.0,0.47,0.47,0.0,0.4289,0.0,0.4012,0.5418,0.105964,0.00045,0.209737,0.048822,234.7781,12,0.864223,0.086525
Le2i_Coffee_room_01_video (47)_w015,Le2i_Coffee_room_01_video (47),Coffee_room_01,1,NORMAL,TN,0.0,0.47,0.47,0.0,0.4635,0.0,0.46,0.5212,0.06692,0.001583,0.163644,0.034447,42.2547,3,0.960201,0.037754
Le2i_Coffee_room_01_video (47)_w016,Le2i_Coffee_room_01_video (47),Coffee_room_01,1,NORMAL,TN,0.0,0.47,0.47,0.0,0.4837,0.0,0.4782,0.4945,0.06692,0.000979,0.163644,0.029739,68.3131,2,0.99601,0.00475
Le2i_Coffee_room_01_video (47)_w017,Le2i_Coffee_room_01_video (47),Coffee_room_01,1,NORMAL,TN,0.0,0.47,0.47,0.0,0.487,0.0,0.4818,0.4885,0.080355,0.000263,0.111466,0.024465,304.4922,1,0.996841,0.003236
Le2i_Coffee_room_01_video (47)_w018,Le2i_Coffee_room_01_video (47),Coffee_room_01,1,NORMAL,TN,2e-06,0.47,0.469998,0.0,0.4748,0.0,0.4697,0.5048,0.110762,0.001078,0.139324,0.032188,102.6662,8,0.99587,0.002663
Le2i_Coffee_room_01_video (47)_w019,Le2i_Coffee_room_01_video (47),Coffee_room_01,1,NORMAL,TN,8e-06,0.47,0.469992,0.0,0.4669,0.0,0.4558,0.52,0.110762,0.001314,0.139324,0.034032,84.2021,8,0.996271,0.001892
Le2i_Coffee_room_01_video (47)_w020,Le2i_Coffee_room_01_video (47),Coffee_room_01,1,NORMAL,TN,8.5e-05,0.47,0.469915,0.0,0.4785,0.0,0.4685,0.5061,0.10902,0.000625,0.116475,0.027213,174.0248,7,0.99715,0.002398
Le2i_Coffee_room_01_video (47)_w021,Le2i_Coffee_room_01_video (47),Coffee_room_01,1,NORMAL,TN,3.9e-05,0.47,0.469961,0.0,0.4833,0.0,0.4745,0.4988,0.10902,0.001082,0.116475,0.020294,100.6976,6,0.998959,0.001118
Le2i_Coffee_room_01_video (47)_w022,Le2i_Coffee_room_01_video (47),Coffee_room_01,1,NORMAL,TN,1.5e-05,0.47,0.469985,0.0,0.4629,0.0,0.4479,0.5267,0.140018,-0.000238,0.240268,0.016368,0.0,3,0.998175,0.001464
Le2i_Coffee_room_01_video (47)_w023,Le2i_Coffee_room_01_video (47),Coffee_room_01,1,NORMAL,TN,2.5e-05,0.47,0.469975,0.0,0.4382,0.0,0.4036,0.5455,0.404698,-0.006216,0.417651,0.035033,0.0,18,0.993055,0.023852
Le2i_Coffee_room_01_video (47)_w024,Le2i_Coffee_room_01_video (47),Coffee_room_01,1,FALL,TP,1.0,0.47,0.53,0.0,0.3908,0.0,0.3279,0.58,76.131805,-0.06046,79.278427,1.890088,0.0,39,0.689483,0.336022
Le2i_Coffee_room_01_video (47)_w025,Le2i_Coffee_room_01_video (47),Coffee_room_01,1,FALL,FN,0.0,0.47,0.47,1.0,0.2281,0.0,0.1691,0.7582,76.131805,-0.941894,86.192497,6.292142,0.0,47,0.344073,0.223115
Le2i_Coffee_room_01_video (47)_w026,Le2i_Coffee_room_01_video (47),Coffee_room_01,1,NORMAL,TN,0.0,0.47,0.47,0.0,0.0664,0.0,0.0315,0.9509,62.326172,-0.640266,86.192497,6.789969,0.0,46,0.324226,0.231995
Le2i_Coffee_room_01_video (47)_w027,Le2i_Coffee_room_01_video (47),Coffee_room_01,1,FALL,FN,0.0,0.47,0.47,1.0,0.0255,0.0,0.0,1.0,54.401077,-0.161948,67.867401,8.786444,0.0,42,0.38873,0.252946
Le2i_Coffee_room_01_video (48)_w000,Le2i_Coffee_room_01_video (48),Coffee_room_01,1,NORMAL,TN,0.0,0.47,0.47,0.0,0.4256,0.0,0.3909,0.5503,0.273738,0.020827,0.282003,0.053944,13.1428,28,0.948887,0.059293
Le2i_Coffee_room_01_video (48)_w001,Le2i_Coffee_room_01_video (48),Coffee_room_01,1,NORMAL,TN,0.0,0.47,0.47,0.0,0.4245,0.0,0.3758,0.5636,0.273738,0.016216,0.282003,0.056706,16.8792,26,0.95676,0.061096
Le2i_Coffee_room_01_video (48)_w002,Le2i_Coffee_room_01_video (48),Coffee_room_01,1,NORMAL,TN,3.9e-05,0.47,0.469961,0.0,0.4292,0.0,0.3873,0.5642,0.118982,-0.002149,0.155914,0.04344,0.0,18,0.999259,0.000714
Le2i_Coffee_room_01_video (48)_w003,Le2i_Coffee_room_01_video (48),Coffee_room_01,1,NORMAL,TN,5e-06,0.47,0.469995,0.0,0.4467,0.0,0.4085,0.5418,0.104584,-0.001986,0.17396,0.036481,0.0,13,0.998236,0.002095
Le2i_Coffee_room_01_video (48)_w004,Le2i_Coffee_room_01_video (48),Coffee_room_01,1,NORMAL,TN,1e-06,0.47,0.469999,0.0,0.4754,0.0,0.4564,0.5061,0.096081,-0.000683,0.17396,0.020738,0.0,6,0.994519,0.002931
Le2i_Coffee_room_01_video (48)_w005,Le2i_Coffee_room_01_video (48),Coffee_room_01,1,NORMAL,TN,0.0,0.47,0.47,0.0,0.4899,0.0,0.4721,0.4848,0.070182,-0.000508,0.082929,0.008461,0.0,1,0.992739,0.000843
Le2i_Coffee_room_01_video (48)_w006,Le2i_Coffee_room_01_video (48),Coffee_room_01,1,NORMAL,TN,0.0,0.47,0.47,0.0,0.4888,0.0,0.4703,0.4861,0.082188,-0.000212,0.183164,0.013599,0.0,2,0.995066,0.002228
Le2i_Coffee_room_01_video (48)_w007,Le2i_Coffee_room_01_video (48),Coffee_room_01,1,NORMAL,TN,0.0,0.47,0.47,0.0,0.483,0.0,0.4745,0.5,0.131836,-0.018598,0.526821,0.050856,0.0,10,0.992898,0.009997
Le2i_Coffee_room_01_video (48)_w008,Le2i_Coffee_room_01_video (48),Coffee_room_01,1,NORMAL,TN,0.0,0.47,0.47,0.0,0.4769,0.0,0.4715,0.5097,0.155262,-0.021973,0.803028,0.069569,0.0,14,0.987586,0.012415
Le2i_Coffee_room_01_video (48)_w009,Le2i_Coffee_room_01_video (48),Coffee_room_01,1,NORMAL,TN,0.0,0.47,0.47,0.0,0.4758,0.0,0.4788,0.5109,0.516238,-0.004143,0.803028,0.048681,0.0,14,0.992503,0.010471
Le2i_Coffee_room_01_video (48)_w010,Le2i_Coffee_room_01_video (48),Coffee_room_01,1,NORMAL,TN,0.0,0.47,0.47,0.0,0.4756,0.0,0.4848,0.5152,0.516238,8.5e-05,0.529104,0.037161,6003.4209,21,0.999082,0.000452
Le2i_Coffee_room_01_video (48)_w011,Le2i_Coffee_room_01_video (48),Coffee_room_01,1,NORMAL,TN,0.0,0.47,0.47,0.0,0.4734,0.0,0.4848,0.5152,0.323121,0.000187,0.472715,0.037196,1716.8902,27,0.999129,0.000305
Le2i_Coffee_room_01_video (48)_w012,Le2i_Coffee_room_01_video (48),Coffee_room_01,1,NORMAL,TN,0.0,0.47,0.47,0.0,0.4714,0.0,0.4848,0.5152,0.249574,0.001133,0.313218,0.037824,220.1483,29,0.998972,0.000215
Le2i_Coffee_room_01_video (48)_w013,Le2i_Coffee_room_01_video (48),Coffee_room_01,1,NORMAL,TN,0.0,0.47,0.47,0.0,0.4666,0.0,0.4703,0.5182,0.426287,-0.002114,0.511717,0.05042,0.0,31,0.991579,0.018807
Le2i_Coffee_room_01_video (48)_w014,Le2i_Coffee_room_01_video (48),Coffee_room_01,1,NORMAL,TN,0.0,0.47,0.47,0.0,0.4492,0.0,0.4309,0.5315,0.426287,0.022531,0.551557,0.088564,18.9188,38,0.964786,0.040394
Le2i_Coffee_room_01_video (48)_w015,Le2i_Coffee_room_01_video (48),Coffee_room_01,1,NORMAL,TN,0.0,0.47,0.47,0.0,0.456,0.0,0.4321,0.5285,0.247983,0.025706,0.551557,0.06674,9.6464,20,0.97082,0.040048
Le2i_Coffee_room_01_video (48)_w016,Le2i_Coffee_room_01_video (48),Coffee_room_01,1,NORMAL,TN,1e-06,0.47,0.469999,0.0,0.476,0.0,0.4636,0.5133,0.077245,0.001196,0.19551,0.026444,64.5326,5,0.99733,0.001607
Le2i_Coffee_room_01_video (48)_w017,Le2i_Coffee_room_01_video (48),Coffee_room_01,1,NORMAL,TN,3e-06,0.47,0.469997,0.0,0.4644,0.0,0.4473,0.5206,0.107144,0.001292,0.19551,0.036885,82.8774,15,0.998619,0.001155
Le2i_Coffee_room_01_video (48)_w018,Le2i_Coffee_room_01_video (48),Coffee_room_01,1,NORMAL,TN,3.6e-05,0.47,0.469964,0.0,0.4603,0.0,0.4382,0.5224,0.107144,0.001036,0.125488,0.035703,103.3517,14,0.998576,0.001427
Le2i_Coffee_room_01_video (48)_w019,Le2i_Coffee_room_01_video (48),Coffee_room_01,1,NORMAL,TN,7.7e-05,0.47,0.469923,0.0,0.4792,0.0,0.4655,0.503,0.082648,0.000658,0.108027,0.025638,125.3594,8,0.998857,0.001359
Le2i_Coffee_room_01_video (48)_w020,Le2i_Coffee_room_01_video (48),Coffee_room_01,1,NORMAL,TN,4e-05,0.47,0.46996,0.0,0.4915,0.0,0.4824,0.4879,0.061416,0.000334,0.21801,0.014591,183.3819,4,0.999441,0.000372
Le2i_Coffee_room_01_video (48)_w021,Le2i_Coffee_room_01_video (48),Coffee_room_01,1,NORMAL,TN,1e-05,0.47,0.46999,0.0,0.4907,0.0,0.4733,0.4848,0.063519,0.000676,0.21801,0.011418,93.8421,2,0.999614,0.00018
Le2i_Coffee_room_01_video (48)_w022,Le2i_Coffee_room_01_video (48),Coffee_room_01,1,NORMAL,TN,9e-06,0.47,0.469991,0.0,0.4882,0.0,0.4673,0.4848,0.340652,0.000812,0.384424,0.016629,418.8863,13,0.999765,0.000129
Le2i_Coffee_room_01_video (48)_w023,Le2i_Coffee_room_01_video (48),Coffee_room_01,1,NORMAL,TN,2.3e-05,0.47,0.469977,0.0,0.4883,0.0,0.4788,0.4885,0.340652,-0.000408,0.384424,0.016434,0.0,12,0.999729,0.000221
Le2i_Coffee_room_01_video (48)_w024,Le2i_Coffee_room_01_video (48),Coffee_room_01,1,NORMAL,TN,0.000136,0.47,0.469864,0.0,0.474,0.0,0.4679,0.5097,0.110366,-0.004031,0.189066,0.0254,0.0,5,0.995295,0.011016
Le2i_Coffee_room_01_video (48)_w025,Le2i_Coffee_room_01_video (48),Coffee_room_01,1,FALL,TP,0.760236,0.47,0.290236,0.0,0.4453,0.0,0.4218,0.537,1.453794,-0.038601,2.969346,0.196882,0.0,28,0.701051,0.327556
Le2i_Coffee_room_01_video (48)_w026,Le2i_Coffee_room_01_video (48),Coffee_room_01,1,FALL,TP,0.823471,0.47,0.353471,0.0,0.4208,0.0,0.3782,0.5667,1.453794,-0.027342,2.969346,0.238127,0.0,39,0.421717,0.156709
Le2i_Coffee_room_01_video (48)_w027,Le2i_Coffee_room_01_video (48),Coffee_room_01,1,FALL,TP,0.78887,0.47,0.31887,0.0,0.4058,0.0,0.3636,0.603,0.352899,0.002163,0.655691,0.072928,163.0429,20,0.445215,0.038635
Le2i_Coffee_room_01_video (48)_w028,Le2i_Coffee_room_01_video (48),Coffee_room_01,1,FALL,TP,0.751493,0.47,0.281493,0.0,0.3998,0.0,0.3636,0.6194,0.211361,0.000549,0.404753,0.038546,384.5452,11,0.457211,0.016662
Le2i_Coffee_room_01_video (48)_w029,Le2i_Coffee_room_01_video (48),Coffee_room_01,1,FALL,TP,0.768661,0.47,0.298661,0.0,0.3966,0.0,0.3636,0.6255,0.216253,0.000799,0.404753,0.054729,270.4344,17,0.464403,0.030133
Le2i_Coffee_room_01_video (5)_w000,Le2i_Coffee_room_01_video (5),Coffee_room_01,1,NORMAL,TN,0.000278,0.47,0.469722,0.0,0.3533,0.0,0.2891,0.6352,0.810856,0.003284,0.885261,0.098246,246.8221,40,0.995324,0.003922
Le2i_Coffee_room_01_video (5)_w001,Le2i_Coffee_room_01_video (5),Coffee_room_01,1,NORMAL,TN,4.1e-05,0.47,0.469959,0.0,0.3925,0.0,0.3412,0.6,0.606776,0.002771,0.650061,0.063028,218.8994,30,0.99875,0.001769
Le2i_Coffee_room_01_video (5)_w002,Le2i_Coffee_room_01_video (5),Coffee_room_01,1,NORMAL,TN,2.8e-05,0.47,0.469972,0.0,0.4018,0.0,0.3576,0.5927,0.37434,0.001018,0.521131,0.033644,367.3658,19,0.999797,0.000296
Le2i_Coffee_room_01_video (5)_w003,Le2i_Coffee_room_01_video (5),Coffee_room_01,1,NORMAL,TN,6.9e-05,0.47,0.469931,0.0,0.4333,0.0,0.3982,0.5576,0.433528,-0.004233,0.497979,0.036221,0.0,18,0.999521,0.000692
Le2i_Coffee_room_01_video (5)_w004,Le2i_Coffee_room_01_video (5),Coffee_room_01,1,FALL,TP,0.987951,0.47,0.517951,0.0,0.4565,0.0,0.4279,0.5158,3.807438,-0.071175,5.899775,0.407464,0.0,34,0.898308,0.202737
Le2i_Coffee_room_01_video (5)_w005,Le2i_Coffee_room_01_video (5),Coffee_room_01,1,FALL,TP,1.0,0.47,0.53,0.0,0.4314,0.0,0.397,0.5321,117.753227,-0.025314,145.187943,3.963861,0.0,46,0.721188,0.237495
Le2i_Coffee_room_01_video (6)_w000,Le2i_Coffee_room_01_video (6),Coffee_room_01,1,NORMAL,TN,0.000167,0.47,0.469833,0.0,0.3635,0.0,0.3073,0.6267,0.729089,0.001454,0.942395,0.068819,501.0401,35,0.996711,0.004608
Le2i_Coffee_room_01_video (6)_w001,Le2i_Coffee_room_01_video (6),Coffee_room_01,1,NORMAL,TN,5.4e-05,0.47,0.469946,0.0,0.4002,0.0,0.3588,0.5873,0.346678,0.002787,0.428257,0.034101,124.3629,22,0.999715,0.00054
Le2i_Coffee_room_01_video (6)_w002,Le2i_Coffee_room_01_video (6),Coffee_room_01,1,NORMAL,TN,6.7e-05,0.47,0.469933,0.0,0.3925,0.0,0.34,0.5903,0.323183,0.000529,0.333231,0.026054,609.5459,12,0.999787,0.000237
Le2i_Coffee_room_01_video (6)_w003,Le2i_Coffee_room_01_video (6),Coffee_room_01,1,NORMAL,TN,5.2e-05,0.47,0.469948,0.0,0.4019,0.0,0.3497,0.5818,0.586636,-0.000962,0.815732,0.033322,0.0,18,0.999415,0.000716
Le2i_Coffee_room_01_video (6)_w004,Le2i_Coffee_room_01_video (6),Coffee_room_01,1,FALL,TP,0.583252,0.47,0.113252,0.0,0.4218,0.0,0.3818,0.5564,11.649049,0.031456,14.984735,0.327052,370.312,30,0.928685,0.170462
Le2i_Coffee_room_01_video (6)_w005,Le2i_Coffee_room_01_video (6),Coffee_room_01,1,FALL,TP,0.998988,0.47,0.528988,0.0,0.2326,0.0,0.2061,0.7503,11.649049,-0.021539,14.984735,0.394384,0.0,21,0.454338,0.443325
Le2i_Coffee_room_01_video (6)_w006,Le2i_Coffee_room_01_video (6),Coffee_room_01,1,FALL,TP,0.940846,0.47,0.470846,0.0,0.2148,0.0,0.1564,0.7364,6.662827,-0.07042,9.343699,0.411733,0.0,18,0.23815,0.221576
Le2i_Coffee_room_01_video (6)_w007,Le2i_Coffee_room_01_video (6),Coffee_room_01,1,FALL,TP,0.926327,0.47,0.456327,0.0,0.3825,0.0,0.2588,0.5285,6.662827,-0.018266,9.343699,0.660147,0.0,32,0.479767,0.093263
Le2i_Coffee_room_01_video (7)_w000,Le2i_Coffee_room_01_video (7),Coffee_room_01,1,NORMAL,TN,0.0,0.47,0.47,0.0,0.3877,0.0,0.3267,0.5933,0.270287,-0.001707,0.459812,0.043888,0.0,32,0.999484,0.000741
Le2i_Coffee_room_01_video (7)_w001,Le2i_Coffee_room_01_video (7),Coffee_room_01,1,NORMAL,TN,5e-06,0.47,0.469995,0.0,0.4104,0.0,0.3703,0.5788,0.148839,-0.0006,0.177037,0.029516,0.0,29,0.999821,0.000186
Le2i_Coffee_room_01_video (7)_w002,Le2i_Coffee_room_01_video (7),Coffee_room_01,1,NORMAL,TN,0.000119,0.47,0.469881,0.0,0.4314,0.0,0.3976,0.5539,0.232381,-0.015141,0.289557,0.046309,0.0,22,0.998862,0.001465
Le2i_Coffee_room_01_video (7)_w003,Le2i_Coffee_room_01_video (7),Coffee_room_01,1,FALL,TP,0.999438,0.47,0.529438,0.0,0.4407,0.0,0.4158,0.5327,16.159073,-0.013601,21.799831,1.38753,0.0,30,0.91069,0.175017
Le2i_Coffee_room_01_video (7)_w004,Le2i_Coffee_room_01_video (7),Coffee_room_01,1,FALL,TP,0.999536,0.47,0.529536,0.0,0.4355,0.0,0.3958,0.523,16.159073,-0.003001,21.799831,1.426724,0.0,40,0.712506,0.188656
Le2i_Coffee_room_01_video (8)_w000,Le2i_Coffee_room_01_video (8),Coffee_room_01,1,NORMAL,TN,0.0,0.47,0.47,0.0,0.3961,0.0,0.3509,0.6085,0.53069,-0.0005,0.531429,0.057411,0.0,32,0.997614,0.001743
Le2i_Coffee_room_01_video (8)_w001,Le2i_Coffee_room_01_video (8),Coffee_room_01,1,NORMAL,TN,0.0,0.47,0.47,0.0,0.3971,0.0,0.3436,0.5988,0.149053,-0.00128,0.355719,0.058618,0.0,25,0.993681,0.01365
Le2i_Coffee_room_01_video (8)_w002,Le2i_Coffee_room_01_video (8),Coffee_room_01,1,NORMAL,TN,0.0,0.47,0.47,0.0,0.42,0.0,0.3927,0.5697,0.162103,-0.007046,0.368449,0.067427,0.0,22,0.919793,0.074643
Le2i_Coffee_room_01_video (8)_w003,Le2i_Coffee_room_01_video (8),Coffee_room_01,1,NORMAL,TN,0.0,0.47,0.47,0.0,0.441,0.0,0.4503,0.5455,0.162103,-0.005159,0.368449,0.046261,0.0,10,0.838573,0.027524
Le2i_Coffee_room_01_video (8)_w004,Le2i_Coffee_room_01_video (8),Coffee_room_01,1,NORMAL,TN,0.0,0.47,0.47,0.0,0.4447,0.0,0.4436,0.5394,0.218118,0.005183,0.44892,0.060745,42.0727,17,0.882341,0.071644
Le2i_Coffee_room_01_video (8)_w005,Le2i_Coffee_room_01_video (8),Coffee_room_01,1,FALL,TP,0.976264,0.47,0.506264,0.0,0.4195,0.0,0.3982,0.5588,15.254096,0.040808,19.300526,0.746762,373.7896,33,0.874103,0.258441
Le2i_Coffee_room_01_video (8)_w006,Le2i_Coffee_room_01_video (8),Coffee_room_01,1,FALL,TP,1.0,0.47,0.53,0.0,0.204,0.0,0.1879,0.783,39.050438,0.035406,39.386795,3.022928,1102.8888,25,0.481596,0.479943
Le2i_Coffee_room_01_video (8)_w007,Le2i_Coffee_room_01_video (8),Coffee_room_01,1,NORMAL,FP,1.0,0.47,0.53,1.0,0.0089,0.0,0.0061,0.9909,39.050438,0.0,39.386795,2.324805,38692618.228,8,0.076496,0.259863
Le2i_Coffee_room_01_video (8)_w008,Le2i_Coffee_room_01_video (8),Coffee_room_01,1,FALL,FN,0.341016,0.47,0.128984,0.658984,0.0,0.0,0.0,1.0,0.0,0.0,0.0,0.0,0.0,0,0.0,0.0
Le2i_Coffee_room_01_video (9)_w000,Le2i_Coffee_room_01_video (9),Coffee_room_01,1,NORMAL,TN,0.0,0.47,0.47,0.0,0.4364,0.0,0.4133,0.5376,0.47789,0.017595,0.522393,0.063223,27.1596,31,0.918834,0.072915
Le2i_Coffee_room_01_video (9)_w001,Le2i_Coffee_room_01_video (9),Coffee_room_01,1,NORMAL,TN,0.0,0.47,0.47,0.0,0.4292,0.0,0.3994,0.5436,0.47789,0.015416,0.522393,0.051183,30.9977,24,0.940231,0.082229
Le2i_Coffee_room_01_video (9)_w002,Le2i_Coffee_room_01_video (9),Coffee_room_01,1,NORMAL,TN,0.324671,0.47,0.145329,0.0,0.4227,0.0,0.38,0.5515,0.433835,-0.147333,6.849258,0.210093,0.0,16,0.983898,0.074818
Le2i_Coffee_room_01_video (9)_w003,Le2i_Coffee_room_01_video (9),Coffee_room_01,1,FALL,TP,1.0,0.47,0.53,0.0,0.3833,0.0,0.3273,0.583,118.186401,-0.035432,151.699326,4.753765,0.0,37,0.845371,0.214349
Le2i_Coffee_room_01_video (9)_w004,Le2i_Coffee_room_01_video (9),Coffee_room_01,1,FALL,TP,1.0,0.47,0.53,0.0,0.3832,0.0,0.3321,0.5794,118.186401,0.046871,151.699326,4.695261,2521.4645,43,0.726324,0.16091
Le2i_Coffee_room_01_video (9)_w005,Le2i_Coffee_room_01_video (9),Coffee_room_01,1,FALL,TP,0.914557,0.47,0.444557,0.0,0.403,0.0,0.3521,0.5691,2.620416,0.013813,3.063286,0.413434,189.6876,35,0.705183,0.041639
Le2i_Coffee_room_01_video (9)_w006,Le2i_Coffee_room_01_video (9),Coffee_room_01,1,FALL,TP,0.914045,0.47,0.444045,0.0,0.4037,0.0,0.3503,0.5703,4.764251,0.029399,6.450673,0.877038,162.0489,37,0.647909,0.120508
Le2i_Coffee_room_02_video (49)_w000,Le2i_Coffee_room_02_video (49),Coffee_room_02,2,NORMAL,TN,0.001398,0.49,0.488602,0.0,0.385,0.0,0.3194,0.5952,0.410305,0.000151,0.620912,0.052085,2699.3251,30,0.991511,0.006692
Le2i_Coffee_room_02_video (49)_w001,Le2i_Coffee_room_02_video (49),Coffee_room_02,2,NORMAL,TN,0.004164,0.49,0.485836,0.0,0.4123,0.0,0.3624,0.5636,0.171008,0.00064,0.5443,0.042703,266.768,22,0.971957,0.021827
Le2i_Coffee_room_02_video (49)_w002,Le2i_Coffee_room_02_video (49),Coffee_room_02,2,NORMAL,TN,0.004687,0.49,0.485313,0.0,0.4124,0.0,0.3642,0.5618,0.171008,0.000683,0.5443,0.046645,249.98,21,0.938309,0.02489
Le2i_Coffee_room_02_video (49)_w003,Le2i_Coffee_room_02_video (49),Coffee_room_02,2,NORMAL,TN,0.005387,0.49,0.484613,0.0,0.4171,0.0,0.3667,0.5552,0.373035,-0.003785,0.408939,0.044447,0.0,19,0.932796,0.028216
Le2i_Coffee_room_02_video (49)_w004,Le2i_Coffee_room_02_video (49),Coffee_room_02,2,NORMAL,TN,0.00773,0.49,0.48227,0.0,0.4232,0.0,0.3624,0.5485,0.53768,-0.000538,0.913944,0.052813,0.0,20,0.936146,0.025867
Le2i_Coffee_room_02_video (49)_w005,Le2i_Coffee_room_02_video (49),Coffee_room_02,2,NORMAL,TN,0.013499,0.49,0.476501,0.0,0.4202,0.0,0.3527,0.5515,0.53768,0.000397,0.913944,0.04732,1352.2818,19,0.952846,0.027953
Le2i_Coffee_room_02_video (49)_w006,Le2i_Coffee_room_02_video (49),Coffee_room_02,2,NORMAL,TN,0.013515,0.49,0.476485,0.0,0.412,0.0,0.3503,0.5667,0.142847,-0.000789,0.250528,0.03273,0.0,15,0.979924,0.013754
Le2i_Coffee_room_02_video (49)_w007,Le2i_Coffee_room_02_video (49),Coffee_room_02,2,NORMAL,TN,0.021496,0.49,0.468504,0.0,0.4039,0.0,0.3455,0.5806,0.142847,0.00232,0.143852,0.031286,61.5557,15,0.983896,0.013117
Le2i_Coffee_room_02_video (49)_w008,Le2i_Coffee_room_02_video (49),Coffee_room_02,2,NORMAL,TN,0.019334,0.49,0.470666,0.0,0.405,0.0,0.3436,0.5782,0.167199,0.001674,0.169311,0.023741,99.8484,15,0.991575,0.01021
Le2i_Coffee_room_02_video (49)_w009,Le2i_Coffee_room_02_video (49),Coffee_room_02,2,NORMAL,TN,0.017496,0.49,0.472504,0.0,0.4139,0.0,0.3582,0.5758,0.167199,-0.001289,0.169311,0.024862,0.0,12,0.995872,0.003786
Le2i_Coffee_room_02_video (49)_w010,Le2i_Coffee_room_02_video (49),Coffee_room_02,2,NORMAL,TN,0.003649,0.49,0.486351,0.0,0.4095,0.0,0.3679,0.5909,0.134922,-0.008411,0.151803,0.032045,0.0,10,0.980391,0.015048
Le2i_Coffee_room_02_video (49)_w011,Le2i_Coffee_room_02_video (49),Coffee_room_02,2,NORMAL,TN,0.001708,0.49,0.488292,0.0,0.4045,0.0,0.3642,0.5903,0.264107,0.000256,0.332036,0.053443,1027.8574,24,0.935995,0.034909
Le2i_Coffee_room_02_video (49)_w012,Le2i_Coffee_room_02_video (49),Coffee_room_02,2,NORMAL,TN,0.003354,0.49,0.486646,0.0,0.4221,0.0,0.3733,0.563,0.729356,0.005718,0.887911,0.060513,127.5305,32,0.940454,0.040675
Le2i_Coffee_room_02_video (49)_w013,Le2i_Coffee_room_02_video (49),Coffee_room_02,2,NORMAL,TN,0.006205,0.49,0.483795,0.0,0.4548,0.0,0.4248,0.5261,0.729356,0.001474,0.887911,0.041028,494.4086,26,0.988128,0.018033
Le2i_Coffee_room_02_video (49)_w014,Le2i_Coffee_room_02_video (49),Coffee_room_02,2,NORMAL,TN,0.063978,0.49,0.426022,0.0,0.4784,0.0,0.4606,0.4927,0.256106,0.000811,0.330742,0.031259,315.2782,20,0.999332,0.00075
Le2i_Coffee_room_02_video (49)_w015,Le2i_Coffee_room_02_video (49),Coffee_room_02,2,NORMAL,TN,0.053515,0.49,0.436485,0.0,0.4815,0.0,0.4648,0.4891,0.216113,-0.008744,0.330742,0.037979,0.0,12,0.999145,0.000804
Le2i_Coffee_room_02_video (49)_w016,Le2i_Coffee_room_02_video (49),Coffee_room_02,2,FALL,TP,0.910554,0.49,0.420554,0.0,0.468,0.0,0.4564,0.5048,5.678802,-0.04451,7.385746,0.397499,0.0,26,0.766627,0.360443
Le2i_Coffee_room_02_video (49)_w017,Le2i_Coffee_room_02_video (49),Coffee_room_02,2,FALL,TP,0.700954,0.49,0.210954,0.0,0.4658,0.0,0.4539,0.5006,5.678802,-0.047976,7.385746,0.426218,0.0,41,0.385074,0.320159
Le2i_Coffee_room_02_video (51)_w000,Le2i_Coffee_room_02_video (51),Coffee_room_02,2,NORMAL,TN,6.2e-05,0.49,0.489938,0.0,0.1826,0.0,0.1352,0.8248,3.886494,-0.03026,8.732196,0.282852,0.0,24,0.67941,0.466072
Le2i_Coffee_room_02_video (51)_w001,Le2i_Coffee_room_02_video (51),Coffee_room_02,2,NORMAL,TN,0.000516,0.49,0.489484,0.0,0.3796,0.0,0.3321,0.6267,0.218253,-0.006822,0.270837,0.048043,0.0,25,0.998562,0.001855
Le2i_Coffee_room_02_video (51)_w002,Le2i_Coffee_room_02_video (51),Coffee_room_02,2,FALL,TP,0.976852,0.49,0.486852,0.0,0.4015,0.0,0.3655,0.5982,0.910495,-0.041967,1.699319,0.140844,0.0,27,0.92003,0.151187
Le2i_Coffee_room_02_video (51)_w003,Le2i_Coffee_room_02_video (51),Coffee_room_02,2,FALL,TP,0.858129,0.49,0.368129,0.0,0.415,0.0,0.3721,0.5588,0.910495,-0.04247,1.699319,0.2114,0.0,40,0.627079,0.265581
Le2i_Coffee_room_02_video (51)_w004,Le2i_Coffee_room_02_video (51),Coffee_room_02,2,FALL,TP,0.759956,0.49,0.269956,0.0,0.4369,0.0,0.3733,0.523,0.645331,-0.011408,0.906117,0.126226,0.0,31,0.36261,0.10162
Le2i_Coffee_room_02_video (51)_w005,Le2i_Coffee_room_02_video (51),Coffee_room_02,2,FALL,TP,0.687515,0.49,0.197515,0.0,0.4291,0.0,0.3418,0.5224,0.222911,-0.00267,0.272816,0.050183,0.0,14,0.311271,0.019425
Le2i_Coffee_room_02_video (51)_w006,Le2i_Coffee_room_02_video (51),Coffee_room_02,2,FALL,TP,0.676333,0.49,0.186333,0.0,0.4302,0.0,0.3455,0.5188,0.216393,0.000968,0.266466,0.050977,223.2256,16,0.308407,0.015215
Le2i_Coffee_room_02_video (53)_w000,Le2i_Coffee_room_02_video (53),Coffee_room_02,2,NORMAL,TN,0.00057,0.49,0.48943,0.0,0.1046,0.0,0.0636,0.8952,0.990921,-0.03077,7.075902,0.136487,0.0,21,0.496828,0.496852
Le2i_Coffee_room_02_video (53)_w001,Le2i_Coffee_room_02_video (53),Coffee_room_02,2,NORMAL,TN,0.063111,0.49,0.426889,0.0,0.2973,0.0,0.2315,0.6927,0.990921,0.026937,1.012792,0.074319,36.7846,30,0.99528,0.005382
Le2i_Coffee_room_02_video (53)_w002,Le2i_Coffee_room_02_video (53),Coffee_room_02,2,NORMAL,TN,0.002413,0.49,0.487587,0.0,0.3977,0.0,0.3497,0.5855,0.207872,-0.000535,0.216712,0.031008,0.0,14,0.996813,0.001558
Le2i_Coffee_room_02_video (53)_w003,Le2i_Coffee_room_02_video (53),Coffee_room_02,2,NORMAL,TN,0.00032,0.49,0.48968,0.0,0.4098,0.0,0.3673,0.5836,0.110952,-0.000987,0.240969,0.036034,0.0,11,0.996953,0.001342
Le2i_Coffee_room_02_video (53)_w004,Le2i_Coffee_room_02_video (53),Coffee_room_02,2,NORMAL,TN,6.8e-05,0.49,0.489932,0.0,0.4142,0.0,0.3745,0.5794,0.099567,0.001491,0.240969,0.030686,66.748,8,0.997177,0.001434
Le2i_Coffee_room_02_video (53)_w005,Le2i_Coffee_room_02_video (53),Coffee_room_02,2,NORMAL,TN,4.7e-05,0.49,0.489953,0.0,0.4148,0.0,0.3588,0.5594,0.106735,0.000991,0.186084,0.021349,107.579,8,0.9962,0.001631
Le2i_Coffee_room_02_video (53)_w006,Le2i_Coffee_room_02_video (53),Coffee_room_02,2,NORMAL,TN,5.6e-05,0.49,0.489944,0.0,0.4073,0.0,0.3491,0.5721,0.128324,-2.8e-05,0.163968,0.016986,0.0,9,0.994715,0.001231
Le2i_Coffee_room_02_video (53)_w007,Le2i_Coffee_room_02_video (53),Coffee_room_02,2,NORMAL,TN,5.1e-05,0.49,0.489949,0.0,0.4212,0.0,0.3812,0.5691,0.22763,-0.001504,0.229242,0.026379,0.0,14,0.994298,0.001713
Le2i_Coffee_room_02_video (53)_w008,Le2i_Coffee_room_02_video (53),Coffee_room_02,2,NORMAL,TN,9.7e-05,0.49,0.489903,0.0,0.4605,0.0,0.4436,0.523,0.22763,0.000107,0.229242,0.037512,2117.0305,19,0.995871,0.002429
Le2i_Coffee_room_02_video (53)_w009,Le2i_Coffee_room_02_video (53),Coffee_room_02,2,FALL,TP,0.844865,0.49,0.354865,0.0,0.4671,0.0,0.4636,0.5182,0.375652,-0.016618,0.600619,0.087399,0.0,23,0.936162,0.179423
Le2i_Coffee_room_02_video (53)_w010,Le2i_Coffee_room_02_video (53),Coffee_room_02,2,FALL,TP,0.857381,0.49,0.367381,0.0,0.4505,0.0,0.4309,0.5255,0.375652,-0.021028,0.600619,0.105658,0.0,30,0.483694,0.427057
Le2i_Coffee_room_02_video (53)_w011,Le2i_Coffee_room_02_video (53),Coffee_room_02,2,FALL,TP,0.658246,0.49,0.168246,0.0,0.449,0.0,0.42,0.5152,0.265154,-0.005639,0.48162,0.044333,0.0,17,0.109864,0.033897
Le2i_Coffee_room_02_video (53)_w012,Le2i_Coffee_room_02_video (53),Coffee_room_02,2,FALL,TP,0.657064,0.49,0.167064,0.0,0.4472,0.0,0.4212,0.5158,0.073541,-0.001086,0.084714,0.017433,0.0,3,0.126686,0.006192
Le2i_Coffee_room_02_video (53)_w013,Le2i_Coffee_room_02_video (53),Coffee_room_02,2,FALL,TP,0.657071,0.49,0.167071,0.0,0.446,0.0,0.42,0.5158,0.064083,0.000656,0.082959,0.016349,97.5358,1,0.124498,0.005711
Le2i_Coffee_room_02_video (54)_w000,Le2i_Coffee_room_02_video (54),Coffee_room_02,2,NORMAL,TN,0.0,0.49,0.49,0.0,0.2586,0.0,0.1988,0.7455,2.332951,-0.034099,6.896005,0.245124,0.0,32,0.856976,0.345774
Le2i_Coffee_room_02_video (54)_w001,Le2i_Coffee_room_02_video (54),Coffee_room_02,2,NORMAL,TN,6.6e-05,0.49,0.489934,0.0,0.3962,0.0,0.3515,0.603,0.236469,7.7e-05,0.453999,0.0578,3038.8468,31,0.995374,0.00151
Le2i_Coffee_room_02_video (54)_w002,Le2i_Coffee_room_02_video (54),Coffee_room_02,2,NORMAL,TN,4.4e-05,0.49,0.489956,0.0,0.3905,0.0,0.3376,0.6061,0.125034,0.000344,0.294915,0.043365,362.7059,24,0.995105,0.00135
Le2i_Coffee_room_02_video (54)_w003,Le2i_Coffee_room_02_video (54),Coffee_room_02,2,NORMAL,TN,2.4e-05,0.49,0.489976,0.0,0.4179,0.0,0.3752,0.5715,0.165217,-0.000288,0.295618,0.043484,0.0,17,0.995648,0.001666
Le2i_Coffee_room_02_video (54)_w004,Le2i_Coffee_room_02_video (54),Coffee_room_02,2,NORMAL,TN,5.6e-05,0.49,0.489944,0.0,0.4672,0.0,0.4564,0.5127,0.165217,-0.001185,0.295618,0.040028,0.0,12,0.996873,0.000961
Le2i_Coffee_room_02_video (54)_w005,Le2i_Coffee_room_02_video (54),Coffee_room_02,2,FALL,TP,0.932019,0.49,0.442019,0.0,0.3951,0.0,0.3855,0.5818,11.298492,0.034555,15.468708,0.351657,326.959,23,0.766817,0.395237
Le2i_Coffee_room_02_video (54)_w006,Le2i_Coffee_room_02_video (54),Coffee_room_02,2,FALL,TP,0.923271,0.49,0.433271,0.0,0.1523,0.0,0.143,0.8376,11.298492,0.035164,15.468708,0.332806,321.2992,16,0.2683,0.418566
Le2i_Coffee_room_02_video (54)_w007,Le2i_Coffee_room_02_video (54),Coffee_room_02,2,NORMAL,TN,0.371583,0.49,0.118417,0.0,0.0,0.0,0.0,1.0,0.0,0.0,0.0,0.0,0.0,0,0.0,0.0
Le2i_Coffee_room_02_video (54)_w008,Le2i_Coffee_room_02_video (54),Coffee_room_02,2,FALL,FN,0.371583,0.49,0.118417,0.628417,0.0,0.0,0.0,1.0,0.0,0.0,0.0,0.0,0.0,0,0.0,0.0
Le2i_Coffee_room_02_video (55)_w000,Le2i_Coffee_room_02_video (55),Coffee_room_02,2,NORMAL,TN,2e-06,0.49,0.489998,0.0,0.4504,0.0,0.4467,0.5212,0.083094,-0.000746,0.202788,0.029143,0.0,6,0.906768,0.019939
Le2i_Coffee_room_02_video (55)_w001,Le2i_Coffee_room_02_video (55),Coffee_room_02,2,NORMAL,TN,1e-06,0.49,0.489999,0.0,0.4411,0.0,0.4224,0.5364,0.270391,-0.002309,0.719424,0.061451,0.0,12,0.947968,0.037495
Le2i_Coffee_room_02_video (55)_w002,Le2i_Coffee_room_02_video (55),Coffee_room_02,2,NORMAL,TN,0.0,0.49,0.49,0.0,0.4347,0.0,0.4048,0.5455,0.270391,0.001068,0.719424,0.08166,253.0452,20,0.97443,0.01345
Le2i_Coffee_room_02_video (55)_w003,Le2i_Coffee_room_02_video (55),Coffee_room_02,2,NORMAL,TN,0.0,0.49,0.49,0.0,0.4408,0.0,0.4364,0.5455,0.244701,0.000815,0.500273,0.050907,299.7869,12,0.977615,0.011764
Le2i_Coffee_room_02_video (55)_w004,Le2i_Coffee_room_02_video (55),Coffee_room_02,2,NORMAL,TN,0.0,0.49,0.49,0.0,0.4386,0.0,0.4315,0.5455,0.168111,-0.004415,0.631737,0.053989,0.0,13,0.980352,0.017325
Le2i_Coffee_room_02_video (55)_w005,Le2i_Coffee_room_02_video (55),Coffee_room_02,2,NORMAL,TN,0.0,0.49,0.49,0.0,0.4337,0.0,0.4152,0.5455,0.294037,0.017118,0.631737,0.095279,17.1763,36,0.878347,0.106439
Le2i_Coffee_room_02_video (55)_w006,Le2i_Coffee_room_02_video (55),Coffee_room_02,2,NORMAL,TN,0.0,0.49,0.49,0.0,0.4295,0.0,0.403,0.5455,0.294037,0.025432,0.649806,0.095444,11.561,35,0.885498,0.112941
Le2i_Coffee_room_02_video (55)_w007,Le2i_Coffee_room_02_video (55),Coffee_room_02,2,NORMAL,FP,0.811113,0.49,0.321113,0.811113,0.4142,0.0,0.3715,0.5685,0.263315,-0.026394,0.842698,0.094352,0.0,17,0.991793,0.01703
Le2i_Coffee_room_02_video (55)_w008,Le2i_Coffee_room_02_video (55),Coffee_room_02,2,FALL,TP,0.998108,0.49,0.508108,0.0,0.4098,0.0,0.357,0.56,2.170449,-0.043934,2.492367,0.354634,0.0,30,0.777478,0.253689
Le2i_Coffee_room_02_video (55)_w009,Le2i_Coffee_room_02_video (55),Coffee_room_02,2,FALL,TP,0.867784,0.49,0.377784,0.0,0.432,0.0,0.3782,0.5109,2.170449,0.011762,2.492367,0.351623,184.509,38,0.582894,0.137477
Le2i_Coffee_room_02_video (55)_w010,Le2i_Coffee_room_02_video (55),Coffee_room_02,2,FALL,TP,0.793035,0.49,0.303035,0.0,0.4561,0.0,0.4127,0.4891,0.623306,0.023451,0.706711,0.076912,26.5782,22,0.628504,0.042483
Le2i_Coffee_room_02_video (56)_w000,Le2i_Coffee_room_02_video (56),Coffee_room_02,2,NORMAL,TN,3.8e-05,0.49,0.489962,0.0,0.3807,0.0,0.3339,0.6097,0.159099,-1.7e-05,0.298628,0.032002,0.0,15,0.996695,0.00248
Le2i_Coffee_room_02_video (56)_w001,Le2i_Coffee_room_02_video (56),Coffee_room_02,2,NORMAL,TN,2.8e-05,0.49,0.489972,0.0,0.3841,0.0,0.3364,0.6133,0.159099,-0.001045,0.298628,0.036935,0.0,17,0.995523,0.004978
Le2i_Coffee_room_02_video (56)_w002,Le2i_Coffee_room_02_video (56),Coffee_room_02,2,NORMAL,TN,2e-06,0.49,0.489998,0.0,0.3966,0.0,0.3461,0.5873,0.149036,-0.019327,0.394434,0.070588,0.0,18,0.983048,0.020925
Le2i_Coffee_room_02_video (56)_w003,Le2i_Coffee_room_02_video (56),Coffee_room_02,2,NORMAL,TN,0.0,0.49,0.49,0.0,0.4266,0.0,0.3994,0.5497,0.149036,-0.017679,0.394434,0.077711,0.0,21,0.978362,0.019415
Le2i_Coffee_room_02_video (56)_w004,Le2i_Coffee_room_02_video (56),Coffee_room_02,2,NORMAL,TN,1e-06,0.49,0.489999,0.0,0.4395,0.0,0.4364,0.5455,0.101735,-0.002912,0.227087,0.042335,0.0,10,0.987789,0.008065
Le2i_Coffee_room_02_video (56)_w005,Le2i_Coffee_room_02_video (56),Coffee_room_02,2,NORMAL,TN,1e-06,0.49,0.489999,0.0,0.4429,0.0,0.4467,0.5455,0.144557,0.000364,0.307029,0.035486,395.8359,12,0.99096,0.004184
Le2i_Coffee_room_02_video (56)_w006,Le2i_Coffee_room_02_video (56),Coffee_room_02,2,NORMAL,TN,1e-06,0.49,0.489999,0.0,0.4387,0.0,0.4315,0.5455,0.146638,-0.000732,0.325111,0.042298,0.0,14,0.988679,0.003883
Le2i_Coffee_room_02_video (56)_w007,Le2i_Coffee_room_02_video (56),Coffee_room_02,2,NORMAL,TN,0.0,0.49,0.49,0.0,0.4454,0.0,0.4333,0.5364,0.146638,-0.002163,0.339136,0.039104,0.0,9,0.99077,0.005976
Le2i_Coffee_room_02_video (56)_w008,Le2i_Coffee_room_02_video (56),Coffee_room_02,2,NORMAL,TN,1e-06,0.49,0.489999,0.0,0.4664,0.0,0.4618,0.5085,0.173906,0.000382,0.342114,0.05791,454.3477,21,0.994921,0.00422
Le2i_Coffee_room_02_video (56)_w009,Le2i_Coffee_room_02_video (56),Coffee_room_02,2,NORMAL,TN,2e-06,0.49,0.489998,0.0,0.4812,0.0,0.4818,0.4933,0.275913,0.022611,0.500031,0.090964,12.2019,35,0.995884,0.004252
Le2i_Coffee_room_02_video (56)_w010,Le2i_Coffee_room_02_video (56),Coffee_room_02,2,NORMAL,TN,1.2e-05,0.49,0.489988,0.0,0.481,0.0,0.48,0.5012,0.275913,0.017537,0.500031,0.067977,15.7319,25,0.99615,0.004066
Le2i_Coffee_room_02_video (56)_w011,Le2i_Coffee_room_02_video (56),Coffee_room_02,2,FALL,TP,0.999769,0.49,0.509769,0.0,0.4639,0.0,0.457,0.5097,1.407121,-0.031728,1.754997,0.202375,0.0,30,0.817687,0.287031
Le2i_Coffee_room_02_video (56)_w012,Le2i_Coffee_room_02_video (56),Coffee_room_02,2,FALL,TP,0.988555,0.49,0.498555,0.0,0.447,0.0,0.4103,0.5,1.407121,-0.02078,1.754997,0.241022,0.0,40,0.422247,0.318832
Le2i_Coffee_room_02_video (56)_w013,Le2i_Coffee_room_02_video (56),Coffee_room_02,2,NORMAL,FP,0.690018,0.49,0.200018,0.690018,0.4381,0.0,0.3582,0.4855,1.086945,-0.000499,1.158805,0.072506,0.0,24,0.174683,0.06256
Le2i_Coffee_room_02_video (56)_w014,Le2i_Coffee_room_02_video (56),Coffee_room_02,2,FALL,TP,0.709088,0.49,0.219088,0.0,0.4312,0.0,0.3297,0.4848,0.167162,-0.000353,0.374915,0.041935,0.0,19,0.139516,0.017338
Le2i_Coffee_room_02_video (56)_w015,Le2i_Coffee_room_02_video (56),Coffee_room_02,2,FALL,TP,0.713981,0.49,0.223981,0.0,0.4301,0.0,0.3279,0.4848,0.154628,-0.000292,0.374915,0.04488,0.0,20,0.138626,0.01593
Le2i_Coffee_room_02_video (57)_w000,Le2i_Coffee_room_02_video (57),Coffee_room_02,2,NORMAL,TN,0.0,0.49,0.49,0.0,0.4115,0.0,0.3788,0.5461,0.51829,0.001169,0.687554,0.034544,443.1068,18,0.857098,0.015871
Le2i_Coffee_room_02_video (57)_w001,Le2i_Coffee_room_02_video (57),Coffee_room_02,2,NORMAL,TN,0.0,0.49,0.49,0.0,0.4095,0.0,0.3715,0.5455,0.219043,0.000657,0.265787,0.030138,332.8881,14,0.841753,0.007542
Le2i_Coffee_room_02_video (57)_w002,Le2i_Coffee_room_02_video (57),Coffee_room_02,2,NORMAL,TN,0.0,0.49,0.49,0.0,0.4014,0.0,0.3564,0.5461,0.408937,0.002262,0.498237,0.03643,180.7296,19,0.837509,0.004653
Le2i_Coffee_room_02_video (57)_w003,Le2i_Coffee_room_02_video (57),Coffee_room_02,2,NORMAL,TN,0.0,0.49,0.49,0.0,0.386,0.0,0.3212,0.5497,0.408937,0.003202,0.498237,0.03327,127.6644,17,0.842207,0.007454
Le2i_Coffee_room_02_video (57)_w004,Le2i_Coffee_room_02_video (57),Coffee_room_02,2,NORMAL,TN,0.0,0.49,0.49,0.0,0.3728,0.0,0.3091,0.5558,0.200856,-0.000747,0.209008,0.027538,0.0,13,0.846011,0.004931
Le2i_Coffee_room_02_video (57)_w005,Le2i_Coffee_room_02_video (57),Coffee_room_02,2,NORMAL,TN,0.0,0.49,0.49,0.0,0.381,0.0,0.3267,0.5594,0.372556,0.000366,0.402291,0.031684,1014.0802,21,0.897642,0.065488
Le2i_Coffee_room_02_video (57)_w006,Le2i_Coffee_room_02_video (57),Coffee_room_02,2,NORMAL,TN,0.0,0.49,0.49,0.0,0.384,0.0,0.3364,0.5758,0.372556,0.003035,0.402291,0.042901,122.7095,30,0.902402,0.088718
Le2i_Coffee_room_02_video (57)_w007,Le2i_Coffee_room_02_video (57),Coffee_room_02,2,NORMAL,TN,0.0,0.49,0.49,0.0,0.3895,0.0,0.3448,0.5958,0.592523,0.013102,0.894525,0.05984,45.2194,35,0.847926,0.097453
Le2i_Coffee_room_02_video (57)_w008,Le2i_Coffee_room_02_video (57),Coffee_room_02,2,NORMAL,TN,3e-06,0.49,0.489997,0.0,0.405,0.0,0.3703,0.5945,0.592523,0.01161,0.894525,0.051811,51.0294,29,0.918861,0.106209
Le2i_Coffee_room_02_video (57)_w009,Le2i_Coffee_room_02_video (57),Coffee_room_02,2,NORMAL,TN,0.000301,0.49,0.489699,0.0,0.4022,0.0,0.3618,0.597,0.14999,0.000458,0.191971,0.032721,326.7526,18,0.997436,0.003591
Le2i_Coffee_room_02_video (57)_w010,Le2i_Coffee_room_02_video (57),Coffee_room_02,2,NORMAL,TN,0.008729,0.49,0.481271,0.0,0.3904,0.0,0.337,0.6133,0.14999,-0.003288,0.191971,0.037706,0.0,20,0.990367,0.022178
Le2i_Coffee_room_02_video (57)_w011,Le2i_Coffee_room_02_video (57),Coffee_room_02,2,NORMAL,TN,0.007867,0.49,0.482133,0.0,0.4151,0.0,0.3788,0.5794,0.296484,-0.003262,0.404683,0.065269,0.0,29,0.843636,0.147715
Le2i_Coffee_room_02_video (57)_w012,Le2i_Coffee_room_02_video (57),Coffee_room_02,2,NORMAL,TN,0.020665,0.49,0.469335,0.0,0.4476,0.0,0.4309,0.5358,0.296484,0.002839,0.404683,0.061232,104.4045,21,0.826726,0.136636
Le2i_Coffee_room_02_video (57)_w013,Le2i_Coffee_room_02_video (57),Coffee_room_02,2,NORMAL,TN,0.150826,0.49,0.339174,0.0,0.47,0.0,0.4612,0.5145,0.154418,0.003423,0.154441,0.034025,45.0939,11,0.973019,0.04777
Le2i_Coffee_room_02_video (57)_w014,Le2i_Coffee_room_02_video (57),Coffee_room_02,2,NORMAL,TN,0.178717,0.49,0.311283,0.0,0.4895,0.0,0.4788,0.4897,0.154418,0.000462,0.186181,0.024962,333.8484,13,0.998408,0.001765
Le2i_Coffee_room_02_video (57)_w015,Le2i_Coffee_room_02_video (57),Coffee_room_02,2,NORMAL,TN,0.199709,0.49,0.290291,0.0,0.4924,0.0,0.4685,0.4848,0.112188,0.000102,0.186181,0.019256,1093.5304,11,0.997208,0.003047
Le2i_Coffee_room_02_video (57)_w016,Le2i_Coffee_room_02_video (57),Coffee_room_02,2,NORMAL,TN,0.052719,0.49,0.437281,0.0,0.4911,0.0,0.4721,0.4873,0.379571,-0.024321,0.764555,0.054714,0.0,14,0.988396,0.0241
Le2i_Coffee_room_02_video (57)_w017,Le2i_Coffee_room_02_video (57),Coffee_room_02,2,FALL,TP,0.789191,0.49,0.299191,0.0,0.4486,0.0,0.4297,0.5291,119.011925,-0.056405,124.395111,3.04013,0.0,36,0.904032,0.141942
Le2i_Coffee_room_02_video (57)_w018,Le2i_Coffee_room_02_video (57),Coffee_room_02,2,FALL,TP,0.690676,0.49,0.200676,0.0,0.4246,0.0,0.3824,0.5461,119.011925,-0.029077,124.395111,3.2192,0.0,44,0.821645,0.131213
Le2i_Coffee_room_02_video (57)_w019,Le2i_Coffee_room_02_video (57),Coffee_room_02,2,FALL,TP,0.651531,0.49,0.161531,0.0,0.4436,0.0,0.3903,0.5194,2.30912,-0.002865,4.111962,0.251852,0.0,32,0.828707,0.060153
Le2i_Coffee_room_02_video (57)_w020,Le2i_Coffee_room_02_video (57),Coffee_room_02,2,FALL,TP,0.604399,0.49,0.114399,0.0,0.4466,0.0,0.3945,0.5152,0.126895,0.001422,0.332601,0.03785,89.194,15,0.841668,0.004613
Le2i_Coffee_room_02_video (58)_w000,Le2i_Coffee_room_02_video (58),Coffee_room_02,2,NORMAL,TN,0.0,0.49,0.49,0.0,0.2925,0.0,0.2212,0.7091,0.116674,3.9e-05,0.208071,0.022521,2936.989,6,0.999684,0.000275
Le2i_Coffee_room_02_video (58)_w001,Le2i_Coffee_room_02_video (58),Coffee_room_02,2,NORMAL,TN,2e-06,0.49,0.489998,0.0,0.3664,0.0,0.3164,0.6218,0.116674,-0.000765,0.208071,0.021225,0.0,9,0.999449,0.000708
Le2i_Coffee_room_02_video (58)_w002,Le2i_Coffee_room_02_video (58),Coffee_room_02,2,NORMAL,TN,4e-06,0.49,0.489996,0.0,0.4058,0.0,0.3691,0.5758,0.160269,0.000474,0.160744,0.018233,337.4918,7,0.99928,0.000686
Le2i_Coffee_room_02_video (58)_w003,Le2i_Coffee_room_02_video (58),Coffee_room_02,2,NORMAL,TN,0.000457,0.49,0.489543,0.0,0.4103,0.0,0.3715,0.5758,0.160269,-1.8e-05,0.239913,0.02281,0.0,9,0.998486,0.001447
Le2i_Coffee_room_02_video (58)_w004,Le2i_Coffee_room_02_video (58),Coffee_room_02,2,NORMAL,TN,0.006461,0.49,0.483539,0.0,0.4491,0.0,0.4309,0.5388,0.088543,-0.000311,0.239913,0.024985,0.0,13,0.998137,0.001357
Le2i_Coffee_room_02_video (58)_w005,Le2i_Coffee_room_02_video (58),Coffee_room_02,2,NORMAL,TN,0.036194,0.49,0.453806,0.0,0.4842,0.0,0.4806,0.5036,0.102833,-0.002189,0.139645,0.027895,0.0,13,0.995113,0.00827
Le2i_Coffee_room_02_video (58)_w006,Le2i_Coffee_room_02_video (58),Coffee_room_02,2,FALL,TP,0.989162,0.49,0.499162,0.0,0.4809,0.0,0.4733,0.5018,0.880958,-0.040525,2.234015,0.125506,0.0,26,0.823297,0.277126
Le2i_Coffee_room_02_video (58)_w007,Le2i_Coffee_room_02_video (58),Coffee_room_02,2,FALL,TP,0.914859,0.49,0.424859,0.0,0.4727,0.0,0.4721,0.5067,0.880958,-0.036995,2.234015,0.192565,0.0,38,0.498804,0.29188
Le2i_Coffee_room_02_video (58)_w008,Le2i_Coffee_room_02_video (58),Coffee_room_02,2,FALL,TP,0.710557,0.49,0.220557,0.0,0.4705,0.0,0.4818,0.5152,0.86448,0.003492,1.121267,0.093685,247.4627,25,0.414705,0.132405
Le2i_Coffee_room_02_video (58)_w009,Le2i_Coffee_room_02_video (58),Coffee_room_02,2,FALL,TP,0.608203,0.49,0.118203,0.0,0.472,0.0,0.4848,0.5152,0.096525,0.00102,0.295275,0.025809,94.5672,10,0.487125,0.008099
Le2i_Coffee_room_02_video (58)_w010,Le2i_Coffee_room_02_video (58),Coffee_room_02,2,FALL,TP,0.607874,0.49,0.117874,0.0,0.4718,0.0,0.4848,0.5152,0.122447,-0.000944,0.295275,0.026667,0.0,7,0.483798,0.008135
Le2i_Coffee_room_02_video (59)_w000,Le2i_Coffee_room_02_video (59),Coffee_room_02,2,NORMAL,TN,0.001799,0.49,0.488201,0.0,0.4371,0.0,0.4042,0.5382,0.184531,-0.000559,0.3957,0.036662,0.0,13,0.992753,0.001407
Le2i_Coffee_room_02_video (59)_w001,Le2i_Coffee_room_02_video (59),Coffee_room_02,2,NORMAL,TN,0.009937,0.49,0.480063,0.0,0.3666,0.0,0.3042,0.6145,0.367236,0.001039,0.477624,0.043795,353.1918,15,0.994838,0.002227
Le2i_Coffee_room_02_video (59)_w002,Le2i_Coffee_room_02_video (59),Coffee_room_02,2,NORMAL,TN,0.081679,0.49,0.408321,0.0,0.3188,0.0,0.2352,0.6758,0.367236,0.001574,0.477624,0.041396,233.1448,18,0.997115,0.002045
Le2i_Coffee_room_02_video (59)_w003,Le2i_Coffee_room_02_video (59),Coffee_room_02,2,NORMAL,TN,0.011583,0.49,0.478417,0.0,0.3503,0.0,0.2836,0.6388,0.254674,-0.000213,0.437955,0.026468,0.0,12,0.998194,0.001157
Le2i_Coffee_room_02_video (59)_w004,Le2i_Coffee_room_02_video (59),Coffee_room_02,2,FALL,TP,0.879903,0.49,0.389903,0.0,0.3964,0.0,0.3533,0.583,0.368655,-0.037802,1.067644,0.090659,0.0,21,0.979077,0.028593
Le2i_Coffee_room_02_video (59)_w005,Le2i_Coffee_room_02_video (59),Coffee_room_02,2,FALL,TP,0.814798,0.49,0.324798,0.0,0.4052,0.0,0.3339,0.5552,0.814794,-0.05375,1.067644,0.190421,0.0,41,0.970955,0.029411
Le2i_Coffee_room_02_video (59)_w006,Le2i_Coffee_room_02_video (59),Coffee_room_02,2,NORMAL,FP,0.626504,0.49,0.136504,0.626504,0.3999,0.0,0.2976,0.5455,0.814794,-0.007323,1.024303,0.146721,0.0,39,0.989466,0.018746
Le2i_Coffee_room_02_video (59)_w007,Le2i_Coffee_room_02_video (59),Coffee_room_02,2,FALL,TP,0.626476,0.49,0.136476,0.0,0.4078,0.0,0.3055,0.5455,0.379194,0.007055,0.56278,0.095383,53.7371,33,0.996723,0.002217
Le2i_Coffee_room_02_video (59)_w008,Le2i_Coffee_room_02_video (59),Coffee_room_02,2,FALL,TP,0.614882,0.49,0.124882,0.0,0.4095,0.0,0.3061,0.5455,0.379194,0.000368,0.56278,0.097538,1028.1958,35,0.997082,0.002537
Le2i_Coffee_room_02_video (60)_w000,Le2i_Coffee_room_02_video (60),Coffee_room_02,2,NORMAL,TN,0.039256,0.49,0.450744,0.0,0.3307,0.0,0.2448,0.6612,0.772284,0.001035,0.79044,0.038545,745.4107,19,0.997442,0.002034
Le2i_Coffee_room_02_video (60)_w001,Le2i_Coffee_room_02_video (60),Coffee_room_02,2,NORMAL,TN,0.035265,0.49,0.454735,0.0,0.3254,0.0,0.2448,0.6703,0.772284,0.000482,0.79044,0.025592,1600.2226,15,0.999506,0.000496
Le2i_Coffee_room_02_video (60)_w002,Le2i_Coffee_room_02_video (60),Coffee_room_02,2,NORMAL,TN,0.001116,0.49,0.488884,0.0,0.3719,0.0,0.3158,0.6127,0.100028,0.003133,0.119072,0.018856,31.9132,11,0.999854,0.000141
Le2i_Coffee_room_02_video (60)_w003,Le2i_Coffee_room_02_video (60),Coffee_room_02,2,NORMAL,TN,0.000323,0.49,0.489677,0.0,0.4089,0.0,0.3758,0.5861,0.119255,-0.003266,0.129377,0.026666,0.0,13,0.999374,0.001045
Le2i_Coffee_room_02_video (60)_w004,Le2i_Coffee_room_02_video (60),Coffee_room_02,2,FALL,TP,0.999993,0.49,0.509993,0.0,0.3974,0.0,0.3606,0.5915,3.873629,-0.031175,4.899248,0.372377,0.0,25,0.901967,0.233623
Le2i_Coffee_room_02_video (60)_w005,Le2i_Coffee_room_02_video (60),Coffee_room_02,2,FALL,TP,0.994814,0.49,0.504814,0.0,0.418,0.0,0.3727,0.5412,3.873629,-0.027804,4.899248,0.419219,0.0,34,0.785554,0.214287
Le2i_Coffee_room_02_video (60)_w006,Le2i_Coffee_room_02_video (60),Coffee_room_02,2,NORMAL,FP,0.780985,0.49,0.290985,0.780985,0.4603,0.0,0.4109,0.4848,0.87423,-0.008623,1.198393,0.116751,0.0,24,0.757855,0.023827
Le2i_Coffee_room_02_video (60)_w007,Le2i_Coffee_room_02_video (60),Coffee_room_02,2,FALL,TP,0.781392,0.49,0.291392,0.0,0.4624,0.0,0.4194,0.4848,0.972557,0.000425,1.240393,0.166171,2280.7772,19,0.757012,0.017624
Le2i_Coffee_room_02_video (60)_w008,Le2i_Coffee_room_02_video (60),Coffee_room_02,2,FALL,TP,0.784092,0.49,0.294092,0.0,0.4634,0.0,0.4194,0.4848,1.026972,0.007885,1.274454,0.216877,130.2282,20,0.762894,0.016959
Le2i_Coffee_room_02_video (60)_w009,Le2i_Coffee_room_02_video (60),Coffee_room_02,2,FALL,TP,0.803682,0.49,0.313682,0.0,0.4535,0.0,0.4091,0.4958,7.188498,0.05846,8.642836,0.263166,122.9621,22,0.748717,0.108486
Le2i_Coffee_room_02_video (61)_w000,Le2i_Coffee_room_02_video (61),Coffee_room_02,2,NORMAL,TN,4.5e-05,0.49,0.489955,0.0,0.2254,0.0,0.1218,0.8024,5.171091,0.021853,10.250846,0.495036,236.6253,32,0.91747,0.270554
Le2i_Coffee_room_02_video (61)_w001,Le2i_Coffee_room_02_video (61),Coffee_room_02,2,NORMAL,TN,0.00015,0.49,0.48985,0.0,0.361,0.0,0.2842,0.6291,0.379571,0.000243,0.383364,0.045555,1555.2613,28,0.993968,0.00222
Le2i_Coffee_room_02_video (61)_w002,Le2i_Coffee_room_02_video (61),Coffee_room_02,2,NORMAL,TN,0.000242,0.49,0.489758,0.0,0.3754,0.0,0.3042,0.6042,0.379571,0.000397,0.383364,0.032837,954.3762,16,0.993579,0.001755
Le2i_Coffee_room_02_video (61)_w003,Le2i_Coffee_room_02_video (61),Coffee_room_02,2,NORMAL,TN,0.000137,0.49,0.489863,0.0,0.3723,0.0,0.2933,0.6012,0.100153,-0.000142,0.193124,0.019754,0.0,3,0.993437,0.001708
Le2i_Coffee_room_02_video (61)_w004,Le2i_Coffee_room_02_video (61),Coffee_room_02,2,NORMAL,TN,8.3e-05,0.49,0.489917,0.0,0.3773,0.0,0.3012,0.6055,0.062744,0.000213,0.088989,0.012476,293.021,2,0.991709,0.0008
Le2i_Coffee_room_02_video (61)_w005,Le2i_Coffee_room_02_video (61),Coffee_room_02,2,NORMAL,TN,9.2e-05,0.49,0.489908,0.0,0.3788,0.0,0.3,0.6061,0.162335,0.000881,0.171472,0.011137,184.0266,4,0.991478,0.000621
Le2i_Coffee_room_02_video (61)_w006,Le2i_Coffee_room_02_video (61),Coffee_room_02,2,NORMAL,TN,0.000102,0.49,0.489898,0.0,0.3764,0.0,0.2879,0.6061,0.162335,0.000498,0.171472,0.01044,325.568,2,0.991963,0.000616
Le2i_Coffee_room_02_video (61)_w007,Le2i_Coffee_room_02_video (61),Coffee_room_02,2,NORMAL,TN,9.7e-05,0.49,0.489903,0.0,0.3746,0.0,0.2739,0.6061,0.036548,0.000137,0.068229,0.010686,264.6729,0,0.992439,0.000278
Le2i_Coffee_room_02_video (61)_w008,Le2i_Coffee_room_02_video (61),Coffee_room_02,2,NORMAL,TN,9.3e-05,0.49,0.489907,0.0,0.3897,0.0,0.3061,0.5939,0.069932,0.001014,0.10214,0.015044,68.8895,3,0.993859,0.002653
Le2i_Coffee_room_02_video (61)_w009,Le2i_Coffee_room_02_video (61),Coffee_room_02,2,NORMAL,TN,4.7e-05,0.49,0.489953,0.0,0.4063,0.0,0.3576,0.5909,0.074668,-0.000677,0.10214,0.021604,0.0,5,0.993492,0.003669
Le2i_Coffee_room_02_video (61)_w010,Le2i_Coffee_room_02_video (61),Coffee_room_02,2,NORMAL,TN,2.6e-05,0.49,0.489974,0.0,0.4026,0.0,0.3697,0.5988,0.074668,-2.9e-05,0.104902,0.023069,0.0,2,0.990475,0.00301
Le2i_Coffee_room_02_video (61)_w011,Le2i_Coffee_room_02_video (61),Coffee_room_02,2,NORMAL,TN,3.5e-05,0.49,0.489965,0.0,0.4009,0.0,0.3636,0.5903,0.074604,0.001653,0.104902,0.02422,45.1121,2,0.993736,0.004847
Le2i_Coffee_room_02_video (61)_w012,Le2i_Coffee_room_02_video (61),Coffee_room_02,2,NORMAL,TN,2.4e-05,0.49,0.489976,0.0,0.4054,0.0,0.3624,0.5867,0.157614,-0.004213,0.29436,0.043577,0.0,10,0.997704,0.002263
Le2i_Coffee_room_02_video (61)_w013,Le2i_Coffee_room_02_video (61),Coffee_room_02,2,NORMAL,TN,0.0,0.49,0.49,0.0,0.421,0.0,0.3945,0.5679,0.313613,-0.022509,0.912773,0.130075,0.0,27,0.90847,0.117298
Le2i_Coffee_room_02_video (61)_w014,Le2i_Coffee_room_02_video (61),Coffee_room_02,2,NORMAL,TN,0.0,0.49,0.49,0.0,0.4409,0.0,0.4327,0.5412,0.313613,-0.014077,0.912773,0.154655,0.0,39,0.88137,0.105155
Le2i_Coffee_room_02_video (61)_w015,Le2i_Coffee_room_02_video (61),Coffee_room_02,2,NORMAL,TN,2e-06,0.49,0.489998,0.0,0.4551,0.0,0.4455,0.5261,0.25771,0.000991,0.399447,0.084607,259.8374,29,0.887742,0.066963
Le2i_Coffee_room_02_video (61)_w016,Le2i_Coffee_room_02_video (61),Coffee_room_02,2,NORMAL,TN,2.3e-05,0.49,0.489977,0.0,0.467,0.0,0.4661,0.5152,0.120363,-0.001205,0.290408,0.045043,0.0,12,0.837766,0.009529
Le2i_Coffee_room_02_video (61)_w017,Le2i_Coffee_room_02_video (61),Coffee_room_02,2,NORMAL,TN,1.8e-05,0.49,0.489982,0.0,0.4667,0.0,0.4667,0.5152,0.120363,-0.000519,0.290408,0.033937,0.0,5,0.844661,0.004459
Le2i_Coffee_room_02_video (61)_w018,Le2i_Coffee_room_02_video (61),Coffee_room_02,2,NORMAL,TN,2e-05,0.49,0.48998,0.0,0.4679,0.0,0.4697,0.5152,0.112903,-0.000245,0.205295,0.024816,0.0,4,0.845142,0.003881
Le2i_Coffee_room_02_video (61)_w019,Le2i_Coffee_room_02_video (61),Coffee_room_02,2,NORMAL,TN,2.3e-05,0.49,0.489977,0.0,0.4719,0.0,0.4818,0.5152,0.186082,0.000576,0.328583,0.041125,322.3809,13,0.836386,0.015047
Le2i_Coffee_room_02_video (61)_w020,Le2i_Coffee_room_02_video (61),Coffee_room_02,2,NORMAL,TN,2.4e-05,0.49,0.489976,0.0,0.4712,0.0,0.4697,0.5115,0.682704,-0.000238,0.821763,0.072328,0.0,28,0.802083,0.044857
Le2i_Coffee_room_02_video (61)_w021,Le2i_Coffee_room_02_video (61),Coffee_room_02,2,NORMAL,TN,2e-05,0.49,0.48998,0.0,0.4729,0.0,0.4727,0.5115,0.682704,-0.002341,0.821763,0.071542,0.0,27,0.814595,0.052053
Le2i_Coffee_room_02_video (61)_w022,Le2i_Coffee_room_02_video (61),Coffee_room_02,2,NORMAL,TN,1.2e-05,0.49,0.489988,0.0,0.4744,0.0,0.4848,0.5152,0.096515,-0.000596,0.367073,0.044016,0.0,12,0.848686,0.009108
Le2i_Coffee_room_02_video (61)_w023,Le2i_Coffee_room_02_video (61),Coffee_room_02,2,NORMAL,TN,1.8e-05,0.49,0.489982,0.0,0.4706,0.0,0.4758,0.5152,0.189872,0.00165,0.345883,0.042161,115.0196,11,0.847313,0.007989
Le2i_Coffee_room_02_video (61)_w024,Le2i_Coffee_room_02_video (61),Coffee_room_02,2,NORMAL,TN,2e-05,0.49,0.48998,0.0,0.4651,0.0,0.4606,0.5152,0.189872,-0.000406,0.345883,0.04457,0.0,11,0.854602,0.006981
Le2i_Coffee_room_02_video (61)_w025,Le2i_Coffee_room_02_video (61),Coffee_room_02,2,NORMAL,TN,1.3e-05,0.49,0.489987,0.0,0.4612,0.0,0.4545,0.5152,0.125228,-0.001896,0.190956,0.037609,0.0,8,0.858026,0.005035
Le2i_Coffee_room_02_video (61)_w026,Le2i_Coffee_room_02_video (61),Coffee_room_02,2,NORMAL,TN,2e-06,0.49,0.489998,0.0,0.454,0.0,0.4533,0.5255,0.20178,-0.005069,0.420194,0.071935,0.0,22,0.888949,0.051094
Le2i_Coffee_room_02_video (61)_w027,Le2i_Coffee_room_02_video (61),Coffee_room_02,2,NORMAL,TN,2e-06,0.49,0.489998,0.0,0.4339,0.0,0.4176,0.5461,0.516096,0.022667,0.52407,0.117437,22.7674,39,0.939891,0.050942
Le2i_Coffee_room_02_video (61)_w028,Le2i_Coffee_room_02_video (61),Coffee_room_02,2,NORMAL,TN,1e-05,0.49,0.48999,0.0,0.4207,0.0,0.3885,0.5673,0.516096,0.027957,0.614301,0.087543,18.4599,28,0.979286,0.03087
Le2i_Coffee_room_02_video (61)_w029,Le2i_Coffee_room_02_video (61),Coffee_room_02,2,NORMAL,TN,0.000735,0.49,0.489265,0.0,0.4215,0.0,0.3939,0.5824,0.138222,0.002531,0.614301,0.052986,54.5821,16,0.998916,0.000873
Le2i_Coffee_room_02_video (61)_w030,Le2i_Coffee_room_02_video (61),Coffee_room_02,2,NORMAL,TN,0.000922,0.49,0.489078,0.0,0.4178,0.0,0.3855,0.5776,0.118399,0.0034,0.54409,0.041352,34.814,14,0.99705,0.005096
Le2i_Coffee_room_02_video (61)_w031,Le2i_Coffee_room_02_video (61),Coffee_room_02,2,NORMAL,TN,2.7e-05,0.49,0.489973,0.0,0.4191,0.0,0.3855,0.5606,0.118399,0.001419,0.166669,0.019814,83.4005,6,0.987894,0.0086
Le2i_Coffee_room_02_video (61)_w032,Le2i_Coffee_room_02_video (61),Coffee_room_02,2,NORMAL,TN,2e-06,0.49,0.489998,0.0,0.4311,0.0,0.4024,0.5515,0.036554,-0.000767,0.195364,0.014245,0.0,0,0.98353,0.004501
Le2i_Coffee_room_02_video (61)_w033,Le2i_Coffee_room_02_video (61),Coffee_room_02,2,NORMAL,TN,7e-06,0.49,0.489993,0.0,0.4638,0.0,0.4479,0.5176,0.148022,-0.001563,0.195364,0.019365,0.0,9,0.992792,0.007312
Le2i_Coffee_room_02_video (61)_w034,Le2i_Coffee_room_02_video (61),Coffee_room_02,2,NORMAL,TN,8.6e-05,0.49,0.489914,0.0,0.4887,0.0,0.4867,0.4921,0.148022,-0.000355,0.166238,0.02063,0.0,13,0.999216,0.000753
Le2i_Coffee_room_02_video (61)_w035,Le2i_Coffee_room_02_video (61),Coffee_room_02,2,NORMAL,TN,1.3e-05,0.49,0.489987,0.0,0.4838,0.0,0.4764,0.5024,0.112816,0.001218,0.149366,0.021375,92.5678,16,0.999281,0.000706
Le2i_Coffee_room_02_video (61)_w036,Le2i_Coffee_room_02_video (61),Coffee_room_02,2,NORMAL,TN,5e-06,0.49,0.489995,0.0,0.4388,0.0,0.4073,0.5527,0.112816,0.00031,0.149366,0.021007,363.2782,16,0.999507,0.000496
Le2i_Coffee_room_02_video (61)_w037,Le2i_Coffee_room_02_video (61),Coffee_room_02,2,NORMAL,TN,1.3e-05,0.49,0.489987,0.0,0.4073,0.0,0.3594,0.5867,0.111699,0.000207,0.115612,0.020173,537.8785,5,0.999064,0.001048
Le2i_Coffee_room_02_video (61)_w038,Le2i_Coffee_room_02_video (61),Coffee_room_02,2,NORMAL,FP,0.67025,0.49,0.18025,0.67025,0.4167,0.0,0.3636,0.5648,0.348493,-0.019872,0.359803,0.06521,0.0,19,0.869884,0.190159
Le2i_Coffee_room_02_video (61)_w039,Le2i_Coffee_room_02_video (61),Coffee_room_02,2,NORMAL,TN,0.000323,0.49,0.489677,0.0,0.4292,0.0,0.3952,0.5418,0.348493,-0.021571,0.363326,0.085277,0.0,25,0.846016,0.178265
Le2i_Coffee_room_02_video (61)_w040,Le2i_Coffee_room_02_video (61),Coffee_room_02,2,NORMAL,TN,0.0,0.49,0.49,0.0,0.4454,0.0,0.4358,0.5212,0.270298,0.000174,0.363326,0.04656,1544.9945,15,0.911349,0.052891
Le2i_Coffee_room_02_video (61)_w041,Le2i_Coffee_room_02_video (61),Coffee_room_02,2,NORMAL,TN,0.0,0.49,0.49,0.0,0.4473,0.0,0.4303,0.5152,0.242795,0.002835,0.258102,0.039409,85.6065,20,0.876379,0.016117
Le2i_Coffee_room_02_video (61)_w042,Le2i_Coffee_room_02_video (61),Coffee_room_02,2,NORMAL,TN,0.0,0.49,0.49,0.0,0.4486,0.0,0.4285,0.5152,0.242795,0.000952,0.259313,0.046215,254.6726,27,0.866619,0.022121
Le2i_Coffee_room_02_video (61)_w043,Le2i_Coffee_room_02_video (61),Coffee_room_02,2,NORMAL,TN,0.0,0.49,0.49,0.0,0.4527,0.0,0.4352,0.5152,0.19648,-0.000479,0.259313,0.039665,0.0,22,0.858314,0.014717
Le2i_Coffee_room_02_video (61)_w044,Le2i_Coffee_room_02_video (61),Coffee_room_02,2,NORMAL,TN,0.0,0.49,0.49,0.0,0.4516,0.0,0.4291,0.5152,0.140467,0.000603,0.21821,0.033382,232.6966,17,0.869091,0.010783
Le2i_Coffee_room_02_video (61)_w045,Le2i_Coffee_room_02_video (61),Coffee_room_02,2,NORMAL,TN,0.0,0.49,0.49,0.0,0.4483,0.0,0.4242,0.5152,0.140467,-0.001004,0.21821,0.028538,0.0,13,0.869627,0.00693
Le2i_Coffee_room_02_video (61)_w046,Le2i_Coffee_room_02_video (61),Coffee_room_02,2,NORMAL,TN,0.0,0.49,0.49,0.0,0.4469,0.0,0.4242,0.5152,0.095303,-0.000303,0.10041,0.02494,0.0,13,0.865561,0.005002
Le2i_Coffee_room_02_video (61)_w047,Le2i_Coffee_room_02_video (61),Coffee_room_02,2,NORMAL,TN,0.0,0.49,0.49,0.0,0.4443,0.0,0.423,0.5152,0.095303,0.000895,0.10041,0.024365,106.4136,12,0.862451,0.005818
Le2i_Coffee_room_02_video (61)_w048,Le2i_Coffee_room_02_video (61),Coffee_room_02,2,NORMAL,TN,0.0,0.49,0.49,0.0,0.4384,0.0,0.4145,0.5152,0.086459,8.5e-05,0.13456,0.023293,1005.5939,7,0.858283,0.003612
Le2i_Coffee_room_02_video (61)_w049,Le2i_Coffee_room_02_video (61),Coffee_room_02,2,NORMAL,TN,0.0,0.49,0.49,0.0,0.4358,0.0,0.4036,0.5152,0.086459,-0.001002,0.13456,0.021528,0.0,7,0.858014,0.003853
Le2i_Coffee_room_02_video (61)_w050,Le2i_Coffee_room_02_video (61),Coffee_room_02,2,NORMAL,TN,0.0,0.49,0.49,0.0,0.4368,0.0,0.4055,0.5152,0.061762,-0.000188,0.114874,0.019841,0.0,4,0.858587,0.003804
Le2i_Coffee_room_02_video (62)_w000,Le2i_Coffee_room_02_video (62),Coffee_room_02,2,NORMAL,TN,0.000254,0.49,0.489746,0.0,0.3383,0.0,0.2921,0.6624,0.174392,0.001404,0.215988,0.03894,124.1373,14,0.996949,0.002712
Le2i_Coffee_room_02_video (62)_w001,Le2i_Coffee_room_02_video (62),Coffee_room_02,2,NORMAL,TN,0.000333,0.49,0.489667,0.0,0.3961,0.0,0.3661,0.5976,0.162377,0.000478,0.21459,0.036232,338.6899,8,0.995498,0.004225
Le2i_Coffee_room_02_video (62)_w002,Le2i_Coffee_room_02_video (62),Coffee_room_02,2,NORMAL,TN,2e-06,0.49,0.489998,0.0,0.3996,0.0,0.3564,0.5842,0.299087,-0.023881,0.42461,0.076935,0.0,17,0.954929,0.060952
Le2i_Coffee_room_02_video (62)_w003,Le2i_Coffee_room_02_video (62),Coffee_room_02,2,NORMAL,TN,0.0,0.49,0.49,0.0,0.4256,0.0,0.4024,0.5533,0.299087,-0.020179,0.42461,0.087228,0.0,20,0.939277,0.054599
Le2i_Coffee_room_02_video (62)_w004,Le2i_Coffee_room_02_video (62),Coffee_room_02,2,NORMAL,TN,1e-06,0.49,0.489999,0.0,0.4483,0.0,0.4491,0.5382,0.183797,-0.002923,0.479575,0.061621,0.0,16,0.959403,0.02415
Le2i_Coffee_room_02_video (62)_w005,Le2i_Coffee_room_02_video (62),Coffee_room_02,2,NORMAL,TN,0.0,0.49,0.49,0.0,0.4537,0.0,0.4539,0.5303,0.423157,0.008501,0.620028,0.114293,49.7724,33,0.923062,0.058304
Le2i_Coffee_room_02_video (62)_w006,Le2i_Coffee_room_02_video (62),Coffee_room_02,2,FALL,TP,0.973642,0.49,0.483642,0.0,0.45,0.0,0.4297,0.5224,0.618029,0.005515,1.169369,0.191371,112.0329,44,0.623494,0.282361
Le2i_Coffee_room_02_video (62)_w007,Le2i_Coffee_room_02_video (62),Coffee_room_02,2,FALL,TP,0.7833,0.49,0.2933,0.0,0.4419,0.0,0.3982,0.5164,0.618029,-0.006921,1.169369,0.139957,0.0,26,0.381051,0.083734
Le2i_Coffee_room_02_video (62)_w008,Le2i_Coffee_room_02_video (62),Coffee_room_02,2,FALL,TP,0.688139,0.49,0.198139,0.0,0.4404,0.0,0.3909,0.5109,0.372948,0.003425,0.407253,0.043147,108.8444,11,0.414027,0.021822
Le2i_Coffee_room_02_video (62)_w009,Le2i_Coffee_room_02_video (62),Coffee_room_02,2,FALL,TP,0.693169,0.49,0.203169,0.0,0.4406,0.0,0.3945,0.5121,0.345046,0.000468,0.382748,0.047614,736.2481,11,0.418395,0.022428
Le2i_Coffee_room_02_video (63)_w000,Le2i_Coffee_room_02_video (63),Coffee_room_02,2,NORMAL,TN,0.001955,0.49,0.488045,0.0,0.3682,0.0,0.2848,0.6073,0.351112,-0.000164,0.38119,0.038008,0.0,23,0.998442,0.001764
Le2i_Coffee_room_02_video (63)_w001,Le2i_Coffee_room_02_video (63),Coffee_room_02,2,NORMAL,TN,0.00098,0.49,0.48902,0.0,0.3873,0.0,0.3236,0.6061,0.256375,0.000428,0.256375,0.034847,597.357,19,0.998532,0.001677
Le2i_Coffee_room_02_video (63)_w002,Le2i_Coffee_room_02_video (63),Coffee_room_02,2,NORMAL,TN,0.000875,0.49,0.489125,0.0,0.3916,0.0,0.3358,0.6115,0.286439,0.001228,0.287003,0.029575,233.0222,15,0.998578,0.001657
Le2i_Coffee_room_02_video (63)_w003,Le2i_Coffee_room_02_video (63),Coffee_room_02,2,NORMAL,TN,0.000715,0.49,0.489285,0.0,0.3911,0.0,0.3297,0.6061,0.286439,4.4e-05,0.287003,0.030758,6425.1074,19,0.998826,0.001611
Le2i_Coffee_room_02_video (63)_w004,Le2i_Coffee_room_02_video (63),Coffee_room_02,2,NORMAL,TN,0.000764,0.49,0.489236,0.0,0.4009,0.0,0.3309,0.5752,0.181504,0.00088,0.409395,0.039571,206.1294,24,0.998645,0.001671
Le2i_Coffee_room_02_video (63)_w005,Le2i_Coffee_room_02_video (63),Coffee_room_02,2,NORMAL,TN,0.003883,0.49,0.486117,0.0,0.4135,0.0,0.343,0.5497,0.181504,0.00209,0.245238,0.039007,86.7898,30,0.998401,0.001705
Le2i_Coffee_room_02_video (63)_w006,Le2i_Coffee_room_02_video (63),Coffee_room_02,2,NORMAL,TN,0.011024,0.49,0.478976,0.0,0.4134,0.0,0.3406,0.5594,0.174256,3.9e-05,0.314976,0.030096,4339.6489,24,0.996599,0.003729
Le2i_Coffee_room_02_video (63)_w007,Le2i_Coffee_room_02_video (63),Coffee_room_02,2,NORMAL,TN,0.022787,0.49,0.467213,0.0,0.4025,0.0,0.3394,0.5818,0.174256,-0.002067,0.314976,0.029969,0.0,17,0.995416,0.003481
Le2i_Coffee_room_02_video (63)_w008,Le2i_Coffee_room_02_video (63),Coffee_room_02,2,NORMAL,TN,0.011821,0.49,0.478179,0.0,0.3922,0.0,0.3418,0.6006,0.258345,-0.00155,0.289647,0.034899,0.0,19,0.996029,0.003712
Le2i_Coffee_room_02_video (63)_w009,Le2i_Coffee_room_02_video (63),Coffee_room_02,2,NORMAL,TN,0.002658,0.49,0.487342,0.0,0.3932,0.0,0.34,0.597,0.258345,-0.00138,0.289647,0.037159,0.0,23,0.994938,0.004067
Le2i_Coffee_room_02_video (63)_w010,Le2i_Coffee_room_02_video (63),Coffee_room_02,2,NORMAL,TN,0.001225,0.49,0.488775,0.0,0.395,0.0,0.3321,0.5945,0.153229,0.001185,0.212279,0.029367,129.1818,19,0.996892,0.00346
Le2i_Coffee_room_02_video (63)_w011,Le2i_Coffee_room_02_video (63),Coffee_room_02,2,NORMAL,TN,0.001094,0.49,0.488906,0.0,0.4049,0.0,0.3364,0.5739,0.25669,0.002487,0.29283,0.033207,103.1578,17,0.997733,0.002677
Le2i_Coffee_room_02_video (63)_w012,Le2i_Coffee_room_02_video (63),Coffee_room_02,2,NORMAL,TN,0.002361,0.49,0.487639,0.0,0.4197,0.0,0.3655,0.5473,0.25669,0.000297,0.29283,0.037275,861.6123,17,0.997849,0.002735
Le2i_Coffee_room_02_video (63)_w013,Le2i_Coffee_room_02_video (63),Coffee_room_02,2,NORMAL,TN,0.023996,0.49,0.466004,0.0,0.4011,0.0,0.3485,0.5788,0.378767,0.000698,0.387178,0.030356,541.9464,17,0.996406,0.004362
Le2i_Coffee_room_02_video (63)_w014,Le2i_Coffee_room_02_video (63),Coffee_room_02,2,NORMAL,TN,0.042656,0.49,0.447344,0.0,0.3839,0.0,0.3,0.5861,0.378767,0.000157,0.387178,0.034968,2403.5728,19,0.99011,0.008568
Le2i_Coffee_room_02_video (63)_w015,Le2i_Coffee_room_02_video (63),Coffee_room_02,2,NORMAL,TN,0.047409,0.49,0.442591,0.0,0.4048,0.0,0.3297,0.557,0.304677,0.000394,0.331491,0.045528,770.5612,28,0.979057,0.01182
Le2i_Coffee_room_02_video (63)_w016,Le2i_Coffee_room_02_video (63),Coffee_room_02,2,NORMAL,TN,0.01776,0.49,0.47224,0.0,0.409,0.0,0.3497,0.5745,0.179926,-0.001315,0.326605,0.042407,0.0,24,0.972753,0.006325
Le2i_Coffee_room_02_video (63)_w017,Le2i_Coffee_room_02_video (63),Coffee_room_02,2,NORMAL,TN,0.004535,0.49,0.485465,0.0,0.3924,0.0,0.3267,0.5945,0.098077,-0.00118,0.326605,0.030957,0.0,14,0.985528,0.011987
Le2i_Coffee_room_02_video (63)_w018,Le2i_Coffee_room_02_video (63),Coffee_room_02,2,NORMAL,TN,0.000799,0.49,0.489201,0.0,0.3818,0.0,0.3279,0.6036,0.259145,-0.012157,0.322674,0.051383,0.0,18,0.975634,0.05635
Le2i_Coffee_room_02_video (63)_w019,Le2i_Coffee_room_02_video (63),Coffee_room_02,2,NORMAL,FP,0.611462,0.49,0.121462,0.611462,0.3492,0.0,0.2976,0.6552,0.572802,-0.015034,0.96432,0.14088,0.0,34,0.604512,0.365749
Le2i_Coffee_room_02_video (63)_w020,Le2i_Coffee_room_02_video (63),Coffee_room_02,2,NORMAL,FP,0.618122,0.49,0.128122,0.618122,0.3361,0.0,0.2812,0.6752,0.572802,0.012233,0.96432,0.158585,46.8201,41,0.462086,0.296585
Le2i_Coffee_room_02_video (63)_w021,Le2i_Coffee_room_02_video (63),Coffee_room_02,2,NORMAL,FP,0.658377,0.49,0.168377,0.658377,0.3625,0.0,0.3048,0.6364,0.373582,0.015909,0.598515,0.074583,23.4804,26,0.825673,0.246425
Le2i_Coffee_room_02_video (64)_w000,Le2i_Coffee_room_02_video (64),Coffee_room_02,2,NORMAL,TN,0.031697,0.49,0.458303,0.0,0.4288,0.0,0.3661,0.5376,0.14693,-0.001768,0.254249,0.028198,0.0,6,0.996266,0.002595
Le2i_Coffee_room_02_video (64)_w001,Le2i_Coffee_room_02_video (64),Coffee_room_02,2,NORMAL,TN,0.008072,0.49,0.481928,0.0,0.4513,0.0,0.4061,0.5224,0.618036,-0.00207,0.618373,0.045353,0.0,19,0.995268,0.002596
Le2i_Coffee_room_02_video (64)_w002,Le2i_Coffee_room_02_video (64),Coffee_room_02,2,NORMAL,TN,0.001839,0.49,0.488161,0.0,0.457,0.0,0.4182,0.517,0.618036,-0.000159,0.6772,0.044636,0.0,27,0.994763,0.00272
Le2i_Coffee_room_02_video (64)_w003,Le2i_Coffee_room_02_video (64),Coffee_room_02,2,NORMAL,TN,0.000654,0.49,0.489346,0.0,0.4658,0.0,0.4327,0.5067,0.433893,0.000526,0.6772,0.037072,822.7276,22,0.994274,0.003504
Le2i_Coffee_room_02_video (64)_w004,Le2i_Coffee_room_02_video (64),Coffee_room_02,2,FALL,FN,0.120271,0.49,0.369729,0.879729,0.4762,0.0,0.4582,0.5,1.389889,-0.038751,1.844984,0.157429,0.0,29,0.960323,0.088222
Le2i_Coffee_room_02_video (64)_w005,Le2i_Coffee_room_02_video (64),Coffee_room_02,2,FALL,TP,0.879763,0.49,0.389763,0.0,0.4659,0.0,0.4564,0.4958,1.389889,-0.021218,1.844984,0.229451,0.0,41,0.512288,0.424355
Le2i_Coffee_room_02_video (64)_w006,Le2i_Coffee_room_02_video (64),Coffee_room_02,2,FALL,TP,0.675556,0.49,0.185556,0.0,0.4569,0.0,0.4339,0.4867,0.548134,0.02604,0.682068,0.100648,21.0491,30,0.08924,0.052338
Le2i_Coffee_room_02_video (65)_w000,Le2i_Coffee_room_02_video (65),Coffee_room_02,2,NORMAL,TN,0.008569,0.49,0.481431,0.0,0.4792,0.0,0.4697,0.4982,0.112019,0.000972,0.113633,0.026465,115.132,5,0.998532,0.001432
Le2i_Coffee_room_02_video (65)_w001,Le2i_Coffee_room_02_video (65),Coffee_room_02,2,NORMAL,TN,0.003308,0.49,0.486692,0.0,0.4649,0.0,0.4624,0.5194,0.112019,-0.000128,0.160837,0.03524,0.0,10,0.999182,0.001134
Le2i_Coffee_room_02_video (65)_w002,Le2i_Coffee_room_02_video (65),Coffee_room_02,2,NORMAL,TN,3e-06,0.49,0.489997,0.0,0.4337,0.0,0.4036,0.5448,0.49046,-0.014708,0.728877,0.096809,0.0,27,0.942273,0.120284
Le2i_Coffee_room_02_video (65)_w003,Le2i_Coffee_room_02_video (65),Coffee_room_02,2,NORMAL,TN,0.0,0.49,0.49,0.0,0.4171,0.0,0.36,0.5558,0.685675,-0.006689,1.141296,0.172176,0.0,40,0.637088,0.28018
Le2i_Coffee_room_02_video (65)_w004,Le2i_Coffee_room_02_video (65),Coffee_room_02,2,NORMAL,TN,0.0,0.49,0.49,0.0,0.415,0.0,0.3618,0.5594,0.685675,0.018788,1.141296,0.18403,36.4941,39,0.53284,0.291604
Le2i_Coffee_room_02_video (65)_w005,Le2i_Coffee_room_02_video (65),Coffee_room_02,2,NORMAL,TN,8e-06,0.49,0.489992,0.0,0.3973,0.0,0.343,0.5873,0.454129,0.005868,0.890375,0.108024,77.3775,22,0.836854,0.290266
Le2i_Coffee_room_02_video (65)_w006,Le2i_Coffee_room_02_video (65),Coffee_room_02,2,NORMAL,TN,5.2e-05,0.49,0.489948,0.0,0.3756,0.0,0.3158,0.6176,0.101,-0.000317,0.244553,0.027149,0.0,9,0.998253,0.001656
Le2i_Coffee_room_02_video (65)_w007,Le2i_Coffee_room_02_video (65),Coffee_room_02,2,NORMAL,TN,2.8e-05,0.49,0.489972,0.0,0.3798,0.0,0.3224,0.6158,0.101,0.000488,0.244553,0.023032,206.6689,8,0.99907,0.000675
Le2i_Coffee_room_02_video (65)_w008,Le2i_Coffee_room_02_video (65),Coffee_room_02,2,NORMAL,TN,2.4e-05,0.49,0.489976,0.0,0.4234,0.0,0.3655,0.5582,0.092114,-0.000489,0.150306,0.015712,0.0,4,0.99891,0.000408
Le2i_Coffee_room_02_video (65)_w009,Le2i_Coffee_room_02_video (65),Coffee_room_02,2,NORMAL,TN,2.5e-05,0.49,0.489975,0.0,0.4381,0.0,0.3812,0.5364,0.129243,6.6e-05,0.16697,0.013478,1941.9618,4,0.998663,0.000302
Le2i_Coffee_room_02_video (65)_w010,Le2i_Coffee_room_02_video (65),Coffee_room_02,2,NORMAL,TN,2e-05,0.49,0.48998,0.0,0.3904,0.0,0.3345,0.6109,0.129243,0.001398,0.16697,0.018236,92.3777,7,0.998779,0.000483
Le2i_Coffee_room_02_video (65)_w011,Le2i_Coffee_room_02_video (65),Coffee_room_02,2,NORMAL,TN,1.8e-05,0.49,0.489982,0.0,0.392,0.0,0.3394,0.6042,0.193251,6.4e-05,0.219487,0.028764,2955.229,13,0.999399,0.000612
Le2i_Coffee_room_02_video (65)_w012,Le2i_Coffee_room_02_video (65),Coffee_room_02,2,NORMAL,TN,2.1e-05,0.49,0.489979,0.0,0.4384,0.0,0.4158,0.543,0.193251,-0.002579,0.219487,0.031638,0.0,10,0.999833,0.000197
Le2i_Coffee_room_02_video (65)_w013,Le2i_Coffee_room_02_video (65),Coffee_room_02,2,NORMAL,TN,5.6e-05,0.49,0.489944,0.0,0.4549,0.0,0.4479,0.5297,0.099392,-0.000523,0.150754,0.037151,0.0,12,0.999601,0.000486
Le2i_Coffee_room_02_video (65)_w014,Le2i_Coffee_room_02_video (65),Coffee_room_02,2,NORMAL,TN,0.000117,0.49,0.489883,0.0,0.4507,0.0,0.4418,0.5352,0.478314,-0.022858,1.033991,0.102079,0.0,28,0.970462,0.080663
Le2i_Coffee_room_02_video (65)_w015,Le2i_Coffee_room_02_video (65),Coffee_room_02,2,NORMAL,TN,8e-06,0.49,0.489992,0.0,0.4473,0.0,0.4224,0.5382,0.948734,-0.00355,1.852039,0.328638,0.0,42,0.778994,0.249377
Le2i_Coffee_room_02_video (65)_w016,Le2i_Coffee_room_02_video (65),Coffee_room_02,2,NORMAL,TN,3.2e-05,0.49,0.489968,0.0,0.468,0.0,0.4442,0.5127,0.948734,0.029403,1.852039,0.252205,32.2657,28,0.80693,0.257664
Le2i_Coffee_room_02_video (65)_w017,Le2i_Coffee_room_02_video (65),Coffee_room_02,2,NORMAL,TN,0.106312,0.49,0.383688,0.0,0.4914,0.0,0.4824,0.4848,0.112596,0.003286,0.1455,0.020351,34.2533,5,0.997827,0.003275
Le2i_Coffee_room_02_video (65)_w018,Le2i_Coffee_room_02_video (65),Coffee_room_02,2,NORMAL,TN,0.143812,0.49,0.346188,0.0,0.4915,0.0,0.4788,0.4848,0.092248,0.000629,0.09227,0.013424,146.3348,1,0.99877,0.001295
Le2i_Coffee_room_02_video (65)_w019,Le2i_Coffee_room_02_video (65),Coffee_room_02,2,NORMAL,TN,0.057693,0.49,0.432307,0.0,0.492,0.0,0.4812,0.4848,0.1141,-0.007924,0.24304,0.023355,0.0,4,0.995517,0.006952
Le2i_Coffee_room_02_video (65)_w020,Le2i_Coffee_room_02_video (65),Coffee_room_02,2,NORMAL,TN,0.001156,0.49,0.488844,0.0,0.4823,0.0,0.4655,0.4976,0.46549,-0.017001,0.668242,0.112157,0.0,29,0.935438,0.064242
Le2i_Coffee_room_02_video (65)_w021,Le2i_Coffee_room_02_video (65),Coffee_room_02,2,NORMAL,TN,0.001087,0.49,0.488913,0.0,0.4785,0.0,0.4564,0.5,0.46549,0.009211,0.668242,0.131368,50.5295,37,0.923313,0.060227
Le2i_Coffee_room_02_video (65)_w022,Le2i_Coffee_room_02_video (65),Coffee_room_02,2,NORMAL,TN,0.056282,0.49,0.433718,0.0,0.4849,0.0,0.4758,0.4933,0.438372,0.015557,0.638664,0.049791,28.1773,16,0.983522,0.031768
Le2i_Coffee_room_02_video (65)_w023,Le2i_Coffee_room_02_video (65),Coffee_room_02,2,NORMAL,TN,0.075587,0.49,0.414413,0.0,0.485,0.0,0.4842,0.497,0.146012,-8.1e-05,0.147316,0.018739,0.0,10,0.999498,0.000451
Le2i_Coffee_room_02_video (65)_w024,Le2i_Coffee_room_02_video (65),Coffee_room_02,2,NORMAL,TN,0.04279,0.49,0.44721,0.0,0.4825,0.0,0.4776,0.4994,0.146012,0.001107,0.199727,0.024884,131.7349,10,0.999445,0.000412
Le2i_Coffee_room_02_video (65)_w025,Le2i_Coffee_room_02_video (65),Coffee_room_02,2,NORMAL,TN,0.019703,0.49,0.470297,0.0,0.4733,0.0,0.4661,0.5139,0.093176,-0.001183,0.199727,0.03842,0.0,9,0.999435,0.000553
Le2i_Coffee_room_02_video (65)_w026,Le2i_Coffee_room_02_video (65),Coffee_room_02,2,NORMAL,TN,0.006473,0.49,0.483527,0.0,0.4724,0.0,0.4691,0.5188,0.15699,-0.002663,0.215469,0.040805,0.0,15,0.998552,0.001303
Le2i_Coffee_room_02_video (66)_w000,Le2i_Coffee_room_02_video (66),Coffee_room_02,2,NORMAL,TN,0.00521,0.49,0.48479,0.0,0.4004,0.0,0.3503,0.6085,0.154599,0.000566,0.261109,0.021872,272.6609,8,0.99798,0.002564
Le2i_Coffee_room_02_video (66)_w001,Le2i_Coffee_room_02_video (66),Coffee_room_02,2,NORMAL,TN,0.009346,0.49,0.480654,0.0,0.3886,0.0,0.3352,0.617,0.154599,-0.002203,0.327965,0.033777,0.0,18,0.997002,0.002597
Le2i_Coffee_room_02_video (66)_w002,Le2i_Coffee_room_02_video (66),Coffee_room_02,2,NORMAL,TN,0.001182,0.49,0.488818,0.0,0.4011,0.0,0.3394,0.583,0.147089,-0.002184,0.327965,0.049421,0.0,18,0.985927,0.015502
Le2i_Coffee_room_02_video (66)_w003,Le2i_Coffee_room_02_video (66),Coffee_room_02,2,NORMAL,TN,9.5e-05,0.49,0.489905,0.0,0.4142,0.0,0.3521,0.5558,0.090241,-0.001694,0.236279,0.037692,0.0,7,0.969624,0.011955
Le2i_Coffee_room_02_video (66)_w004,Le2i_Coffee_room_02_video (66),Coffee_room_02,2,NORMAL,TN,3.4e-05,0.49,0.489966,0.0,0.4231,0.0,0.3667,0.5455,0.087045,0.001185,0.179782,0.030294,73.4181,4,0.964627,0.008657
Le2i_Coffee_room_02_video (66)_w005,Le2i_Coffee_room_02_video (66),Coffee_room_02,2,NORMAL,TN,4.1e-05,0.49,0.489959,0.0,0.4263,0.0,0.3764,0.5455,0.155213,-0.000605,0.179782,0.037521,0.0,10,0.961988,0.020641
Le2i_Coffee_room_02_video (66)_w006,Le2i_Coffee_room_02_video (66),Coffee_room_02,2,NORMAL,TN,5.6e-05,0.49,0.489944,0.0,0.4419,0.0,0.4103,0.5358,0.155213,-0.001305,0.255508,0.042776,0.0,16,0.961474,0.031529
Le2i_Coffee_room_02_video (66)_w007,Le2i_Coffee_room_02_video (66),Coffee_room_02,2,NORMAL,TN,0.00034,0.49,0.48966,0.0,0.4737,0.0,0.4612,0.5055,0.140305,0.003083,0.255508,0.044879,45.4983,21,0.981613,0.031025
Le2i_Coffee_room_02_video (66)_w008,Le2i_Coffee_room_02_video (66),Coffee_room_02,2,NORMAL,TN,0.042796,0.49,0.447204,0.0,0.4895,0.0,0.4842,0.4915,0.13154,0.001461,0.166335,0.032205,89.965,20,0.998939,0.001448
Le2i_Coffee_room_02_video (66)_w009,Le2i_Coffee_room_02_video (66),Coffee_room_02,2,NORMAL,TN,0.079412,0.49,0.410588,0.0,0.4722,0.0,0.4606,0.5121,0.183855,-0.001838,0.197111,0.031588,0.0,20,0.998163,0.00186
Le2i_Coffee_room_02_video (67)_w000,Le2i_Coffee_room_02_video (67),Coffee_room_02,2,NORMAL,TN,0.000285,0.49,0.489715,0.0,0.2015,0.0,0.1527,0.7933,1.099469,-0.031294,8.346819,0.187647,0.0,30,0.774758,0.411484
Le2i_Coffee_room_02_video (67)_w001,Le2i_Coffee_room_02_video (67),Coffee_room_02,2,NORMAL,TN,0.004518,0.49,0.485482,0.0,0.3687,0.0,0.3133,0.6139,0.177375,0.000316,0.183507,0.035848,560.3542,25,0.995058,0.002778
Le2i_Coffee_room_02_video (67)_w002,Le2i_Coffee_room_02_video (67),Coffee_room_02,2,NORMAL,TN,0.000585,0.49,0.489415,0.0,0.4085,0.0,0.3642,0.5764,0.121784,-0.000519,0.23537,0.031588,0.0,15,0.996521,0.002203
Le2i_Coffee_room_02_video (67)_w003,Le2i_Coffee_room_02_video (67),Coffee_room_02,2,NORMAL,TN,7.4e-05,0.49,0.489926,0.0,0.4054,0.0,0.3648,0.5897,0.087529,-0.0005,0.23537,0.033368,0.0,12,0.990111,0.010578
Le2i_Coffee_room_02_video (67)_w004,Le2i_Coffee_room_02_video (67),Coffee_room_02,2,NORMAL,TN,3e-05,0.49,0.48997,0.0,0.4103,0.0,0.3618,0.5745,0.087529,0.000817,0.492481,0.033998,107.0559,8,0.979087,0.008818
Le2i_Coffee_room_02_video (67)_w005,Le2i_Coffee_room_02_video (67),Coffee_room_02,2,NORMAL,TN,5.1e-05,0.49,0.489949,0.0,0.4222,0.0,0.3624,0.5424,0.09039,0.000299,0.492481,0.02591,301.3666,4,0.974659,0.003492
Le2i_Coffee_room_02_video (67)_w006,Le2i_Coffee_room_02_video (67),Coffee_room_02,2,NORMAL,TN,4.4e-05,0.49,0.489956,0.0,0.4456,0.0,0.4036,0.5212,0.318077,-0.001576,0.338182,0.033902,0.0,17,0.977322,0.007151
Le2i_Coffee_room_02_video (67)_w007,Le2i_Coffee_room_02_video (67),Coffee_room_02,2,NORMAL,TN,4.8e-05,0.49,0.489952,0.0,0.4741,0.0,0.4612,0.4945,0.259156,-8.5e-05,0.307579,0.0442,0.0,20,0.989232,0.010415
Le2i_Coffee_room_02_video (67)_w008,Le2i_Coffee_room_02_video (67),Coffee_room_02,2,NORMAL,TN,7.2e-05,0.49,0.489928,0.0,0.4892,0.0,0.4812,0.4848,0.133503,0.001717,0.202251,0.034914,77.7077,11,0.998173,0.001105
Le2i_Coffee_room_02_video (67)_w009,Le2i_Coffee_room_02_video (67),Coffee_room_02,2,NORMAL,TN,0.000533,0.49,0.489467,0.0,0.4911,0.0,0.4818,0.4891,0.129906,0.001017,0.202251,0.031023,127.6444,11,0.996385,0.002753
Le2i_Coffee_room_02_video (67)_w010,Le2i_Coffee_room_02_video (67),Coffee_room_02,2,NORMAL,TN,0.009646,0.49,0.480354,0.0,0.484,0.0,0.4685,0.4964,0.129906,-0.000211,0.137661,0.030021,0.0,10,0.992283,0.004717
Le2i_Coffee_room_02_video (67)_w011,Le2i_Coffee_room_02_video (67),Coffee_room_02,2,NORMAL,TN,0.147983,0.49,0.342017,0.0,0.3886,0.0,0.3412,0.597,0.483776,-0.005015,0.594833,0.03626,0.0,7,0.993255,0.006142
Le2i_Coffee_room_02_video (68)_w000,Le2i_Coffee_room_02_video (68),Coffee_room_02,2,NORMAL,TN,0.010584,0.49,0.479416,0.0,0.4596,0.0,0.4406,0.5212,0.16752,-0.001706,0.268316,0.040049,0.0,15,0.999423,0.000488
Le2i_Coffee_room_02_video (68)_w001,Le2i_Coffee_room_02_video (68),Coffee_room_02,2,NORMAL,TN,0.001026,0.49,0.488974,0.0,0.4259,0.0,0.3776,0.5467,0.268464,-0.002092,0.75575,0.074156,0.0,35,0.998542,0.00176
Le2i_Coffee_room_02_video (68)_w002,Le2i_Coffee_room_02_video (68),Coffee_room_02,2,NORMAL,TN,0.122993,0.49,0.367007,0.0,0.2983,0.0,0.2279,0.6867,2.975493,0.03339,6.057894,0.16184,89.1103,37,0.87814,0.324279
Le2i_Coffee_room_02_video (68)_w003,Le2i_Coffee_room_02_video (68),Coffee_room_02,2,NORMAL,TN,0.005565,0.49,0.484435,0.0,0.0957,0.0,0.0539,0.9079,2.975493,0.000185,6.057894,0.19209,16039.8301,17,0.419279,0.492713
Le2i_Coffee_room_02_video (68)_w004,Le2i_Coffee_room_02_video (68),Coffee_room_02,2,NORMAL,TN,0.0,0.49,0.49,0.0,0.1604,0.0,0.1103,0.8412,1.76358,-0.0336,5.938824,0.15593,0.0,20,0.537738,0.496316
Le2i_Coffee_room_02_video (68)_w005,Le2i_Coffee_room_02_video (68),Coffee_room_02,2,NORMAL,TN,1.8e-05,0.49,0.489982,0.0,0.3514,0.0,0.2836,0.6497,1.011896,0.004623,1.987015,0.103726,218.8312,34,0.996286,0.002717
Le2i_Coffee_room_02_video (68)_w006,Le2i_Coffee_room_02_video (68),Coffee_room_02,2,NORMAL,TN,4.1e-05,0.49,0.489959,0.0,0.3939,0.0,0.3491,0.6097,0.268934,-0.000592,0.370661,0.053326,0.0,22,0.997384,0.001306
Le2i_Coffee_room_02_video (68)_w007,Le2i_Coffee_room_02_video (68),Coffee_room_02,2,NORMAL,TN,1.7e-05,0.49,0.489983,0.0,0.4052,0.0,0.3509,0.577,0.21129,7.7e-05,0.45081,0.063773,2720.6672,22,0.994429,0.005247
Le2i_Coffee_room_02_video (68)_w008,Le2i_Coffee_room_02_video (68),Coffee_room_02,2,NORMAL,TN,1.1e-05,0.49,0.489989,0.0,0.4138,0.0,0.3564,0.5497,0.21129,0.000819,0.45081,0.069645,257.6739,23,0.991411,0.005826
Le2i_Coffee_room_02_video (68)_w009,Le2i_Coffee_room_02_video (68),Coffee_room_02,2,NORMAL,TN,1.5e-05,0.49,0.489985,0.0,0.3897,0.0,0.3255,0.5824,0.121207,0.000956,0.341543,0.04836,126.5927,13,0.994519,0.005067
Le2i_Coffee_room_02_video (68)_w010,Le2i_Coffee_room_02_video (68),Coffee_room_02,2,NORMAL,TN,1e-05,0.49,0.48999,0.0,0.3634,0.0,0.2958,0.6139,0.107053,-0.000165,0.353941,0.041132,0.0,8,0.997496,0.00046
Le2i_Coffee_room_02_video (68)_w011,Le2i_Coffee_room_02_video (68),Coffee_room_02,2,NORMAL,TN,0.000241,0.49,0.489759,0.0,0.311,0.0,0.2461,0.663,3.999182,0.033524,8.113916,0.493656,119.2889,12,0.852514,0.344103
Le2i_Coffee_room_02_video (68)_w012,Le2i_Coffee_room_02_video (68),Coffee_room_02,2,NORMAL,TN,0.000199,0.49,0.489801,0.0,0.2719,0.0,0.1988,0.7006,3.999182,0.000496,8.113916,0.582434,8040.7592,15,0.748176,0.420526
Le2i_Coffee_room_02_video (68)_w013,Le2i_Coffee_room_02_video (68),Coffee_room_02,2,NORMAL,TN,0.0,0.49,0.49,0.0,0.35,0.0,0.2818,0.6176,1.221994,-0.035561,7.626947,0.134144,0.0,9,0.888771,0.296331
Le2i_Coffee_room_02_video (68)_w014,Le2i_Coffee_room_02_video (68),Coffee_room_02,2,NORMAL,TN,3e-06,0.49,0.489997,0.0,0.4436,0.0,0.4042,0.517,0.252965,-0.002162,0.741135,0.080492,0.0,16,0.988731,0.008404
Le2i_Coffee_room_02_video (68)_w015,Le2i_Coffee_room_02_video (68),Coffee_room_02,2,NORMAL,TN,4e-06,0.49,0.489996,0.0,0.4732,0.0,0.4473,0.4848,0.28161,0.000865,0.741135,0.084762,325.3612,27,0.993503,0.008615
Le2i_Coffee_room_02_video (68)_w016,Le2i_Coffee_room_02_video (68),Coffee_room_02,2,NORMAL,TN,5.1e-05,0.49,0.489949,0.0,0.4692,0.0,0.4509,0.5006,0.752769,-0.000306,0.801121,0.061292,0.0,29,0.998578,0.000922
Le2i_Coffee_room_02_video (68)_w017,Le2i_Coffee_room_02_video (68),Coffee_room_02,2,NORMAL,TN,0.000298,0.49,0.489702,0.0,0.4451,0.0,0.4133,0.5339,0.752769,0.002043,0.801121,0.084925,368.2266,34,0.998212,0.003527
Le2i_Coffee_room_02_video (68)_w018,Le2i_Coffee_room_02_video (68),Coffee_room_02,2,NORMAL,TN,0.000247,0.49,0.489753,0.0,0.4391,0.0,0.4018,0.5352,0.423366,-0.031743,0.984323,0.146988,0.0,39,0.989691,0.012474
Le2i_Coffee_room_02_video (68)_w019,Le2i_Coffee_room_02_video (68),Coffee_room_02,2,NORMAL,TN,0.000174,0.49,0.489826,0.0,0.459,0.0,0.4509,0.517,0.383657,-0.021616,0.984323,0.149288,0.0,36,0.98846,0.011375
Le2i_Coffee_room_02_video (68)_w020,Le2i_Coffee_room_02_video (68),Coffee_room_02,2,NORMAL,TN,0.014669,0.49,0.475331,0.0,0.471,0.0,0.4739,0.5152,0.367505,0.009772,0.551152,0.067336,37.6047,22,0.994711,0.002548
Le2i_Coffee_room_02_video (68)_w021,Le2i_Coffee_room_02_video (68),Coffee_room_02,2,NORMAL,TN,0.003575,0.49,0.486425,0.0,0.4794,0.0,0.4842,0.5036,0.165537,0.002057,0.233103,0.029656,80.4315,9,0.996901,0.003139
Le2i_Coffee_room_02_video (68)_w022,Le2i_Coffee_room_02_video (68),Coffee_room_02,2,NORMAL,TN,0.005804,0.49,0.484196,0.0,0.4828,0.0,0.4806,0.4885,0.059386,-0.000366,0.219061,0.024935,0.0,5,0.998946,0.000888
Le2i_Coffee_room_02_video (68)_w023,Le2i_Coffee_room_02_video (68),Coffee_room_02,2,NORMAL,TN,0.005029,0.49,0.484971,0.0,0.4831,0.0,0.4739,0.4848,0.070934,-0.000406,0.219061,0.022886,0.0,8,0.997973,0.000948
Le2i_Coffee_room_02_video (68)_w024,Le2i_Coffee_room_02_video (68),Coffee_room_02,2,NORMAL,TN,0.004704,0.49,0.485296,0.0,0.4816,0.0,0.4752,0.4915,0.146232,-0.000367,0.146911,0.024201,0.0,14,0.997109,0.000737
Le2i_Coffee_room_02_video (68)_w025,Le2i_Coffee_room_02_video (68),Coffee_room_02,2,NORMAL,TN,0.00298,0.49,0.48702,0.0,0.4813,0.0,0.4818,0.4994,0.185898,-0.003975,0.186609,0.031062,0.0,14,0.997596,0.001141
Le2i_Coffee_room_02_video (68)_w026,Le2i_Coffee_room_02_video (68),Coffee_room_02,2,NORMAL,TN,0.003257,0.49,0.486743,0.0,0.4826,0.0,0.4806,0.4976,0.185898,-0.000766,0.186609,0.031127,0.0,11,0.998362,0.000805
Le2i_Coffee_room_02_video (68)_w027,Le2i_Coffee_room_02_video (68),Coffee_room_02,2,NORMAL,TN,0.003214,0.49,0.486786,0.0,0.4802,0.0,0.48,0.4945,0.506068,0.022431,0.668023,0.080575,22.5598,25,0.999029,0.000913
Le2i_Coffee_room_02_video (68)_w028,Le2i_Coffee_room_02_video (68),Coffee_room_02,2,NORMAL,TN,0.011855,0.49,0.478145,0.0,0.4799,0.0,0.4842,0.4958,0.629352,0.02212,0.668023,0.089094,28.4505,33,0.999736,0.000315
Le2i_Coffee_room_02_video (68)_w029,Le2i_Coffee_room_02_video (68),Coffee_room_02,2,NORMAL,TN,0.001201,0.49,0.488799,0.0,0.4873,0.0,0.483,0.4909,0.629352,0.002734,0.653191,0.037899,230.1014,22,0.999601,0.000452
Le2i_Coffee_room_02_video (68)_w030,Le2i_Coffee_room_02_video (68),Coffee_room_02,2,NORMAL,TN,6e-06,0.49,0.489994,0.0,0.4854,0.0,0.4709,0.4897,0.11738,0.000287,0.137973,0.029818,408.1379,15,0.999649,0.000435
Le2i_Coffee_room_02_video (68)_w031,Le2i_Coffee_room_02_video (68),Coffee_room_02,2,NORMAL,TN,0.0,0.49,0.49,0.0,0.4265,0.0,0.4079,0.5491,0.10312,-0.001348,0.176591,0.035602,0.0,17,0.998633,0.00259
Le2i_Coffee_room_02_video (68)_w032,Le2i_Coffee_room_02_video (68),Coffee_room_02,2,NORMAL,TN,0.0,0.49,0.49,0.0,0.3621,0.0,0.323,0.6079,0.10312,-0.001145,0.176591,0.032572,0.0,14,0.989238,0.008767
Le2i_Coffee_room_02_video (68)_w033,Le2i_Coffee_room_02_video (68),Coffee_room_02,2,NORMAL,TN,0.0,0.49,0.49,0.0,0.3372,0.0,0.28,0.6327,0.157304,0.00063,0.167409,0.031902,249.3977,17,0.988549,0.008454
Le2i_Coffee_room_02_video (68)_w034,Le2i_Coffee_room_02_video (68),Coffee_room_02,2,NORMAL,TN,1e-06,0.49,0.489999,0.0,0.3521,0.0,0.2921,0.6327,0.625603,-0.000464,0.823523,0.06646,0.0,31,0.997926,0.003767
Le2i_Coffee_room_02_video (68)_w035,Le2i_Coffee_room_02_video (68),Coffee_room_02,2,NORMAL,TN,0.000316,0.49,0.489684,0.0,0.3991,0.0,0.3479,0.5945,0.625603,-0.001956,0.834995,0.097794,0.0,40,0.999479,0.0007
Le2i_Coffee_room_02_video (68)_w036,Le2i_Coffee_room_02_video (68),Coffee_room_02,2,NORMAL,TN,0.000274,0.49,0.489726,0.0,0.37,0.0,0.3067,0.6273,0.422724,-0.00091,0.834995,0.083085,0.0,37,0.999063,0.000733
Le2i_Coffee_room_02_video (68)_w037,Le2i_Coffee_room_02_video (68),Coffee_room_02,2,NORMAL,TN,0.0,0.49,0.49,0.0,0.2386,0.0,0.1236,0.7636,6.203511,-0.010933,11.504068,0.429262,0.0,30,0.978805,0.139832
Le2i_Coffee_room_02_video (68)_w038,Le2i_Coffee_room_02_video (68),Coffee_room_02,2,NORMAL,TN,0.0,0.49,0.49,0.0,0.1446,0.0,0.0073,0.8988,6.203511,-0.001135,11.504068,0.485791,0.0,28,0.979015,0.139862
Le2i_Coffee_room_02_video (68)_w039,Le2i_Coffee_room_02_video (68),Coffee_room_02,2,NORMAL,TN,8e-06,0.49,0.489992,0.0,0.2492,0.0,0.1248,0.7782,1.175134,0.006569,2.428961,0.147015,178.8717,31,0.997976,0.002017
Le2i_Coffee_room_02_video (68)_w040,Le2i_Coffee_room_02_video (68),Coffee_room_02,2,NORMAL,TN,6e-06,0.49,0.489994,0.0,0.3736,0.0,0.2879,0.6139,0.509838,0.000538,0.859422,0.100621,945.0928,34,0.996549,0.002873
Le2i_Coffee_room_02_video (68)_w041,Le2i_Coffee_room_02_video (68),Coffee_room_02,2,NORMAL,TN,1e-06,0.49,0.489999,0.0,0.3911,0.0,0.3303,0.6024,0.318671,-0.011091,0.446095,0.080099,0.0,30,0.953969,0.068018
Le2i_Coffee_room_02_video (68)_w042,Le2i_Coffee_room_02_video (68),Coffee_room_02,2,NORMAL,TN,0.0,0.49,0.49,0.0,0.42,0.0,0.3818,0.5655,0.202328,-0.01016,0.446095,0.080021,0.0,24,0.82184,0.104817
Le2i_Coffee_room_02_video (68)_w043,Le2i_Coffee_room_02_video (68),Coffee_room_02,2,NORMAL,TN,0.0,0.49,0.49,0.0,0.4363,0.0,0.4109,0.5436,0.239797,0.007756,0.582247,0.088177,30.9122,27,0.803856,0.092294
Le2i_Coffee_room_02_video (68)_w044,Le2i_Coffee_room_02_video (68),Coffee_room_02,2,NORMAL,TN,0.0,0.49,0.49,0.0,0.4571,0.0,0.4345,0.517,0.239797,0.009951,0.582247,0.081503,24.095,24,0.935763,0.082949
Le2i_Coffee_room_02_video (68)_w045,Le2i_Coffee_room_02_video (68),Coffee_room_02,2,NORMAL,TN,4e-06,0.49,0.489996,0.0,0.4845,0.0,0.48,0.4915,0.654621,-0.01869,0.970152,0.076167,0.0,17,0.996256,0.003494
Le2i_Coffee_room_02_video (68)_w046,Le2i_Coffee_room_02_video (68),Coffee_room_02,2,NORMAL,TN,1e-06,0.49,0.489999,0.0,0.4794,0.0,0.4764,0.503,0.856821,-0.020644,0.970152,0.093216,0.0,23,0.992039,0.00828
Le2i_Coffee_room_02_video (68)_w047,Le2i_Coffee_room_02_video (68),Coffee_room_02,2,NORMAL,TN,0.0,0.49,0.49,0.0,0.471,0.0,0.4636,0.5152,0.856821,0.000683,0.869687,0.049738,1252.7216,14,0.98324,0.007869
Le2i_Coffee_room_02_video (68)_w048,Le2i_Coffee_room_02_video (68),Coffee_room_02,2,NORMAL,TN,2e-06,0.49,0.489998,0.0,0.4633,0.0,0.4564,0.523,0.138197,-0.000107,0.388738,0.030456,0.0,8,0.983237,0.004956
Le2i_Coffee_room_02_video (68)_w049,Le2i_Coffee_room_02_video (68),Coffee_room_02,2,NORMAL,TN,2e-06,0.49,0.489998,0.0,0.4615,0.0,0.4606,0.5279,0.715822,0.002258,0.725381,0.049287,316.9408,21,0.988432,0.002239
Le2i_Coffee_room_02_video (68)_w050,Le2i_Coffee_room_02_video (68),Coffee_room_02,2,NORMAL,TN,0.0,0.49,0.49,0.0,0.4559,0.0,0.4515,0.5309,1.152651,0.01743,1.517848,0.11955,66.1271,38,0.980085,0.018074
Le2i_Coffee_room_02_video (68)_w051,Le2i_Coffee_room_02_video (68),Coffee_room_02,2,NORMAL,TN,1e-06,0.49,0.489999,0.0,0.4333,0.0,0.4085,0.5497,1.152651,0.021736,1.517848,0.124179,53.0262,38,0.984287,0.020648
Le2i_Coffee_room_02_video (68)_w052,Le2i_Coffee_room_02_video (68),Coffee_room_02,2,NORMAL,TN,0.000107,0.49,0.489893,0.0,0.422,0.0,0.3776,0.5606,0.272027,0.00629,0.617697,0.076678,43.2422,29,0.998225,0.002749
Le2i_Coffee_room_02_video (68)_w053,Le2i_Coffee_room_02_video (68),Coffee_room_02,2,NORMAL,TN,0.003429,0.49,0.486571,0.0,0.4176,0.0,0.3661,0.5612,0.272027,0.001796,0.617697,0.066806,151.3445,27,0.999284,0.000832
Le2i_Coffee_room_02_video (68)_w054,Le2i_Coffee_room_02_video (68),Coffee_room_02,2,NORMAL,TN,0.00762,0.49,0.48238,0.0,0.4492,0.0,0.4176,0.5267,0.151944,-0.003906,0.223356,0.040042,0.0,16,0.99969,0.000284
Le2i_Coffee_room_02_video (68)_w055,Le2i_Coffee_room_02_video (68),Coffee_room_02,2,NORMAL,TN,0.002451,0.49,0.487549,0.0,0.4847,0.0,0.4806,0.4873,0.111881,-0.019013,0.29993,0.03912,0.0,10,0.999713,0.000232
Le2i_Coffee_room_02_video (68)_w056,Le2i_Coffee_room_02_video (68),Coffee_room_02,2,NORMAL,TN,0.005808,0.49,0.484192,0.0,0.4843,0.0,0.483,0.4848,0.111881,-0.015204,0.29993,0.033494,0.0,6,0.999852,0.000161
Le2i_Coffee_room_02_video (68)_w057,Le2i_Coffee_room_02_video (68),Coffee_room_02,2,NORMAL,TN,0.008151,0.49,0.481849,0.0,0.4857,0.0,0.4836,0.4848,0.069899,-0.002095,0.06998,0.01343,0.0,1,0.999945,3.6e-05
Le2i_Coffee_room_02_video (68)_w058,Le2i_Coffee_room_02_video (68),Coffee_room_02,2,NORMAL,TN,0.009312,0.49,0.480688,0.0,0.486,0.0,0.4848,0.4848,0.063056,-0.000532,0.077307,0.012093,0.0,1,0.999956,2.3e-05
Le2i_Coffee_room_02_video (68)_w059,Le2i_Coffee_room_02_video (68),Coffee_room_02,2,NORMAL,TN,0.010959,0.49,0.479041,0.0,0.4861,0.0,0.4848,0.4848,0.057389,0.002464,0.071453,0.012624,23.2856,1,0.999966,2e-05
Le2i_Coffee_room_02_video (68)_w060,Le2i_Coffee_room_02_video (68),Coffee_room_02,2,NORMAL,TN,0.011401,0.49,0.478599,0.0,0.4862,0.0,0.4848,0.4848,0.057389,0.004303,0.070779,0.013717,13.3334,1,0.999938,6.5e-05
Le2i_Coffee_room_02_video (68)_w061,Le2i_Coffee_room_02_video (68),Coffee_room_02,2,NORMAL,TN,0.008263,0.49,0.481737,0.0,0.4861,0.0,0.4848,0.4848,0.054461,0.001102,0.072327,0.014227,49.3894,1,0.999948,7.1e-05
Le2i_Coffee_room_02_video (68)_w062,Le2i_Coffee_room_02_video (68),Coffee_room_02,2,NORMAL,TN,0.006328,0.49,0.483672,0.0,0.4857,0.0,0.4848,0.4848,0.054461,-0.000782,0.072327,0.011802,0.0,1,0.999997,3e-06
Le2i_Coffee_room_02_video (69)_w000,Le2i_Coffee_room_02_video (69),Coffee_room_02,2,NORMAL,TN,0.007793,0.49,0.482207,0.0,0.3099,0.0,0.2248,0.6782,0.500307,-0.000254,0.501639,0.039739,0.0,18,0.995206,0.006064
Le2i_Coffee_room_02_video (69)_w001,Le2i_Coffee_room_02_video (69),Coffee_room_02,2,NORMAL,TN,0.000871,0.49,0.489129,0.0,0.3645,0.0,0.2939,0.6236,0.281798,-0.000417,0.402352,0.041753,0.0,23,0.995968,0.00412
Le2i_Coffee_room_02_video (69)_w002,Le2i_Coffee_room_02_video (69),Coffee_room_02,2,NORMAL,TN,0.000155,0.49,0.489845,0.0,0.4277,0.0,0.3818,0.5558,0.413178,-0.003454,0.442725,0.052253,0.0,29,0.99557,0.003764
Le2i_Coffee_room_02_video (69)_w003,Le2i_Coffee_room_02_video (69),Coffee_room_02,2,NORMAL,TN,0.000205,0.49,0.489795,0.0,0.4644,0.0,0.4394,0.5145,0.413178,-6.8e-05,0.442725,0.065756,0.0,32,0.995917,0.004454
Le2i_Coffee_room_02_video (69)_w004,Le2i_Coffee_room_02_video (69),Coffee_room_02,2,NORMAL,TN,0.001723,0.49,0.488277,0.0,0.477,0.0,0.4727,0.5067,0.277545,0.00166,0.30873,0.055927,167.1312,33,0.970597,0.036988
Le2i_Coffee_room_02_video (69)_w005,Le2i_Coffee_room_02_video (69),Coffee_room_02,2,NORMAL,TN,0.024195,0.49,0.465805,0.0,0.4743,0.0,0.4733,0.5152,0.62327,-0.000873,0.647398,0.057556,0.0,30,0.936783,0.03668
Le2i_Coffee_room_02_video (69)_w006,Le2i_Coffee_room_02_video (69),Coffee_room_02,2,NORMAL,TN,0.047606,0.49,0.442394,0.0,0.4736,0.0,0.4703,0.5152,0.62327,-0.001253,0.647398,0.060972,0.0,30,0.901999,0.059252
Le2i_Coffee_room_02_video (69)_w007,Le2i_Coffee_room_02_video (69),Coffee_room_02,2,NORMAL,TN,0.039626,0.49,0.450374,0.0,0.4687,0.0,0.46,0.5152,0.307711,-0.000344,0.368219,0.050659,0.0,27,0.893841,0.072789
Le2i_Coffee_room_02_video (69)_w008,Le2i_Coffee_room_02_video (69),Coffee_room_02,2,NORMAL,TN,0.108339,0.49,0.381661,0.0,0.4676,0.0,0.4612,0.5158,0.183424,0.001695,0.31625,0.048802,108.1578,26,0.937429,0.058056
Le2i_Coffee_room_02_video (69)_w009,Le2i_Coffee_room_02_video (69),Coffee_room_02,2,NORMAL,TN,0.05983,0.49,0.43017,0.0,0.4762,0.0,0.4752,0.5152,0.183424,-0.003535,0.258481,0.049885,0.0,30,0.976098,0.016227
Le2i_Coffee_room_02_video (69)_w010,Le2i_Coffee_room_02_video (69),Coffee_room_02,2,NORMAL,TN,0.040763,0.49,0.449237,0.0,0.4836,0.0,0.4794,0.5055,0.784089,-0.00137,0.798561,0.057296,0.0,31,0.980405,0.016856
Le2i_Coffee_room_02_video (69)_w011,Le2i_Coffee_room_02_video (69),Coffee_room_02,2,NORMAL,TN,0.051931,0.49,0.438069,0.0,0.4738,0.0,0.4673,0.5061,0.784089,-0.002842,0.798561,0.067035,0.0,32,0.981427,0.018591
Le2i_Coffee_room_02_video (69)_w012,Le2i_Coffee_room_02_video (69),Coffee_room_02,2,NORMAL,TN,0.021449,0.49,0.468551,0.0,0.4581,0.0,0.4461,0.5267,0.30253,0.000434,0.431722,0.0665,694.689,31,0.970573,0.030296
Le2i_Coffee_room_02_video (69)_w013,Le2i_Coffee_room_02_video (69),Coffee_room_02,2,NORMAL,TN,0.038037,0.49,0.451963,0.0,0.4601,0.0,0.4352,0.5267,0.181585,0.007271,0.462985,0.040591,24.9687,20,0.975738,0.03205
Le2i_Coffee_room_02_video (69)_w014,Le2i_Coffee_room_02_video (69),Coffee_room_02,2,NORMAL,TN,0.037994,0.49,0.452006,0.0,0.4627,0.0,0.423,0.5182,0.155877,0.002601,0.462985,0.018383,59.9099,5,0.999427,0.000515
Le2i_Coffee_room_02_video (69)_w015,Le2i_Coffee_room_02_video (69),Coffee_room_02,2,NORMAL,TN,0.029695,0.49,0.460305,0.0,0.442,0.0,0.3952,0.537,0.343906,0.002401,0.447897,0.021716,143.196,11,0.996191,0.003986
Le2i_Coffee_room_02_video (69)_w016,Le2i_Coffee_room_02_video (69),Coffee_room_02,2,NORMAL,TN,0.016698,0.49,0.473302,0.0,0.4309,0.0,0.3879,0.5491,0.402572,-0.000238,0.447897,0.032537,0.0,23,0.987567,0.009005
Le2i_Coffee_room_02_video (69)_w017,Le2i_Coffee_room_02_video (69),Coffee_room_02,2,NORMAL,TN,0.020227,0.49,0.469773,0.0,0.4068,0.0,0.3491,0.577,0.402572,-0.001565,0.408773,0.034102,0.0,23,0.988475,0.009925
Le2i_Coffee_room_02_video (69)_w018,Le2i_Coffee_room_02_video (69),Coffee_room_02,2,NORMAL,TN,0.013565,0.49,0.476435,0.0,0.3857,0.0,0.3242,0.6,0.194401,0.000796,0.211313,0.030767,243.9591,23,0.989874,0.013544
Le2i_Coffee_room_02_video (69)_w019,Le2i_Coffee_room_02_video (69),Coffee_room_02,2,NORMAL,TN,0.002465,0.49,0.487535,0.0,0.4251,0.0,0.3982,0.5612,0.194401,0.000401,0.365775,0.032423,484.1032,20,0.974428,0.029244
Le2i_Coffee_room_02_video (69)_w020,Le2i_Coffee_room_02_video (69),Coffee_room_02,2,NORMAL,TN,7.5e-05,0.49,0.489925,0.0,0.469,0.0,0.4667,0.5218,0.292763,0.000653,0.365775,0.027132,447.6908,15,0.981403,0.030065
Le2i_Coffee_room_02_video (69)_w021,Le2i_Coffee_room_02_video (69),Coffee_room_02,2,NORMAL,TN,2e-05,0.49,0.48998,0.0,0.4544,0.0,0.4315,0.5285,0.344467,2.3e-05,0.510601,0.025636,14430.1662,18,0.988687,0.011671
Le2i_Coffee_room_02_video (69)_w022,Le2i_Coffee_room_02_video (69),Coffee_room_02,2,NORMAL,TN,8.3e-05,0.49,0.489917,0.0,0.4356,0.0,0.3867,0.5394,0.344467,-0.000674,0.510601,0.027499,0.0,24,0.987735,0.010992
Le2i_Coffee_room_02_video (69)_w023,Le2i_Coffee_room_02_video (69),Coffee_room_02,2,NORMAL,TN,0.000187,0.49,0.489813,0.0,0.4376,0.0,0.3921,0.5509,0.282149,-0.000825,0.442618,0.023379,0.0,15,0.998272,0.002253
Le2i_Coffee_room_02_video (69)_w024,Le2i_Coffee_room_02_video (69),Coffee_room_02,2,NORMAL,TN,0.00114,0.49,0.48886,0.0,0.4402,0.0,0.3939,0.5461,0.101413,-0.000263,0.182706,0.019561,0.0,6,0.999668,0.000423
Le2i_Coffee_room_02_video (69)_w025,Le2i_Coffee_room_02_video (69),Coffee_room_02,2,NORMAL,TN,0.009333,0.49,0.480667,0.0,0.4268,0.0,0.3758,0.5606,0.161816,-0.000325,0.226771,0.027995,0.0,13,0.999262,0.001025
Le2i_Coffee_room_02_video (69)_w026,Le2i_Coffee_room_02_video (69),Coffee_room_02,2,NORMAL,TN,0.041018,0.49,0.448982,0.0,0.4321,0.0,0.3897,0.5576,0.25683,1.3e-05,0.25683,0.038442,18740.5916,22,0.995784,0.003444
Le2i_Coffee_room_02_video (69)_w027,Le2i_Coffee_room_02_video (69),Coffee_room_02,2,NORMAL,TN,0.119339,0.49,0.370661,0.0,0.465,0.0,0.4406,0.517,0.25683,0.001154,0.332946,0.028345,222.4246,20,0.993201,0.002354
Le2i_Coffee_room_02_video (69)_w028,Le2i_Coffee_room_02_video (69),Coffee_room_02,2,NORMAL,TN,0.134932,0.49,0.355068,0.0,0.477,0.0,0.4721,0.5152,0.255146,-0.000902,0.332946,0.020314,0.0,16,0.993503,0.003029
Le2i_Coffee_room_02_video (69)_w029,Le2i_Coffee_room_02_video (69),Coffee_room_02,2,NORMAL,TN,0.151217,0.49,0.338783,0.0,0.475,0.0,0.4697,0.5188,0.15656,-0.005368,0.211873,0.030497,0.0,21,0.986646,0.013904
Le2i_Coffee_room_02_video (69)_w030,Le2i_Coffee_room_02_video (69),Coffee_room_02,2,NORMAL,TN,0.05178,0.49,0.43822,0.0,0.4707,0.0,0.46,0.5133,0.244378,-0.004127,0.36488,0.06042,0.0,31,0.976427,0.019416
Le2i_Coffee_room_02_video (69)_w031,Le2i_Coffee_room_02_video (69),Coffee_room_02,2,NORMAL,TN,0.010557,0.49,0.479443,0.0,0.477,0.0,0.4752,0.503,0.244378,0.005068,0.36488,0.059766,48.2059,30,0.986495,0.020158
Le2i_Coffee_room_02_video (69)_w032,Le2i_Coffee_room_02_video (69),Coffee_room_02,2,NORMAL,TN,0.003079,0.49,0.486921,0.0,0.4771,0.0,0.477,0.503,0.481719,0.001067,0.555822,0.034303,451.1259,19,0.999345,0.001855
Le2i_Coffee_room_02_video (69)_w033,Le2i_Coffee_room_02_video (69),Coffee_room_02,2,NORMAL,TN,0.002572,0.49,0.487428,0.0,0.4594,0.0,0.4364,0.5255,0.481719,0.001439,0.555822,0.030899,334.4664,19,0.997637,0.003511
Le2i_Coffee_room_02_video (69)_w034,Le2i_Coffee_room_02_video (69),Coffee_room_02,2,NORMAL,TN,0.034046,0.49,0.455954,0.0,0.4413,0.0,0.403,0.5521,0.357958,0.002461,0.41798,0.026973,145.3983,19,0.994707,0.005212
Le2i_Coffee_room_02_video (69)_w035,Le2i_Coffee_room_02_video (69),Coffee_room_02,2,NORMAL,TN,0.021825,0.49,0.468175,0.0,0.435,0.0,0.4018,0.5576,0.357958,-0.000306,0.418274,0.036386,0.0,26,0.987305,0.007337
Le2i_Coffee_room_02_video (69)_w036,Le2i_Coffee_room_02_video (69),Coffee_room_02,2,NORMAL,TN,0.015124,0.49,0.474876,0.0,0.4278,0.0,0.397,0.5685,0.1942,0.000164,0.418274,0.039465,1176.9795,26,0.981475,0.013393
Le2i_Coffee_room_02_video (69)_w037,Le2i_Coffee_room_02_video (69),Coffee_room_02,2,NORMAL,TN,0.008063,0.49,0.481937,0.0,0.4297,0.0,0.3903,0.5624,0.3544,-0.001885,0.445489,0.033307,0.0,17,0.961735,0.026328
Le2i_Coffee_room_02_video (69)_w038,Le2i_Coffee_room_02_video (69),Coffee_room_02,2,NORMAL,TN,0.003498,0.49,0.486502,0.0,0.4359,0.0,0.3836,0.5424,0.3544,6.1e-05,0.445489,0.032574,5714.0066,14,0.935898,0.017344
Le2i_Coffee_room_02_video (69)_w039,Le2i_Coffee_room_02_video (69),Coffee_room_02,2,NORMAL,TN,0.004962,0.49,0.485038,0.0,0.4328,0.0,0.3794,0.5412,0.307107,0.001454,0.311383,0.031265,211.0608,19,0.949366,0.024442
Le2i_Coffee_room_02_video (69)_w040,Le2i_Coffee_room_02_video (69),Coffee_room_02,2,NORMAL,TN,0.006945,0.49,0.483055,0.0,0.4329,0.0,0.3824,0.5394,0.307107,-0.000345,0.311383,0.030229,0.0,18,0.975079,0.01207
Le2i_Coffee_room_02_video (69)_w041,Le2i_Coffee_room_02_video (69),Coffee_room_02,2,NORMAL,TN,0.007146,0.49,0.482854,0.0,0.4501,0.0,0.4018,0.5236,0.305116,-0.000266,0.308807,0.022686,0.0,9,0.984945,0.007027
Le2i_Coffee_room_02_video (69)_w042,Le2i_Coffee_room_02_video (69),Coffee_room_02,2,NORMAL,TN,0.00788,0.49,0.48212,0.0,0.4508,0.0,0.3952,0.5218,0.305116,-0.000677,0.308807,0.027995,0.0,12,0.986692,0.006295
Le2i_Coffee_room_02_video (69)_w043,Le2i_Coffee_room_02_video (69),Coffee_room_02,2,NORMAL,TN,0.003924,0.49,0.486076,0.0,0.4219,0.0,0.3545,0.5558,0.154509,-0.001373,0.270077,0.042321,0.0,18,0.975087,0.016667
Le2i_Coffee_room_02_video (69)_w044,Le2i_Coffee_room_02_video (69),Coffee_room_02,2,NORMAL,TN,0.005402,0.49,0.484598,0.0,0.3971,0.0,0.3376,0.5939,0.154509,0.001191,0.193256,0.039878,129.6316,22,0.982098,0.020817
Le2i_Coffee_room_02_video (69)_w045,Le2i_Coffee_room_02_video (69),Coffee_room_02,2,NORMAL,TN,0.002276,0.49,0.487724,0.0,0.4232,0.0,0.3794,0.5661,0.195527,0.001499,0.247179,0.027705,130.3715,19,0.998044,0.001543
Le2i_Coffee_room_02_video (69)_w046,Le2i_Coffee_room_02_video (69),Coffee_room_02,2,NORMAL,TN,0.000186,0.49,0.489814,0.0,0.4542,0.0,0.4091,0.5255,0.387693,0.000335,0.393307,0.020808,1154.4268,17,0.997423,0.001536
Le2i_Coffee_room_02_video (69)_w047,Le2i_Coffee_room_02_video (69),Coffee_room_02,2,NORMAL,TN,0.000148,0.49,0.489852,0.0,0.4537,0.0,0.4,0.5248,0.387693,-0.001061,0.393307,0.015866,0.0,19,0.997656,0.001669
Le2i_Coffee_room_02_video (69)_w048,Le2i_Coffee_room_02_video (69),Coffee_room_02,2,NORMAL,TN,0.000125,0.49,0.489875,0.0,0.4631,0.0,0.4224,0.5188,0.232867,-0.000156,0.363197,0.013696,0.0,16,0.998659,0.001074
Le2i_Coffee_room_02_video (69)_w049,Le2i_Coffee_room_02_video (69),Coffee_room_02,2,NORMAL,TN,5.3e-05,0.49,0.489947,0.0,0.4651,0.0,0.4339,0.5152,0.204248,0.00093,0.313737,0.012674,219.3756,11,0.999501,0.000437
Le2i_Coffee_room_02_video (70)_w000,Le2i_Coffee_room_02_video (70),Coffee_room_02,2,NORMAL,TN,0.0,0.49,0.49,0.0,0.4159,0.0,0.3842,0.5545,0.416092,0.002202,0.427083,0.048722,188.8552,27,0.940819,0.078094
Le2i_Coffee_room_02_video (70)_w001,Le2i_Coffee_room_02_video (70),Coffee_room_02,2,NORMAL,TN,0.0,0.49,0.49,0.0,0.409,0.0,0.3727,0.5709,0.668249,0.020265,0.905321,0.067167,32.9737,33,0.901378,0.094974
Le2i_Coffee_room_02_video (70)_w002,Le2i_Coffee_room_02_video (70),Coffee_room_02,2,NORMAL,TN,0.0,0.49,0.49,0.0,0.4222,0.0,0.3812,0.563,0.668249,0.016438,0.905321,0.048969,40.6515,21,0.956354,0.085523
Le2i_Coffee_room_02_video (70)_w003,Le2i_Coffee_room_02_video (70),Coffee_room_02,2,NORMAL,TN,6e-06,0.49,0.489994,0.0,0.4369,0.0,0.4018,0.5442,0.34574,-0.002392,0.368013,0.025944,0.0,11,0.999668,0.000323
Le2i_Coffee_room_02_video (70)_w004,Le2i_Coffee_room_02_video (70),Coffee_room_02,2,NORMAL,TN,0.001853,0.49,0.488147,0.0,0.4386,0.0,0.3903,0.5339,0.34574,-0.000663,0.368013,0.030487,0.0,9,0.998676,0.001346
Le2i_Coffee_room_02_video (70)_w005,Le2i_Coffee_room_02_video (70),Coffee_room_02,2,NORMAL,TN,0.173415,0.49,0.316585,0.0,0.4102,0.0,0.3273,0.5612,0.317186,2.2e-05,0.321918,0.026464,13687.2102,8,0.997899,0.001111
Le2i_Coffee_room_02_video (70)_w006,Le2i_Coffee_room_02_video (70),Coffee_room_02,2,NORMAL,TN,0.086899,0.49,0.403101,0.0,0.379,0.0,0.283,0.6036,0.421029,0.000795,0.850927,0.046981,528.7049,15,0.996313,0.002463
Le2i_Coffee_room_02_video (70)_w007,Le2i_Coffee_room_02_video (70),Coffee_room_02,2,NORMAL,FP,0.604399,0.49,0.114399,0.604399,0.1937,0.0,0.1315,0.8121,227.555954,0.027312,229.560898,8.186791,8331.5641,34,0.892603,0.239857
Le2i_Coffee_room_02_video (70)_w008,Le2i_Coffee_room_02_video (70),Coffee_room_02,2,NORMAL,FP,0.604399,0.49,0.114399,0.604399,0.0223,0.0,0.0006,0.9945,227.555954,-1.800084,229.560898,18.819565,0.0,47,0.789188,0.248145
Le2i_Coffee_room_02_video (70)_w009,Le2i_Coffee_room_02_video (70),Coffee_room_02,2,NORMAL,FP,0.604399,0.49,0.114399,0.604399,0.0169,0.0,0.0,1.0,88.999969,0.244205,113.003731,18.541199,364.4468,49,0.636714,0.263811
Le2i_Coffee_room_02_video (70)_w010,Le2i_Coffee_room_02_video (70),Coffee_room_02,2,NORMAL,FP,0.604399,0.49,0.114399,0.604399,0.0171,0.0,0.0,1.0,88.999969,-0.009556,113.003731,18.820858,0.0,49,0.604912,0.289718
Le2i_Coffee_room_02_video (70)_w011,Le2i_Coffee_room_02_video (70),Coffee_room_02,2,NORMAL,FP,0.604399,0.49,0.114399,0.604399,0.0331,0.0,0.0024,0.9818,76.136856,0.589843,102.580925,18.452534,129.0796,48,0.703035,0.311533
Le2i_Coffee_room_02_video (70)_w012,Le2i_Coffee_room_02_video (70),Coffee_room_02,2,NORMAL,FP,0.604399,0.49,0.114399,0.604399,0.1875,0.0,0.1345,0.8133,76.136856,1.120319,77.440948,8.460717,67.9599,31,0.839678,0.290026
Le2i_Coffee_room_02_video (70)_w013,Le2i_Coffee_room_02_video (70),Coffee_room_02,2,NORMAL,TN,7.3e-05,0.49,0.489927,0.0,0.341,0.0,0.277,0.6521,0.195604,0.00101,0.324629,0.038129,193.4878,20,0.997357,0.001266
Le2i_Coffee_room_02_video (70)_w014,Le2i_Coffee_room_02_video (70),Coffee_room_02,2,NORMAL,TN,7e-05,0.49,0.48993,0.0,0.3665,0.0,0.2933,0.6164,0.195604,0.000196,0.324629,0.032931,994.1098,16,0.997814,0.001315
Le2i_Coffee_room_02_video (70)_w015,Le2i_Coffee_room_02_video (70),Coffee_room_02,2,NORMAL,TN,5.5e-05,0.49,0.489945,0.0,0.3812,0.0,0.3048,0.5945,0.097865,-0.000398,0.132835,0.028026,0.0,7,0.993689,0.007595
Le2i_Coffee_room_02_video (70)_w016,Le2i_Coffee_room_02_video (70),Coffee_room_02,2,NORMAL,TN,3e-06,0.49,0.489997,0.0,0.383,0.0,0.3127,0.603,0.124012,-0.003782,0.319816,0.043247,0.0,11,0.946223,0.050893
Le2i_Coffee_room_02_video (70)_w017,Le2i_Coffee_room_02_video (70),Coffee_room_02,2,NORMAL,TN,1e-06,0.49,0.489999,0.0,0.3862,0.0,0.3285,0.597,0.124357,-0.000144,0.319816,0.053267,0.0,14,0.900229,0.034782
Le2i_Coffee_room_02_video (70)_w018,Le2i_Coffee_room_02_video (70),Coffee_room_02,2,NORMAL,TN,3e-06,0.49,0.489997,0.0,0.4341,0.0,0.4079,0.5388,0.124357,0.002737,0.2859,0.062308,45.4237,19,0.94584,0.053634
Le2i_Coffee_room_02_video (70)_w019,Le2i_Coffee_room_02_video (70),Coffee_room_02,2,NORMAL,TN,7e-06,0.49,0.489993,0.0,0.4768,0.0,0.4685,0.4885,0.208765,-0.003391,0.2859,0.068766,0.0,22,0.991207,0.008941
Le2i_Coffee_room_02_video (70)_w020,Le2i_Coffee_room_02_video (70),Coffee_room_02,2,NORMAL,TN,1.3e-05,0.49,0.489987,0.0,0.4749,0.0,0.4661,0.5,0.211341,0.000923,0.50469,0.066233,228.6189,24,0.99321,0.00899
Le2i_Coffee_room_02_video (70)_w021,Le2i_Coffee_room_02_video (70),Coffee_room_02,2,NORMAL,TN,5.2e-05,0.49,0.489948,0.0,0.4639,0.0,0.4594,0.523,0.101705,0.004473,0.22981,0.055134,22.7343,25,0.975995,0.031446
Le2i_Coffee_room_02_video (70)_w022,Le2i_Coffee_room_02_video (70),Coffee_room_02,2,NORMAL,TN,0.00014,0.49,0.48986,0.0,0.4657,0.0,0.4618,0.5164,0.101018,1.5e-05,0.141797,0.035784,6159.4563,12,0.973874,0.029994
Le2i_Coffee_room_02_video (70)_w023,Le2i_Coffee_room_02_video (70),Coffee_room_02,2,NORMAL,TN,0.0025,0.49,0.4875,0.0,0.4731,0.0,0.4715,0.4994,0.051017,-0.000871,0.075528,0.013335,0.0,2,0.994336,0.001953
Le2i_Coffee_room_02_video (70)_w024,Le2i_Coffee_room_02_video (70),Coffee_room_02,2,NORMAL,TN,0.001428,0.49,0.488572,0.0,0.4477,0.0,0.4218,0.5218,0.087685,0.001752,0.180574,0.015836,50.0279,3,0.996475,0.002309
Le2i_Coffee_room_02_video (70)_w025,Le2i_Coffee_room_02_video (70),Coffee_room_02,2,NORMAL,TN,0.000824,0.49,0.489176,0.0,0.4041,0.0,0.3436,0.5788,0.087685,0.000721,0.180574,0.025513,121.5129,6,0.998641,0.000856
Le2i_Coffee_room_02_video (70)_w026,Le2i_Coffee_room_02_video (70),Coffee_room_02,2,NORMAL,TN,0.001988,0.49,0.488012,0.0,0.3815,0.0,0.3018,0.5952,0.067684,-0.000165,0.12363,0.026318,0.0,4,0.998239,0.001376
Le2i_Coffee_room_02_video (70)_w027,Le2i_Coffee_room_02_video (70),Coffee_room_02,2,NORMAL,TN,0.009729,0.49,0.480271,0.0,0.3938,0.0,0.32,0.5806,0.062339,0.001268,0.113839,0.019733,49.1312,1,0.997987,0.00151
Le2i_Coffee_room_02_video (70)_w028,Le2i_Coffee_room_02_video (70),Coffee_room_02,2,NORMAL,TN,0.008674,0.49,0.481326,0.0,0.4097,0.0,0.3473,0.5709,0.364924,-0.012257,0.450947,0.062861,0.0,16,0.931065,0.125759
Le2i_Coffee_room_02_video (70)_w029,Le2i_Coffee_room_02_video (70),Coffee_room_02,2,NORMAL,TN,0.002337,0.49,0.487663,0.0,0.4292,0.0,0.3788,0.5394,0.431951,-0.021143,1.104123,0.129365,0.0,30,0.881884,0.14196
Le2i_Coffee_room_02_video (70)_w030,Le2i_Coffee_room_02_video (70),Coffee_room_02,2,NORMAL,TN,0.02031,0.49,0.46969,0.0,0.4654,0.0,0.4497,0.5018,0.431951,-0.007271,1.104123,0.082782,0.0,17,0.949505,0.104833
Le2i_Coffee_room_02_video (70)_w031,Le2i_Coffee_room_02_video (70),Coffee_room_02,2,NORMAL,TN,0.009564,0.49,0.480436,0.0,0.4835,0.0,0.4848,0.4848,0.074029,-0.000617,0.111085,0.01344,0.0,1,0.999141,0.00031
Le2i_Home_01_video (1)_w000,Le2i_Home_01_video (1),Home_01,3,NORMAL,TN,1e-06,0.73,0.729999,0.0,0.4372,0.0,0.3564,0.5358,0.25143,0.002378,0.303427,0.07251,105.6775,34,0.993402,0.001649
Le2i_Home_01_video (1)_w001,Le2i_Home_01_video (1),Home_01,3,NORMAL,TN,0.0,0.73,0.73,0.0,0.4188,0.0,0.34,0.5509,0.9244,-0.01447,1.649612,0.188133,0.0,40,0.978868,0.032166
Le2i_Home_01_video (1)_w002,Le2i_Home_01_video (1),Home_01,3,NORMAL,TN,0.0,0.73,0.73,0.0,0.3953,0.0,0.317,0.5752,0.9244,0.013661,1.649612,0.255205,67.6631,48,0.959841,0.038934
Le2i_Home_01_video (1)_w003,Le2i_Home_01_video (1),Home_01,3,NORMAL,TN,0.0,0.73,0.73,0.0,0.409,0.0,0.3485,0.5624,0.44734,0.026699,0.873464,0.127312,16.7545,33,0.977905,0.034282
Le2i_Home_01_video (1)_w004,Le2i_Home_01_video (1),Home_01,3,NORMAL,TN,1.2e-05,0.73,0.729988,0.0,0.4272,0.0,0.3867,0.5448,0.227344,-0.025822,0.539277,0.077319,0.0,22,0.99835,0.003823
Le2i_Home_01_video (1)_w005,Le2i_Home_01_video (1),Home_01,3,FALL,TP,0.965743,0.73,0.235743,0.0,0.4281,0.0,0.3836,0.5461,0.966572,-0.023276,1.161062,0.163919,0.0,37,0.640933,0.39996
Le2i_Home_01_video (1)_w006,Le2i_Home_01_video (1),Home_01,3,FALL,TP,0.769602,0.73,0.039602,0.0,0.436,0.0,0.3903,0.543,0.966572,0.004124,1.161062,0.166738,234.3215,43,0.246845,0.185579
Le2i_Home_01_video (1)_w007,Le2i_Home_01_video (1),Home_01,3,FALL,TP,0.757039,0.73,0.027039,0.0,0.4398,0.0,0.3952,0.5436,0.703778,0.002372,0.788996,0.09953,296.6222,34,0.21227,0.022327
Le2i_Home_01_video (1)_w008,Le2i_Home_01_video (1),Home_01,3,FALL,TP,0.756667,0.73,0.026667,0.0,0.4399,0.0,0.3933,0.5455,0.412325,-0.000313,0.61478,0.086701,0.0,29,0.217291,0.022916
Le2i_Home_01_video (10)_w000,Le2i_Home_01_video (10),Home_01,3,NORMAL,TN,0.000233,0.73,0.729767,0.0,0.0088,0.0,0.0085,0.9903,1.543659,-0.025412,5.314231,0.061906,0.0,1,0.019925,0.139473
Le2i_Home_01_video (10)_w001,Le2i_Home_01_video (10),Home_01,3,NORMAL,TN,1e-06,0.73,0.729999,0.0,0.1727,0.0,0.1436,0.8055,2.233897,-0.022463,5.32455,0.449863,0.0,20,0.398704,0.488314
Le2i_Home_01_video (10)_w002,Le2i_Home_01_video (10),Home_01,3,NORMAL,TN,0.0,0.73,0.73,0.0,0.3957,0.0,0.3564,0.5618,2.055396,-0.027055,5.32455,0.360926,0.0,36,0.878544,0.32443
Le2i_Home_01_video (10)_w003,Le2i_Home_01_video (10),Home_01,3,NORMAL,TN,0.0,0.73,0.73,0.0,0.4728,0.0,0.4564,0.4891,0.851586,-0.018292,0.857575,0.064523,0.0,30,0.999601,0.00047
Le2i_Home_01_video (10)_w004,Le2i_Home_01_video (10),Home_01,3,FALL,TP,0.99996,0.73,0.26996,0.0,0.3581,0.0,0.3394,0.6152,77.562737,-0.154438,107.574837,2.824226,0.0,28,0.693369,0.42532
Le2i_Home_01_video (10)_w005,Le2i_Home_01_video (10),Home_01,3,FALL,TP,0.997692,0.73,0.267692,0.0,0.2002,0.0,0.18,0.7818,77.562737,0.044161,107.574837,3.896074,1756.3109,29,0.362437,0.406687
Le2i_Home_01_video (10)_w006,Le2i_Home_01_video (10),Home_01,3,FALL,TP,0.999915,0.73,0.269915,0.0,0.1606,0.0,0.1224,0.823,37.750126,-0.012011,59.250645,3.778053,0.0,26,0.339829,0.395141
Le2i_Home_01_video (10)_w007,Le2i_Home_01_video (10),Home_01,3,FALL,TP,1.0,0.73,0.27,0.0,0.2964,0.0,0.2485,0.6818,260.371765,-0.101747,351.191406,18.978914,0.0,37,0.497763,0.389177
Le2i_Home_01_video (10)_w008,Le2i_Home_01_video (10),Home_01,3,FALL,TP,1.0,0.73,0.27,0.0,0.4547,0.0,0.4236,0.52,260.371765,0.184226,351.191406,16.336067,1413.3218,48,0.824318,0.279093
Le2i_Home_01_video (10)_w009,Le2i_Home_01_video (10),Home_01,3,FALL,FN,1e-06,0.73,0.729999,0.999999,0.4686,0.0,0.4473,0.5115,1.259238,0.062358,1.718731,0.142877,20.1932,39,0.991986,0.012083
Le2i_Home_01_video (10)_w010,Le2i_Home_01_video (10),Home_01,3,FALL,FN,1e-06,0.73,0.729999,0.999999,0.3904,0.0,0.3467,0.5994,0.483543,0.009449,0.562331,0.051161,51.169,20,0.993903,0.010815
Le2i_Home_01_video (11)_w000,Le2i_Home_01_video (11),Home_01,3,NORMAL,TN,0.628011,0.73,0.101989,0.0,0.0,0.0,0.0,1.0,0.0,0.0,0.0,0.0,0.0,0,0.0,0.0
Le2i_Home_01_video (11)_w001,Le2i_Home_01_video (11),Home_01,3,NORMAL,TN,0.000145,0.73,0.729855,0.0,0.1297,0.0,0.1158,0.8558,1.837564,-0.026578,4.48773,0.178171,0.0,12,0.299871,0.45806
Le2i_Home_01_video (11)_w002,Le2i_Home_01_video (11),Home_01,3,NORMAL,TN,1e-06,0.73,0.729999,0.0,0.3574,0.0,0.3376,0.6145,1.837564,-0.033749,4.48773,0.217241,0.0,32,0.799555,0.399778
Le2i_Home_01_video (11)_w003,Le2i_Home_01_video (11),Home_01,3,NORMAL,TN,0.0,0.73,0.73,0.0,0.4687,0.0,0.4503,0.5012,0.3349,-0.014942,0.420878,0.069092,0.0,30,0.999639,0.000386
Le2i_Home_01_video (11)_w004,Le2i_Home_01_video (11),Home_01,3,FALL,TP,0.99999,0.73,0.26999,0.0,0.3425,0.0,0.3164,0.6327,88.071579,-0.060838,111.368568,3.221983,0.0,25,0.732554,0.43693
Le2i_Home_01_video (11)_w005,Le2i_Home_01_video (11),Home_01,3,FALL,TP,0.99997,0.73,0.26997,0.0,0.1015,0.0,0.0879,0.8903,88.071579,0.042824,111.368568,3.316448,2056.5695,14,0.2326,0.416572
Le2i_Home_01_video (11)_w006,Le2i_Home_01_video (11),Home_01,3,FALL,TP,0.999636,0.73,0.269636,0.0,0.02,0.0,0.003,0.9848,52.959049,-0.0,62.236073,1.907587,0.0,9,0.127449,0.319286
Le2i_Home_01_video (11)_w007,Le2i_Home_01_video (11),Home_01,3,FALL,TP,0.999612,0.73,0.269612,0.0,0.02,0.0,0.003,0.9848,52.959049,-0.0,62.236073,1.907587,0.0,9,0.127449,0.319286
Le2i_Home_01_video (11)_w008,Le2i_Home_01_video (11),Home_01,3,FALL,FN,0.070436,0.73,0.659564,0.929564,0.2302,0.0,0.223,0.7564,9.864078,-0.028918,27.321953,0.548888,0.0,20,0.478765,0.49834
Le2i_Home_01_video (11)_w009,Le2i_Home_01_video (11),Home_01,3,FALL,FN,0.004451,0.73,0.725549,0.995549,0.4666,0.0,0.4533,0.5121,9.864078,-0.027207,27.321953,0.565882,0.0,30,0.978719,0.139912
Le2i_Home_01_video (11)_w010,Le2i_Home_01_video (11),Home_01,3,FALL,FN,2e-06,0.73,0.729998,0.999998,0.3888,0.0,0.3552,0.6036,0.258781,0.002037,0.38981,0.040959,126.9715,20,0.99982,0.000256
Le2i_Home_01_video (12)_w000,Le2i_Home_01_video (12),Home_01,3,NORMAL,TN,0.178215,0.73,0.551785,0.0,0.0278,0.0,0.0121,0.9703,4.781564,0.0,5.037177,0.58168,4779491.9049,12,0.13986,0.34664
Le2i_Home_01_video (12)_w001,Le2i_Home_01_video (12),Home_01,3,NORMAL,TN,0.014702,0.73,0.715298,0.0,0.1746,0.0,0.1442,0.8158,4.781564,-0.017171,4.912738,0.404576,0.0,18,0.45981,0.498192
Le2i_Home_01_video (12)_w002,Le2i_Home_01_video (12),Home_01,3,NORMAL,TN,0.0,0.73,0.73,0.0,0.395,0.0,0.357,0.577,1.522279,-0.011361,4.339442,0.157218,0.0,18,0.899353,0.299785
Le2i_Home_01_video (12)_w003,Le2i_Home_01_video (12),Home_01,3,NORMAL,TN,0.0,0.73,0.73,0.0,0.4707,0.0,0.4533,0.4964,0.227872,-0.012313,0.278176,0.050354,0.0,20,0.998477,0.001321
Le2i_Home_01_video (12)_w004,Le2i_Home_01_video (12),Home_01,3,NORMAL,TN,0.0,0.73,0.73,0.0,0.4779,0.0,0.4752,0.4909,0.20544,-0.010889,0.354517,0.052436,0.0,30,0.998174,0.001352
Le2i_Home_01_video (12)_w005,Le2i_Home_01_video (12),Home_01,3,FALL,TP,0.998616,0.73,0.268616,0.0,0.4553,0.0,0.4309,0.5091,3.513152,-0.031903,4.684763,0.3956,0.0,41,0.854382,0.242797
Le2i_Home_01_video (12)_w006,Le2i_Home_01_video (12),Home_01,3,FALL,TP,0.898755,0.73,0.168755,0.0,0.4221,0.0,0.363,0.5388,3.513152,-0.025203,4.684763,0.48631,0.0,44,0.672925,0.200655
Le2i_Home_01_video (13)_w000,Le2i_Home_01_video (13),Home_01,3,NORMAL,TN,5e-06,0.73,0.729995,0.0,0.1002,0.0,0.0794,0.8909,1.721327,-0.019273,4.049937,0.337139,0.0,14,0.259797,0.438292
Le2i_Home_01_video (13)_w001,Le2i_Home_01_video (13),Home_01,3,NORMAL,TN,0.0,0.73,0.73,0.0,0.3326,0.0,0.303,0.6394,1.721327,-0.023598,4.049937,0.371394,0.0,28,0.759718,0.426925
Le2i_Home_01_video (13)_w002,Le2i_Home_01_video (13),Home_01,3,NORMAL,TN,0.0,0.73,0.73,0.0,0.4673,0.0,0.4533,0.5012,0.161325,-0.009104,0.392952,0.066239,0.0,24,0.999788,0.000255
Le2i_Home_01_video (13)_w003,Le2i_Home_01_video (13),Home_01,3,NORMAL,TN,0.0,0.73,0.73,0.0,0.4774,0.0,0.4709,0.4952,0.172719,-0.007036,0.364623,0.047853,0.0,15,0.999822,0.000252
Le2i_Home_01_video (13)_w004,Le2i_Home_01_video (13),Home_01,3,NORMAL,TN,1e-06,0.73,0.729999,0.0,0.4853,0.0,0.4818,0.4855,0.296165,-0.018625,0.918398,0.053049,0.0,19,0.999184,0.003614
Le2i_Home_01_video (13)_w005,Le2i_Home_01_video (13),Home_01,3,FALL,TP,0.999982,0.73,0.269982,0.0,0.3619,0.0,0.3067,0.6103,30.44523,-0.141149,40.136585,2.473637,0.0,38,0.841171,0.283839
Le2i_Home_01_video (13)_w006,Le2i_Home_01_video (13),Home_01,3,FALL,TP,0.986419,0.73,0.256419,0.0,0.1842,0.0,0.0933,0.8067,30.44523,-0.085394,40.136585,3.209618,0.0,45,0.793332,0.261193
Le2i_Home_01_video (13)_w007,Le2i_Home_01_video (13),Home_01,3,FALL,TP,0.90379,0.73,0.17379,0.0,0.1264,0.0,0.0442,0.8788,11.140942,0.00253,16.377975,1.516629,4401.8504,46,0.900688,0.025841
Le2i_Home_01_video (14)_w000,Le2i_Home_01_video (14),Home_01,3,NORMAL,TN,0.628011,0.73,0.101989,0.0,0.0,0.0,0.0,1.0,0.0,0.0,0.0,0.0,0.0,0,0.0,0.0
Le2i_Home_01_video (14)_w001,Le2i_Home_01_video (14),Home_01,3,NORMAL,TN,0.628011,0.73,0.101989,0.0,0.0,0.0,0.0,1.0,0.0,0.0,0.0,0.0,0.0,0,0.0,0.0
Le2i_Home_01_video (14)_w002,Le2i_Home_01_video (14),Home_01,3,NORMAL,TN,0.628011,0.73,0.101989,0.0,0.0,0.0,0.0,1.0,0.0,0.0,0.0,0.0,0.0,0,0.0,0.0
Le2i_Home_01_video (14)_w003,Le2i_Home_01_video (14),Home_01,3,NORMAL,TN,2e-06,0.73,0.729998,0.0,0.0987,0.0,0.0958,0.8933,1.426446,-0.024233,4.232687,0.070547,0.0,9,0.219958,0.414166
Le2i_Home_01_video (14)_w004,Le2i_Home_01_video (14),Home_01,3,NORMAL,TN,0.0,0.73,0.73,0.0,0.3275,0.0,0.3145,0.6461,1.426446,-0.030426,4.232687,0.102052,0.0,19,0.719856,0.448909
Le2i_Home_01_video (14)_w005,Le2i_Home_01_video (14),Home_01,3,NORMAL,TN,0.0,0.73,0.73,0.0,0.4707,0.0,0.4491,0.4952,0.165064,-0.014504,0.472766,0.063875,0.0,23,0.999776,0.000241
Le2i_Home_01_video (14)_w006,Le2i_Home_01_video (14),Home_01,3,FALL,TP,0.999563,0.73,0.269563,0.0,0.3751,0.0,0.3497,0.6,13.047371,0.030948,28.603348,1.051243,421.5786,31,0.815157,0.382521
Le2i_Home_01_video (14)_w007,Le2i_Home_01_video (14),Home_01,3,FALL,TP,0.99927,0.73,0.26927,0.0,0.1845,0.0,0.1224,0.8127,16.777718,0.038486,28.603348,1.833216,435.9347,28,0.519712,0.480917
Le2i_Home_01_video (14)_w008,Le2i_Home_01_video (14),Home_01,3,FALL,TP,0.999582,0.73,0.269582,0.0,0.0513,0.0,0.003,0.9552,16.777718,0.0,19.213785,0.817026,16623983.1335,12,0.204433,0.38541
Le2i_Home_01_video (14)_w009,Le2i_Home_01_video (14),Home_01,3,FALL,TP,0.984061,0.73,0.254061,0.0,0.0141,0.0,0.0006,0.9842,18.678667,-0.0,21.412533,1.057425,0.0,6,0.056127,0.222176
Le2i_Home_01_video (15)_w000,Le2i_Home_01_video (15),Home_01,3,NORMAL,TN,0.628011,0.73,0.101989,0.0,0.0,0.0,0.0,1.0,0.0,0.0,0.0,0.0,0.0,0,0.0,0.0
Le2i_Home_01_video (15)_w001,Le2i_Home_01_video (15),Home_01,3,NORMAL,TN,0.628011,0.73,0.101989,0.0,0.0,0.0,0.0,1.0,0.0,0.0,0.0,0.0,0.0,0,0.0,0.0
Le2i_Home_01_video (15)_w002,Le2i_Home_01_video (15),Home_01,3,NORMAL,TN,1e-06,0.73,0.729999,0.0,0.1624,0.0,0.1576,0.8255,1.302718,-0.02761,3.898071,0.073389,0.0,13,0.359909,0.479879
Le2i_Home_01_video (15)_w003,Le2i_Home_01_video (15),Home_01,3,NORMAL,TN,0.0,0.73,0.73,0.0,0.3982,0.0,0.3945,0.5709,1.302718,-0.033957,3.898071,0.117443,0.0,29,0.859851,0.346927
Le2i_Home_01_video (15)_w004,Le2i_Home_01_video (15),Home_01,3,NORMAL,TN,0.0,0.73,0.73,0.0,0.4784,0.0,0.4715,0.4879,0.293314,-0.012002,0.374712,0.075457,0.0,25,0.999789,0.000236
Le2i_Home_01_video (15)_w005,Le2i_Home_01_video (15),Home_01,3,NORMAL,FP,0.993291,0.73,0.263291,0.993291,0.4588,0.0,0.4406,0.5115,20.030689,0.033059,39.539013,1.247,605.8914,30,0.959182,0.195809
Le2i_Home_01_video (15)_w006,Le2i_Home_01_video (15),Home_01,3,FALL,TP,0.990326,0.73,0.260326,0.0,0.2275,0.0,0.2085,0.7564,24.838776,0.040483,39.539013,1.899095,613.5414,26,0.504631,0.484165
Le2i_Home_01_video (15)_w007,Le2i_Home_01_video (15),Home_01,3,NORMAL,FP,0.943363,0.73,0.213363,0.943363,0.0164,0.0,0.0055,0.9818,24.838776,0.121454,28.663792,0.666449,204.5101,5,0.064591,0.211741
Le2i_Home_01_video (16)_w000,Le2i_Home_01_video (16),Home_01,3,NORMAL,TN,0.419421,0.73,0.310579,0.0,0.3952,0.0,0.297,0.5455,0.227656,0.000571,0.276051,0.074695,398.2964,35,0.99456,0.00136
Le2i_Home_01_video (16)_w001,Le2i_Home_01_video (16),Home_01,3,NORMAL,TN,0.394176,0.73,0.335824,0.0,0.3903,0.0,0.2927,0.5503,0.257215,-0.003284,0.326767,0.078104,0.0,34,0.993211,0.002867
Le2i_Home_01_video (16)_w002,Le2i_Home_01_video (16),Home_01,3,NORMAL,FP,0.761421,0.73,0.031421,0.761421,0.3933,0.0,0.2994,0.5485,0.336275,-0.010325,0.819431,0.089334,0.0,34,0.978826,0.021614
Le2i_Home_01_video (16)_w003,Le2i_Home_01_video (16),Home_01,3,NORMAL,TN,0.699117,0.73,0.030883,0.0,0.407,0.0,0.3388,0.5455,0.662892,-0.005261,1.046292,0.115234,0.0,39,0.87363,0.105155
Le2i_Home_01_video (16)_w004,Le2i_Home_01_video (16),Home_01,3,NORMAL,TN,0.644846,0.73,0.085154,0.0,0.416,0.0,0.3588,0.5455,0.363386,0.003299,1.046292,0.09537,110.1101,40,0.728469,0.074175
Le2i_Home_01_video (16)_w005,Le2i_Home_01_video (16),Home_01,3,NORMAL,TN,0.635494,0.73,0.094506,0.0,0.4118,0.0,0.3424,0.5455,0.478266,0.002309,0.633567,0.099841,207.0725,42,0.623136,0.069461
Le2i_Home_01_video (16)_w006,Le2i_Home_01_video (16),Home_01,3,FALL,TP,0.856638,0.73,0.126638,0.0,0.3661,0.0,0.2921,0.5976,13.764584,-0.078415,17.472343,1.158321,0.0,43,0.522347,0.216154
Le2i_Home_01_video (16)_w007,Le2i_Home_01_video (16),Home_01,3,FALL,TP,0.839365,0.73,0.109365,0.0,0.3153,0.0,0.2455,0.6691,13.764584,-0.047151,17.472343,2.090393,0.0,45,0.547684,0.247196
Le2i_Home_01_video (16)_w008,Le2i_Home_01_video (16),Home_01,3,FALL,FN,0.102913,0.73,0.627087,0.897087,0.2975,0.0,0.2236,0.7012,9.807456,-0.010871,13.674032,1.991326,0.0,49,0.532726,0.180093
Le2i_Home_01_video (17)_w000,Le2i_Home_01_video (17),Home_01,3,NORMAL,TN,0.66956,0.73,0.06044,0.0,0.3953,0.0,0.3018,0.5552,0.351846,0.001945,0.488179,0.118536,180.8498,43,0.902162,0.008599
Le2i_Home_01_video (17)_w001,Le2i_Home_01_video (17),Home_01,3,NORMAL,TN,0.676027,0.73,0.053973,0.0,0.3902,0.0,0.2945,0.5667,0.351846,0.001666,0.488179,0.105463,211.0815,39,0.903558,0.009374
Le2i_Home_01_video (17)_w002,Le2i_Home_01_video (17),Home_01,3,NORMAL,TN,0.677291,0.73,0.052709,0.0,0.3773,0.0,0.2745,0.5842,0.538785,0.00414,0.539609,0.075369,130.1081,37,0.89812,0.024741
Le2i_Home_01_video (17)_w003,Le2i_Home_01_video (17),Home_01,3,NORMAL,TN,0.685732,0.73,0.044268,0.0,0.3817,0.0,0.2891,0.5715,0.538785,0.010292,0.539609,0.076566,52.3424,40,0.799766,0.098519
Le2i_Home_01_video (17)_w004,Le2i_Home_01_video (17),Home_01,3,NORMAL,TN,0.677116,0.73,0.052884,0.0,0.3902,0.0,0.3127,0.5491,0.476491,0.004344,0.662806,0.083449,109.6586,42,0.669349,0.052463
Le2i_Home_01_video (17)_w005,Le2i_Home_01_video (17),Home_01,3,FALL,TP,0.85836,0.73,0.12836,0.0,0.3575,0.0,0.2745,0.6012,11.912844,-0.057877,16.078945,1.05321,0.0,45,0.679277,0.190277
Le2i_Home_01_video (17)_w006,Le2i_Home_01_video (17),Home_01,3,FALL,TP,0.853672,0.73,0.123672,0.0,0.3479,0.0,0.2661,0.637,11.912844,-0.04072,16.078945,1.558761,0.0,47,0.843252,0.217284
Le2i_Home_01_video (17)_w007,Le2i_Home_01_video (17),Home_01,3,FALL,FN,0.000135,0.73,0.729865,0.999865,0.3706,0.0,0.3042,0.6206,3.89918,0.014693,6.837953,1.106473,265.3545,49,0.957331,0.029159
Le2i_Home_01_video (18)_w000,Le2i_Home_01_video (18),Home_01,3,NORMAL,TN,6e-06,0.73,0.729994,0.0,0.4188,0.0,0.3697,0.5455,0.176119,0.000832,0.310348,0.043559,211.5349,10,0.998209,0.000566
Le2i_Home_01_video (18)_w001,Le2i_Home_01_video (18),Home_01,3,NORMAL,TN,9e-06,0.73,0.729991,0.0,0.4106,0.0,0.3648,0.5564,0.128021,-0.013167,0.706048,0.06273,0.0,12,0.998014,0.000488
Le2i_Home_01_video (18)_w002,Le2i_Home_01_video (18),Home_01,3,NORMAL,TN,0.000488,0.73,0.729512,0.0,0.3824,0.0,0.3164,0.5879,8.221052,-0.066217,12.661489,0.82581,0.0,30,0.954718,0.141479
Le2i_Home_01_video (18)_w003,Le2i_Home_01_video (18),Home_01,3,NORMAL,TN,0.076162,0.73,0.653838,0.0,0.3364,0.0,0.2624,0.6364,28.19982,0.011967,61.105244,2.477078,2356.289,44,0.848846,0.296987
Le2i_Home_01_video (18)_w004,Le2i_Home_01_video (18),Home_01,3,FALL,TP,0.949117,0.73,0.219117,0.0,0.3022,0.0,0.2267,0.6618,28.19982,0.38823,50.311153,1.699634,72.6367,43,0.620571,0.382524
Le2i_Home_01_video (18)_w005,Le2i_Home_01_video (18),Home_01,3,FALL,TP,0.981901,0.73,0.251901,0.0,0.327,0.0,0.2309,0.6121,19.884325,-0.025136,23.574064,1.579425,0.0,42,0.438628,0.276233
Le2i_Home_01_video (18)_w006,Le2i_Home_01_video (18),Home_01,3,FALL,TP,0.879477,0.73,0.149477,0.0,0.3778,0.0,0.2612,0.5436,19.884325,-0.076819,23.574064,1.169102,0.0,43,0.514368,0.180957
Le2i_Home_01_video (19)_w000,Le2i_Home_01_video (19),Home_01,3,NORMAL,TN,1.5e-05,0.73,0.729985,0.0,0.4003,0.0,0.3188,0.5721,0.322932,0.007088,0.529666,0.103604,45.5523,33,0.987911,0.004143
Le2i_Home_01_video (19)_w001,Le2i_Home_01_video (19),Home_01,3,NORMAL,TN,0.0,0.73,0.73,0.0,0.3963,0.0,0.3248,0.5764,3.305006,-0.133508,13.225442,0.5304,0.0,37,0.975426,0.024951
Le2i_Home_01_video (19)_w002,Le2i_Home_01_video (19),Home_01,3,NORMAL,FP,0.942264,0.73,0.212264,0.942264,0.3318,0.0,0.2576,0.637,39.284828,-0.067832,64.024979,5.71255,0.0,45,0.680566,0.390268
Le2i_Home_01_video (19)_w003,Le2i_Home_01_video (19),Home_01,3,NORMAL,FP,0.953103,0.73,0.223103,0.953103,0.3281,0.0,0.2352,0.6321,39.284828,0.171911,64.024979,6.318984,228.5174,44,0.36118,0.344654
Le2i_Home_01_video (19)_w004,Le2i_Home_01_video (19),Home_01,3,FALL,TP,0.872767,0.73,0.142767,0.0,0.2448,0.0,0.1648,0.7248,12.785802,0.134184,23.886385,2.287286,95.2851,33,0.240081,0.29563
Le2i_Home_01_video (19)_w005,Le2i_Home_01_video (19),Home_01,3,FALL,TP,0.886698,0.73,0.156698,0.0,0.1753,0.0,0.1024,0.7964,12.785802,0.08211,19.931316,1.72106,155.7145,30,0.27494,0.310357
Le2i_Home_01_video (2)_w000,Le2i_Home_01_video (2),Home_01,3,NORMAL,TN,0.0,0.73,0.73,0.0,0.394,0.0,0.3382,0.5733,10.485104,-0.058554,21.633259,0.725006,0.0,39,0.949448,0.161949
Le2i_Home_01_video (2)_w001,Le2i_Home_01_video (2),Home_01,3,NORMAL,TN,0.0,0.73,0.73,0.0,0.3845,0.0,0.3036,0.5739,10.485104,-0.000527,21.633259,1.380315,0.0,43,0.822846,0.2403
Le2i_Home_01_video (2)_w002,Le2i_Home_01_video (2),Home_01,3,NORMAL,TN,0.0,0.73,0.73,0.0,0.3954,0.0,0.3055,0.563,7.615782,0.064289,15.694577,0.803156,118.4602,44,0.870745,0.208936
Le2i_Home_01_video (2)_w003,Le2i_Home_01_video (2),Home_01,3,NORMAL,TN,1.1e-05,0.73,0.729989,0.0,0.4118,0.0,0.34,0.5521,0.757912,0.004535,1.721682,0.169889,167.1017,44,0.92244,0.169071
Le2i_Home_01_video (2)_w004,Le2i_Home_01_video (2),Home_01,3,FALL,TP,0.927818,0.73,0.197818,0.0,0.3532,0.0,0.2679,0.6048,12.773046,-0.008641,14.741423,0.653317,0.0,41,0.57966,0.340326
Le2i_Home_01_video (2)_w005,Le2i_Home_01_video (2),Home_01,3,FALL,TP,0.754926,0.73,0.024926,0.0,0.3514,0.0,0.2442,0.5788,12.773046,0.000386,14.741423,0.649124,33026.3027,39,0.39325,0.16678
Le2i_Home_01_video (2)_w006,Le2i_Home_01_video (2),Home_01,3,FALL,TP,0.764021,0.73,0.034021,0.0,0.4111,0.0,0.3073,0.5018,0.717061,0.000165,0.753503,0.153985,4321.2264,40,0.478363,0.032349
Le2i_Home_01_video (2)_w007,Le2i_Home_01_video (2),Home_01,3,FALL,TP,0.764946,0.73,0.034946,0.0,0.4047,0.0,0.3055,0.5176,0.547184,-0.002979,0.680037,0.154411,0.0,40,0.492169,0.034505
Le2i_Home_01_video (20)_w000,Le2i_Home_01_video (20),Home_01,3,NORMAL,TN,3e-05,0.73,0.72997,0.0,0.4137,0.0,0.3442,0.5515,0.42615,0.010188,0.735965,0.100133,41.823,33,0.979942,0.004254
Le2i_Home_01_video (20)_w001,Le2i_Home_01_video (20),Home_01,3,NORMAL,TN,1e-05,0.73,0.72999,0.0,0.3912,0.0,0.3236,0.5861,0.873029,-0.018446,1.583556,0.15816,0.0,34,0.979005,0.005332
Le2i_Home_01_video (20)_w002,Le2i_Home_01_video (20),Home_01,3,NORMAL,TN,0.0,0.73,0.73,0.0,0.3541,0.0,0.2691,0.6273,7.149255,-0.039718,12.592324,0.919142,0.0,42,0.942218,0.067048
Le2i_Home_01_video (20)_w003,Le2i_Home_01_video (20),Home_01,3,NORMAL,TN,0.0,0.73,0.73,0.0,0.3614,0.0,0.2733,0.603,7.149255,-0.06126,12.592324,1.766757,0.0,49,0.868976,0.118147
Le2i_Home_01_video (20)_w004,Le2i_Home_01_video (20),Home_01,3,NORMAL,TN,0.0,0.73,0.73,0.0,0.399,0.0,0.3285,0.5618,10.452539,0.028659,25.694424,2.024337,364.7117,49,0.520516,0.353919
Le2i_Home_01_video (20)_w005,Le2i_Home_01_video (20),Home_01,3,FALL,TP,0.831805,0.73,0.101805,0.0,0.3176,0.0,0.2055,0.6352,10.452539,0.058573,25.694424,1.926239,178.4516,44,0.272123,0.233243
Le2i_Home_01_video (20)_w006,Le2i_Home_01_video (20),Home_01,3,NORMAL,FP,0.820635,0.73,0.090635,0.820635,0.3053,0.0,0.1345,0.6085,8.54468,-0.056016,10.286156,0.914798,0.0,41,0.41749,0.198364
Le2i_Home_01_video (21)_w000,Le2i_Home_01_video (21),Home_01,3,NORMAL,TN,3e-05,0.73,0.72997,0.0,0.4137,0.0,0.3442,0.5515,0.42615,0.010188,0.735965,0.100133,41.823,33,0.979942,0.004254
Le2i_Home_01_video (21)_w001,Le2i_Home_01_video (21),Home_01,3,NORMAL,TN,1e-05,0.73,0.72999,0.0,0.3912,0.0,0.3236,0.5861,0.873029,-0.018446,1.583556,0.15816,0.0,34,0.979005,0.005332
Le2i_Home_01_video (21)_w002,Le2i_Home_01_video (21),Home_01,3,NORMAL,TN,0.0,0.73,0.73,0.0,0.3541,0.0,0.2691,0.6273,7.149255,-0.039718,12.592324,0.919142,0.0,42,0.942218,0.067048
Le2i_Home_01_video (21)_w003,Le2i_Home_01_video (21),Home_01,3,NORMAL,TN,0.0,0.73,0.73,0.0,0.3614,0.0,0.2733,0.603,7.149255,-0.06126,12.592324,1.766757,0.0,49,0.868976,0.118147
Le2i_Home_01_video (21)_w004,Le2i_Home_01_video (21),Home_01,3,NORMAL,TN,0.0,0.73,0.73,0.0,0.399,0.0,0.3285,0.5618,10.452539,0.028659,25.694424,2.024337,364.7117,49,0.520516,0.353919
Le2i_Home_01_video (21)_w005,Le2i_Home_01_video (21),Home_01,3,NORMAL,FP,0.831805,0.73,0.101805,0.831805,0.3176,0.0,0.2055,0.6352,10.452539,0.058573,25.694424,1.926239,178.4516,44,0.272123,0.233243
Le2i_Home_01_video (21)_w006,Le2i_Home_01_video (21),Home_01,3,NORMAL,FP,0.820635,0.73,0.090635,0.820635,0.3053,0.0,0.1345,0.6085,8.54468,-0.056016,10.286156,0.914798,0.0,41,0.41749,0.198364
Le2i_Home_01_video (22)_w000,Le2i_Home_01_video (22),Home_01,3,NORMAL,TN,2.7e-05,0.73,0.729973,0.0,0.3813,0.0,0.317,0.5933,0.471733,0.01197,0.785113,0.144886,39.4054,39,0.984006,0.003718
Le2i_Home_01_video (22)_w001,Le2i_Home_01_video (22),Home_01,3,NORMAL,TN,1.1e-05,0.73,0.729989,0.0,0.408,0.0,0.3521,0.5697,0.487158,0.012364,0.785113,0.118534,39.3972,37,0.982251,0.004005
Le2i_Home_01_video (22)_w002,Le2i_Home_01_video (22),Home_01,3,NORMAL,TN,0.0,0.73,0.73,0.0,0.3701,0.0,0.3042,0.6073,8.819821,-0.05237,38.103374,1.475826,0.0,40,0.927083,0.172507
Le2i_Home_01_video (22)_w003,Le2i_Home_01_video (22),Home_01,3,NORMAL,TN,0.0,0.73,0.73,0.0,0.3412,0.0,0.2655,0.6285,9.88769,-0.039391,38.103374,2.388508,0.0,48,0.792436,0.236995
Le2i_Home_01_video (22)_w004,Le2i_Home_01_video (22),Home_01,3,NORMAL,TN,0.544459,0.73,0.185541,0.0,0.3303,0.0,0.2491,0.6321,13.763229,0.025424,21.945328,2.363737,541.3325,46,0.629238,0.331856
Le2i_Home_01_video (22)_w005,Le2i_Home_01_video (22),Home_01,3,FALL,TP,0.893015,0.73,0.163015,0.0,0.2016,0.0,0.1279,0.7752,13.763229,0.071479,21.945328,2.025467,192.5454,32,0.360648,0.394714
Le2i_Home_01_video (22)_w006,Le2i_Home_01_video (22),Home_01,3,FALL,TP,0.954001,0.73,0.224001,0.0,0.0593,0.0,0.0248,0.9339,7.979847,0.0,13.660163,0.647766,7970633.1505,12,0.101097,0.235828
Le2i_Home_01_video (22)_w007,Le2i_Home_01_video (22),Home_01,3,FALL,TP,0.925756,0.73,0.195756,0.0,0.008,0.0,0.0055,0.9909,6.017555,0.0,6.797832,0.149636,6010606.6857,2,0.01318,0.092263
Le2i_Home_01_video (23)_w000,Le2i_Home_01_video (23),Home_01,3,NORMAL,TN,1.1e-05,0.73,0.729989,0.0,0.4006,0.0,0.3321,0.5661,0.360066,1.9e-05,0.572342,0.098374,18033.799,27,0.974884,0.003892
Le2i_Home_01_video (23)_w001,Le2i_Home_01_video (23),Home_01,3,NORMAL,TN,1.9e-05,0.73,0.729981,0.0,0.3937,0.0,0.3224,0.5758,0.438277,0.002893,0.791511,0.125786,151.4637,33,0.97458,0.005211
Le2i_Home_01_video (23)_w002,Le2i_Home_01_video (23),Home_01,3,NORMAL,TN,1e-06,0.73,0.729999,0.0,0.3984,0.0,0.3412,0.577,2.14938,-0.06019,6.788306,0.274025,0.0,39,0.978782,0.025953
Le2i_Home_01_video (23)_w003,Le2i_Home_01_video (23),Home_01,3,NORMAL,TN,0.0,0.73,0.73,0.0,0.3794,0.0,0.297,0.5879,16.116488,-0.084976,40.214226,2.947333,0.0,46,0.785904,0.293218
Le2i_Home_01_video (23)_w004,Le2i_Home_01_video (23),Home_01,3,NORMAL,TN,0.0,0.73,0.73,0.0,0.3611,0.0,0.24,0.5909,16.116488,0.105588,40.214226,3.433387,152.6343,49,0.585537,0.256779
Le2i_Home_01_video (23)_w005,Le2i_Home_01_video (23),Home_01,3,NORMAL,FP,0.859164,0.73,0.129164,0.859164,0.3397,0.0,0.2339,0.6164,11.287455,0.117831,13.187667,1.465222,95.7928,48,0.49451,0.230081
Le2i_Home_01_video (23)_w006,Le2i_Home_01_video (23),Home_01,3,NORMAL,FP,0.9556,0.73,0.2256,0.9556,0.2472,0.0,0.14,0.7303,11.287455,-0.168733,13.61161,1.389719,0.0,46,0.451882,0.275375
Le2i_Home_01_video (23)_w007,Le2i_Home_01_video (23),Home_01,3,FALL,TP,0.867577,0.73,0.137577,0.0,0.1726,0.0,0.077,0.8224,7.844924,-0.046894,8.272333,1.366096,0.0,47,0.67759,0.311073
Le2i_Home_01_video (24)_w000,Le2i_Home_01_video (24),Home_01,3,NORMAL,TN,1e-06,0.73,0.729999,0.0,0.4223,0.0,0.3612,0.5479,0.324548,-0.003846,0.558351,0.136203,0.0,28,0.995729,0.001221
Le2i_Home_01_video (24)_w001,Le2i_Home_01_video (24),Home_01,3,NORMAL,TN,0.0,0.73,0.73,0.0,0.4027,0.0,0.3376,0.5715,3.901388,-0.042763,10.060645,0.440065,0.0,36,0.994177,0.004222
Le2i_Home_01_video (24)_w002,Le2i_Home_01_video (24),Home_01,3,NORMAL,TN,0.0,0.73,0.73,0.0,0.3906,0.0,0.3121,0.5745,30.63332,-0.034628,89.932159,4.568379,0.0,45,0.917722,0.154125
Le2i_Home_01_video (24)_w003,Le2i_Home_01_video (24),Home_01,3,NORMAL,TN,0.0,0.73,0.73,0.0,0.4039,0.0,0.3236,0.5455,30.63332,0.044793,89.932159,4.69243,683.8689,47,0.776853,0.191377
Le2i_Home_01_video (24)_w004,Le2i_Home_01_video (24),Home_01,3,FALL,TP,0.982207,0.73,0.252207,0.0,0.3611,0.0,0.2794,0.5921,9.964032,-0.002342,11.733321,1.090944,0.0,45,0.540635,0.263172
Le2i_Home_01_video (24)_w005,Le2i_Home_01_video (24),Home_01,3,FALL,TP,0.83606,0.73,0.10606,0.0,0.3228,0.0,0.2055,0.6424,9.964032,-0.019955,11.733321,0.772764,0.0,46,0.440138,0.180583
Le2i_Home_01_video (25)_w000,Le2i_Home_01_video (25),Home_01,3,NORMAL,TN,1e-06,0.73,0.729999,0.0,0.4007,0.0,0.3552,0.5897,0.335942,0.010859,0.547982,0.072443,30.9335,22,0.997686,0.002889
Le2i_Home_01_video (25)_w001,Le2i_Home_01_video (25),Home_01,3,NORMAL,TN,2e-06,0.73,0.729998,0.0,0.3964,0.0,0.3503,0.5927,0.32369,-0.002004,0.598106,0.06013,0.0,16,0.999118,0.000299
Le2i_Home_01_video (25)_w002,Le2i_Home_01_video (25),Home_01,3,NORMAL,TN,0.0,0.73,0.73,0.0,0.3814,0.0,0.3218,0.6036,1.516299,-0.033393,2.846517,0.272002,0.0,29,0.998299,0.001538
Le2i_Home_01_video (25)_w003,Le2i_Home_01_video (25),Home_01,3,NORMAL,TN,0.0,0.73,0.73,0.0,0.3919,0.0,0.3242,0.5733,1.516299,-0.002592,2.846517,0.453746,0.0,44,0.992432,0.008863
Le2i_Home_01_video (25)_w004,Le2i_Home_01_video (25),Home_01,3,NORMAL,TN,0.0,0.73,0.73,0.0,0.4173,0.0,0.3588,0.5382,1.451236,0.036719,2.803489,0.336498,39.5222,46,0.961524,0.031669
Le2i_Home_01_video (25)_w005,Le2i_Home_01_video (25),Home_01,3,NORMAL,TN,0.015903,0.73,0.714097,0.0,0.4059,0.0,0.3588,0.56,5.443889,0.043377,7.553688,0.30251,125.5,46,0.811032,0.263739
Le2i_Home_01_video (25)_w006,Le2i_Home_01_video (25),Home_01,3,FALL,TP,0.93641,0.73,0.20641,0.0,0.318,0.0,0.203,0.6624,12.653342,-0.024821,14.025383,0.871796,0.0,45,0.617661,0.290036
Le2i_Home_01_video (26)_w000,Le2i_Home_01_video (26),Home_01,3,NORMAL,TN,5e-06,0.73,0.729995,0.0,0.3873,0.0,0.3461,0.6042,0.418132,0.000964,0.528252,0.108287,433.4796,28,0.992622,0.001382
Le2i_Home_01_video (26)_w001,Le2i_Home_01_video (26),Home_01,3,NORMAL,TN,0.0,0.73,0.73,0.0,0.3863,0.0,0.3418,0.5964,1.106725,-0.03244,2.725311,0.175287,0.0,31,0.988373,0.0154
Le2i_Home_01_video (26)_w002,Le2i_Home_01_video (26),Home_01,3,NORMAL,TN,0.0,0.73,0.73,0.0,0.3825,0.0,0.3182,0.5915,1.358201,0.006298,2.725311,0.333138,215.6365,41,0.974681,0.027844
Le2i_Home_01_video (26)_w003,Le2i_Home_01_video (26),Home_01,3,NORMAL,TN,0.0,0.73,0.73,0.0,0.4019,0.0,0.34,0.5709,1.358201,0.036258,2.618891,0.263702,37.4588,41,0.981505,0.027134
Le2i_Home_01_video (26)_w004,Le2i_Home_01_video (26),Home_01,3,FALL,TP,0.99683,0.73,0.26683,0.0,0.3985,0.0,0.3448,0.5667,10.344041,-0.020865,17.243984,0.673912,0.0,39,0.782891,0.326251
Le2i_Home_01_video (26)_w005,Le2i_Home_01_video (26),Home_01,3,FALL,TP,0.880351,0.73,0.150351,0.0,0.3871,0.0,0.2873,0.5721,10.344041,-0.019168,17.243984,0.706247,0.0,43,0.470588,0.264674
Le2i_Home_01_video (26)_w006,Le2i_Home_01_video (26),Home_01,3,FALL,TP,0.770651,0.73,0.040651,0.0,0.4025,0.0,0.263,0.5533,0.580359,-0.002389,0.942538,0.150266,0.0,39,0.375785,0.024071
Le2i_Home_01_video (27)_w000,Le2i_Home_01_video (27),Home_01,3,NORMAL,TN,7e-06,0.73,0.729993,0.0,0.3701,0.0,0.3358,0.6333,0.144275,0.00049,0.273532,0.065239,293.5767,24,0.982054,0.001686
Le2i_Home_01_video (27)_w001,Le2i_Home_01_video (27),Home_01,3,NORMAL,TN,6e-06,0.73,0.729994,0.0,0.3774,0.0,0.3279,0.6073,0.705049,-0.020285,0.841258,0.130485,0.0,34,0.980988,0.006906
Le2i_Home_01_video (27)_w002,Le2i_Home_01_video (27),Home_01,3,NORMAL,TN,0.0,0.73,0.73,0.0,0.3733,0.0,0.2982,0.5933,1.658924,-0.025766,3.494318,0.45634,0.0,44,0.931982,0.057938
Le2i_Home_01_video (27)_w003,Le2i_Home_01_video (27),Home_01,3,NORMAL,TN,0.0,0.73,0.73,0.0,0.3864,0.0,0.3024,0.5709,1.912517,0.005629,4.04459,0.558048,339.6997,47,0.925529,0.059796
Le2i_Home_01_video (27)_w004,Le2i_Home_01_video (27),Home_01,3,NORMAL,TN,0.0,0.73,0.73,0.0,0.4184,0.0,0.36,0.543,1.912517,0.032887,4.04459,0.307727,58.1523,45,0.980905,0.03231
Le2i_Home_01_video (27)_w005,Le2i_Home_01_video (27),Home_01,3,NORMAL,FP,0.999477,0.73,0.269477,0.999477,0.436,0.0,0.4024,0.5315,2.356868,-0.017163,3.518581,0.350149,0.0,40,0.937447,0.186128
Le2i_Home_01_video (27)_w006,Le2i_Home_01_video (27),Home_01,3,NORMAL,FP,0.989659,0.73,0.259659,0.989659,0.4246,0.0,0.3545,0.5285,9.768919,-0.019271,13.872449,0.716796,0.0,37,0.598998,0.342846
Le2i_Home_01_video (27)_w007,Le2i_Home_01_video (27),Home_01,3,FALL,TP,0.795272,0.73,0.065272,0.0,0.4093,0.0,0.303,0.5333,9.768919,0.007648,13.872449,0.532757,1277.1328,33,0.304753,0.093096
Le2i_Home_01_video (28)_w000,Le2i_Home_01_video (28),Home_01,3,NORMAL,TN,3e-06,0.73,0.729997,0.0,0.4363,0.0,0.3673,0.5455,0.117605,0.000634,0.163406,0.034106,185.2473,16,0.998065,0.00032
Le2i_Home_01_video (28)_w001,Le2i_Home_01_video (28),Home_01,3,NORMAL,TN,0.0,0.73,0.73,0.0,0.4362,0.0,0.377,0.5424,0.408821,-0.033597,2.060663,0.118085,0.0,22,0.997201,0.00478
Le2i_Home_01_video (28)_w002,Le2i_Home_01_video (28),Home_01,3,NORMAL,TN,0.0,0.73,0.73,0.0,0.4284,0.0,0.3727,0.537,1.597846,0.01005,3.181897,0.42382,158.9702,41,0.957766,0.079979
Le2i_Home_01_video (28)_w003,Le2i_Home_01_video (28),Home_01,3,NORMAL,TN,0.0,0.73,0.73,0.0,0.4052,0.0,0.343,0.5594,1.597846,0.060185,2.966612,0.315931,26.5485,38,0.958384,0.080146
Le2i_Home_01_video (28)_w004,Le2i_Home_01_video (28),Home_01,3,NORMAL,TN,3e-06,0.73,0.729997,0.0,0.3852,0.0,0.3242,0.5982,0.776606,0.005563,0.777104,0.053089,139.5873,28,0.996157,0.002082
Le2i_Home_01_video (28)_w005,Le2i_Home_01_video (28),Home_01,3,NORMAL,TN,0.000128,0.73,0.729872,0.0,0.395,0.0,0.3358,0.5897,2.850018,-0.011409,2.854564,0.088441,0.0,36,0.891406,0.225733
Le2i_Home_01_video (28)_w006,Le2i_Home_01_video (28),Home_01,3,FALL,TP,1.0,0.73,0.27,0.0,0.3402,0.0,0.2667,0.6485,115.41481,0.022428,140.601776,3.220643,5145.7622,42,0.51264,0.377674
Le2i_Home_01_video (29)_w000,Le2i_Home_01_video (29),Home_01,3,NORMAL,TN,3e-06,0.73,0.729997,0.0,0.4173,0.0,0.3636,0.5521,0.460878,0.011676,0.863102,0.112515,39.4698,34,0.9806,0.002997
Le2i_Home_01_video (29)_w001,Le2i_Home_01_video (29),Home_01,3,NORMAL,TN,4e-06,0.73,0.729996,0.0,0.4152,0.0,0.3642,0.557,0.460878,-0.002456,0.883923,0.132628,0.0,34,0.980645,0.005377
Le2i_Home_01_video (29)_w002,Le2i_Home_01_video (29),Home_01,3,NORMAL,TN,0.0,0.73,0.73,0.0,0.4038,0.0,0.3503,0.5685,3.22004,0.000603,5.854869,0.519182,5329.5743,39,0.97768,0.014745
Le2i_Home_01_video (29)_w003,Le2i_Home_01_video (29),Home_01,3,NORMAL,TN,0.0,0.73,0.73,0.0,0.3832,0.0,0.3176,0.5867,3.22004,0.018138,5.854869,0.576637,177.5181,46,0.984181,0.017114
Le2i_Home_01_video (29)_w004,Le2i_Home_01_video (29),Home_01,3,NORMAL,TN,6e-06,0.73,0.729994,0.0,0.4055,0.0,0.3533,0.5685,0.661884,0.009946,1.275027,0.162811,66.5391,40,0.996485,0.004302
Le2i_Home_01_video (29)_w005,Le2i_Home_01_video (29),Home_01,3,FALL,TP,0.999961,0.73,0.269961,0.0,0.3589,0.0,0.3309,0.6188,9.326508,-0.516865,59.312286,0.860148,0.0,32,0.774885,0.387308
Le2i_Home_01_video (29)_w006,Le2i_Home_01_video (29),Home_01,3,FALL,TP,0.999338,0.73,0.269338,0.0,0.2306,0.0,0.1345,0.7636,21.340433,-0.009717,59.312286,1.794559,0.0,34,0.635398,0.427063
Le2i_Home_01_video (29)_w007,Le2i_Home_01_video (29),Home_01,3,FALL,TP,0.855322,0.73,0.125322,0.0,0.2066,0.0,0.023,0.797,21.340433,0.332608,22.770124,1.174547,64.1607,40,0.798626,0.313106
Le2i_Home_01_video (29)_w008,Le2i_Home_01_video (29),Home_01,3,FALL,TP,0.871883,0.73,0.141883,0.0,0.2449,0.0,0.0321,0.7406,4.761917,-0.045705,6.807683,0.693334,0.0,40,0.878082,0.128787
Le2i_Home_01_video (3)_w000,Le2i_Home_01_video (3),Home_01,3,NORMAL,TN,0.0,0.73,0.73,0.0,0.394,0.0,0.3382,0.5733,10.485104,-0.058554,21.633259,0.725006,0.0,39,0.949448,0.161949
Le2i_Home_01_video (3)_w001,Le2i_Home_01_video (3),Home_01,3,NORMAL,TN,0.0,0.73,0.73,0.0,0.3845,0.0,0.3036,0.5739,10.485104,-0.000527,21.633259,1.380315,0.0,43,0.822846,0.2403
Le2i_Home_01_video (3)_w002,Le2i_Home_01_video (3),Home_01,3,NORMAL,TN,0.0,0.73,0.73,0.0,0.3954,0.0,0.3055,0.563,7.615782,0.064289,15.694577,0.803156,118.4602,44,0.870745,0.208936
Le2i_Home_01_video (3)_w003,Le2i_Home_01_video (3),Home_01,3,NORMAL,TN,1.1e-05,0.73,0.729989,0.0,0.4118,0.0,0.34,0.5521,0.757912,0.004535,1.721682,0.169889,167.1017,44,0.92244,0.169071
Le2i_Home_01_video (3)_w004,Le2i_Home_01_video (3),Home_01,3,FALL,TP,0.927818,0.73,0.197818,0.0,0.3532,0.0,0.2679,0.6048,12.773046,-0.008641,14.741423,0.653317,0.0,41,0.57966,0.340326
Le2i_Home_01_video (3)_w005,Le2i_Home_01_video (3),Home_01,3,FALL,TP,0.754926,0.73,0.024926,0.0,0.3514,0.0,0.2442,0.5788,12.773046,0.000386,14.741423,0.649124,33026.3027,39,0.39325,0.16678
Le2i_Home_01_video (3)_w006,Le2i_Home_01_video (3),Home_01,3,FALL,TP,0.764021,0.73,0.034021,0.0,0.4111,0.0,0.3073,0.5018,0.717061,0.000165,0.753503,0.153985,4321.2264,40,0.478363,0.032349
Le2i_Home_01_video (3)_w007,Le2i_Home_01_video (3),Home_01,3,FALL,TP,0.764946,0.73,0.034946,0.0,0.4047,0.0,0.3055,0.5176,0.547184,-0.002979,0.680037,0.154411,0.0,40,0.492169,0.034505
Le2i_Home_01_video (30)_w000,Le2i_Home_01_video (30),Home_01,3,NORMAL,TN,0.0,0.73,0.73,0.0,0.3615,0.0,0.2873,0.6097,6.338644,-0.022682,11.321003,0.609266,0.0,40,0.992884,0.008989
Le2i_Home_01_video (30)_w001,Le2i_Home_01_video (30),Home_01,3,NORMAL,TN,0.0,0.73,0.73,0.0,0.3795,0.0,0.2945,0.58,6.338644,0.004161,11.321003,0.793275,1523.0496,47,0.970659,0.028926
Le2i_Home_01_video (30)_w002,Le2i_Home_01_video (30),Home_01,3,NORMAL,TN,0.0,0.73,0.73,0.0,0.4075,0.0,0.3503,0.5576,1.157841,0.024465,2.396167,0.278462,47.324,41,0.962956,0.024213
Le2i_Home_01_video (30)_w003,Le2i_Home_01_video (30),Home_01,3,NORMAL,TN,1.1e-05,0.73,0.729989,0.0,0.4279,0.0,0.4048,0.5467,0.762485,0.002298,0.768221,0.100841,331.6559,38,0.927616,0.051085
Le2i_Home_01_video (30)_w004,Le2i_Home_01_video (30),Home_01,3,FALL,TP,0.808454,0.73,0.078454,0.0,0.4108,0.0,0.3661,0.5582,0.701625,-0.026836,0.948386,0.148382,0.0,41,0.832951,0.063754
Le2i_Home_01_video (30)_w005,Le2i_Home_01_video (30),Home_01,3,FALL,FN,0.694023,0.73,0.035977,0.305977,0.3928,0.0,0.3176,0.5655,0.701625,-0.024851,0.948386,0.130833,0.0,38,0.774768,0.036565
Le2i_Home_01_video (4)_w000,Le2i_Home_01_video (4),Home_01,3,NORMAL,TN,0.0,0.73,0.73,0.0,0.3949,0.0,0.3521,0.5752,0.483224,-0.023536,2.030219,0.187821,0.0,32,0.997471,0.001866
Le2i_Home_01_video (4)_w001,Le2i_Home_01_video (4),Home_01,3,NORMAL,TN,0.0,0.73,0.73,0.0,0.4046,0.0,0.3545,0.5527,3.017264,-0.009498,5.575264,0.572647,0.0,43,0.968845,0.056098
Le2i_Home_01_video (4)_w002,Le2i_Home_01_video (4),Home_01,3,NORMAL,TN,0.0,0.73,0.73,0.0,0.4158,0.0,0.3491,0.5418,3.017264,0.036741,5.575264,0.6735,82.1194,47,0.952481,0.051051
Le2i_Home_01_video (4)_w003,Le2i_Home_01_video (4),Home_01,3,NORMAL,TN,0.0,0.73,0.73,0.0,0.4172,0.0,0.3582,0.5533,1.47115,0.020692,3.217252,0.290697,71.0925,44,0.976636,0.017333
Le2i_Home_01_video (4)_w004,Le2i_Home_01_video (4),Home_01,3,NORMAL,TN,7e-06,0.73,0.729993,0.0,0.4215,0.0,0.3679,0.5558,1.353169,0.002449,1.417763,0.123962,552.3326,42,0.948496,0.083936
Le2i_Home_01_video (4)_w005,Le2i_Home_01_video (4),Home_01,3,FALL,TP,0.990736,0.73,0.260736,0.0,0.346,0.0,0.2812,0.6388,8.848905,-0.029244,10.847819,0.930229,0.0,43,0.546142,0.388479
Le2i_Home_01_video (4)_w006,Le2i_Home_01_video (4),Home_01,3,FALL,TP,0.820479,0.73,0.090479,0.0,0.3082,0.0,0.2164,0.677,8.848905,-0.027449,10.847819,1.095356,0.0,44,0.231344,0.134084
Le2i_Home_01_video (4)_w007,Le2i_Home_01_video (4),Home_01,3,FALL,TP,0.769274,0.73,0.039274,0.0,0.3523,0.0,0.2406,0.6236,2.138928,0.000618,2.27694,0.353383,3453.1387,42,0.283848,0.033087
Le2i_Home_01_video (5)_w000,Le2i_Home_01_video (5),Home_01,3,NORMAL,TN,0.0,0.73,0.73,0.0,0.4141,0.0,0.3521,0.5436,0.67797,-0.00096,0.95038,0.079223,0.0,29,0.975048,0.010257
Le2i_Home_01_video (5)_w001,Le2i_Home_01_video (5),Home_01,3,NORMAL,TN,0.0,0.73,0.73,0.0,0.3852,0.0,0.3327,0.5873,0.377149,0.005165,0.428969,0.067004,73.01,33,0.985497,0.007041
Le2i_Home_01_video (5)_w002,Le2i_Home_01_video (5),Home_01,3,NORMAL,FP,0.971508,0.73,0.241508,0.971508,0.3414,0.0,0.2558,0.6309,18.203659,0.000807,22.029308,0.682472,22532.6873,46,0.905687,0.143826
Le2i_Home_01_video (5)_w003,Le2i_Home_01_video (5),Home_01,3,FALL,TP,0.957721,0.73,0.227721,0.0,0.238,0.0,0.1545,0.7388,18.203659,0.038162,22.029308,1.106208,476.9974,41,0.590011,0.381296
Le2i_Home_01_video (5)_w004,Le2i_Home_01_video (5),Home_01,3,FALL,TP,0.753639,0.73,0.023639,0.0,0.0631,0.0,0.0309,0.9358,3.956764,0.050279,6.713592,0.447635,78.695,16,0.178931,0.331412
Le2i_Home_01_video (5)_w005,Le2i_Home_01_video (5),Home_01,3,FALL,FN,0.628011,0.73,0.101989,0.371989,0.0,0.0,0.0,1.0,0.0,0.0,0.0,0.0,0.0,0,0.0,0.0
Le2i_Home_01_video (6)_w000,Le2i_Home_01_video (6),Home_01,3,NORMAL,TN,0.0,0.73,0.73,0.0,0.399,0.0,0.3139,0.5624,0.478124,0.002416,0.479141,0.049705,197.8053,24,0.988372,0.006552
Le2i_Home_01_video (6)_w001,Le2i_Home_01_video (6),Home_01,3,NORMAL,TN,1e-06,0.73,0.729999,0.0,0.352,0.0,0.2564,0.6109,0.652518,0.003208,0.861826,0.112721,203.3242,40,0.936269,0.08744
Le2i_Home_01_video (6)_w002,Le2i_Home_01_video (6),Home_01,3,NORMAL,TN,2.1e-05,0.73,0.729979,0.0,0.354,0.0,0.2739,0.6176,0.652518,0.014432,0.861826,0.125515,45.2106,40,0.912484,0.084468
Le2i_Home_01_video (6)_w003,Le2i_Home_01_video (6),Home_01,3,FALL,FN,0.620103,0.73,0.109897,0.379897,0.3181,0.0,0.2776,0.6715,4.390051,0.040427,5.765594,0.152685,108.5898,23,0.81178,0.357392
Le2i_Home_01_video (6)_w004,Le2i_Home_01_video (6),Home_01,3,FALL,TP,0.951376,0.73,0.221376,0.0,0.3169,0.0,0.2721,0.6533,6.277451,-0.034,9.092164,0.570433,0.0,27,0.446294,0.423972
Le2i_Home_01_video (6)_w005,Le2i_Home_01_video (6),Home_01,3,FALL,TP,0.785452,0.73,0.055452,0.0,0.4071,0.0,0.3582,0.5388,6.277451,-0.0558,9.092164,0.552076,0.0,39,0.18033,0.148874
Le2i_Home_01_video (7)_w000,Le2i_Home_01_video (7),Home_01,3,NORMAL,TN,0.0,0.73,0.73,0.0,0.389,0.0,0.3139,0.5776,0.238703,0.017808,0.407038,0.077815,13.4035,40,0.990683,0.009408
Le2i_Home_01_video (7)_w001,Le2i_Home_01_video (7),Home_01,3,NORMAL,TN,0.0,0.73,0.73,0.0,0.4006,0.0,0.3479,0.5752,0.225455,0.018153,0.291075,0.054453,12.4191,33,0.99024,0.009069
Le2i_Home_01_video (7)_w002,Le2i_Home_01_video (7),Home_01,3,NORMAL,TN,0.0,0.73,0.73,0.0,0.4074,0.0,0.3661,0.58,0.140786,0.001932,0.170628,0.033946,72.8178,18,0.995839,0.001729
Le2i_Home_01_video (7)_w003,Le2i_Home_01_video (7),Home_01,3,NORMAL,TN,5e-06,0.73,0.729995,0.0,0.3838,0.0,0.3358,0.6115,0.10964,-0.00471,0.144427,0.038375,0.0,16,0.990233,0.01425
Le2i_Home_01_video (7)_w004,Le2i_Home_01_video (7),Home_01,3,FALL,FN,0.709913,0.73,0.020087,0.290087,0.3547,0.0,0.3145,0.6364,10.783785,0.024375,15.156991,0.506165,442.3981,27,0.879268,0.294162
Le2i_Home_01_video (7)_w005,Le2i_Home_01_video (7),Home_01,3,FALL,TP,0.923572,0.73,0.193572,0.0,0.3705,0.0,0.3224,0.6164,10.783785,-0.018192,15.156991,0.85753,0.0,42,0.454992,0.429879
Le2i_Home_01_video (7)_w006,Le2i_Home_01_video (7),Home_01,3,NORMAL,FP,0.831459,0.73,0.101459,0.831459,0.4054,0.0,0.3564,0.5867,2.316308,0.015855,3.516243,0.43929,146.0881,47,0.17302,0.099776
Le2i_Home_01_video (8)_w000,Le2i_Home_01_video (8),Home_01,3,NORMAL,TN,0.0,0.73,0.73,0.0,0.3689,0.0,0.3303,0.5988,1.50798,-0.012278,3.850981,0.145763,0.0,18,0.878054,0.324254
Le2i_Home_01_video (8)_w001,Le2i_Home_01_video (8),Home_01,3,NORMAL,TN,0.0,0.73,0.73,0.0,0.4675,0.0,0.4533,0.4964,0.153019,-0.012623,0.255527,0.058726,0.0,22,0.997779,0.002645
Le2i_Home_01_video (8)_w002,Le2i_Home_01_video (8),Home_01,3,NORMAL,TN,0.0,0.73,0.73,0.0,0.4787,0.0,0.4812,0.4897,0.153019,-0.010666,0.24322,0.052741,0.0,22,0.998946,0.001059
Le2i_Home_01_video (8)_w003,Le2i_Home_01_video (8),Home_01,3,NORMAL,TN,0.019824,0.73,0.710176,0.0,0.4708,0.0,0.4691,0.4976,7.285041,-0.13814,23.511578,0.618326,0.0,28,0.968598,0.146307
Le2i_Home_01_video (8)_w004,Le2i_Home_01_video (8),Home_01,3,FALL,TP,0.970861,0.73,0.240861,0.0,0.4293,0.0,0.3739,0.5309,11.389482,-0.035451,23.511578,1.21887,0.0,40,0.72999,0.288319
Le2i_Home_01_video (8)_w005,Le2i_Home_01_video (8),Home_01,3,FALL,TP,0.994829,0.73,0.264829,0.0,0.3835,0.0,0.2994,0.5824,60.83852,0.096235,77.496407,2.645423,632.1788,46,0.605174,0.207036
Le2i_Home_01_video (8)_w006,Le2i_Home_01_video (8),Home_01,3,FALL,TP,0.998587,0.73,0.268587,0.0,0.408,0.0,0.3509,0.56,60.83852,0.047469,77.496407,2.472005,1281.6261,46,0.787392,0.178554
Le2i_Home_01_video (8)_w007,Le2i_Home_01_video (8),Home_01,3,FALL,TP,0.830934,0.73,0.100934,0.0,0.4643,0.0,0.4291,0.497,4.00538,0.080242,10.382833,0.463123,49.9154,39,0.942859,0.093328
Le2i_Home_01_video (8)_w008,Le2i_Home_01_video (8),Home_01,3,FALL,FN,1e-06,0.73,0.729999,0.999999,0.4465,0.0,0.4218,0.5297,0.209919,0.016219,0.23521,0.039116,12.9421,18,0.999774,0.000199
Le2i_Home_01_video (8)_w009,Le2i_Home_01_video (8),Home_01,3,FALL,FN,0.000217,0.73,0.729783,0.999783,0.2586,0.0,0.2176,0.737,2.658484,0.023606,4.111444,0.088568,112.6155,11,0.939799,0.237436
Le2i_Home_01_video (9)_w000,Le2i_Home_01_video (9),Home_01,3,NORMAL,TN,0.628011,0.73,0.101989,0.0,0.0,0.0,0.0,1.0,0.0,0.0,0.0,0.0,0.0,0,0.0,0.0
Le2i_Home_01_video (9)_w001,Le2i_Home_01_video (9),Home_01,3,NORMAL,TN,4e-06,0.73,0.729996,0.0,0.0838,0.0,0.0709,0.9158,1.830189,-0.016469,3.831788,0.152564,0.0,8,0.239183,0.425631
Le2i_Home_01_video (9)_w002,Le2i_Home_01_video (9),Home_01,3,NORMAL,TN,0.0,0.73,0.73,0.0,0.3109,0.0,0.2812,0.6679,1.830189,-0.022704,3.831788,0.183342,0.0,16,0.738344,0.437655
Le2i_Home_01_video (9)_w003,Le2i_Home_01_video (9),Home_01,3,NORMAL,TN,0.0,0.73,0.73,0.0,0.4655,0.0,0.4515,0.4982,0.127179,-0.013748,0.32632,0.058765,0.0,16,0.999038,0.000968
Le2i_Home_01_video (9)_w004,Le2i_Home_01_video (9),Home_01,3,NORMAL,TN,3e-06,0.73,0.729997,0.0,0.4761,0.0,0.48,0.5006,1.224735,-0.080869,3.863704,0.159697,0.0,28,0.98909,0.030591
Le2i_Home_01_video (9)_w005,Le2i_Home_01_video (9),Home_01,3,FALL,TP,0.999861,0.73,0.269861,0.0,0.4198,0.0,0.3588,0.5424,19.2416,-0.060678,25.250612,1.301576,0.0,45,0.884613,0.141668
Le2i_Home_01_video (9)_w006,Le2i_Home_01_video (9),Home_01,3,FALL,TP,0.991299,0.73,0.261299,0.0,0.3731,0.0,0.2661,0.5818,19.2416,-0.04682,25.250612,2.210407,0.0,45,0.628438,0.268156
Le2i_Home_01_video (9)_w007,Le2i_Home_01_video (9),Home_01,3,FALL,TP,0.960249,0.73,0.230249,0.0,0.4246,0.0,0.3697,0.5424,6.871098,0.044519,8.931959,1.345508,154.3377,44,0.583446,0.291423
Le2i_Home_01_video (9)_w008,Le2i_Home_01_video (9),Home_01,3,FALL,FN,3e-06,0.73,0.729997,0.999997,0.4614,0.0,0.4455,0.5145,4.22044,0.112808,5.72662,0.340646,37.4123,39,0.844152,0.238147
Le2i_Home_01_video (9)_w009,Le2i_Home_01_video (9),Home_01,3,FALL,FN,1e-06,0.73,0.729999,0.999999,0.3858,0.0,0.3564,0.5994,0.606922,0.03014,0.839394,0.071189,20.1359,20,0.993035,0.012187
Le2i_Home_01_video (9)_w010,Le2i_Home_01_video (9),Home_01,3,FALL,FN,0.475476,0.73,0.254524,0.524524,0.1755,0.0,0.1412,0.8158,3.84708,0.022936,6.071861,0.126763,167.7252,14,0.75919,0.42663
Le2i_Home_01_video (9)_w011,Le2i_Home_01_video (9),Home_01,3,FALL,FN,0.694,0.73,0.036,0.306,0.0175,0.0,0.0067,0.9824,3.84708,0.021649,6.071861,0.109672,177.6966,8,0.259899,0.438464
Le2i_Home_02_video (31)_w000,Le2i_Home_02_video (31),Home_02,4,NORMAL,TN,0.004693,0.43,0.425307,0.0,0.4027,0.0,0.34,0.5588,0.313979,0.001917,0.424885,0.073056,163.718,34,0.989885,0.000947
Le2i_Home_02_video (31)_w001,Le2i_Home_02_video (31),Home_02,4,NORMAL,TN,0.002728,0.43,0.427272,0.0,0.4059,0.0,0.3424,0.5545,0.280988,-0.001998,0.638664,0.093591,0.0,35,0.989249,0.001493
Le2i_Home_02_video (31)_w002,Le2i_Home_02_video (31),Home_02,4,NORMAL,TN,0.002413,0.43,0.427587,0.0,0.4136,0.0,0.3515,0.5467,0.312789,-0.00399,0.892529,0.136504,0.0,37,0.987948,0.001767
Le2i_Home_02_video (31)_w003,Le2i_Home_02_video (31),Home_02,4,NORMAL,TN,1e-06,0.43,0.429999,0.0,0.4062,0.0,0.3339,0.5564,2.407437,0.004035,5.441977,0.54002,596.5606,41,0.988309,0.00742
Le2i_Home_02_video (31)_w004,Le2i_Home_02_video (31),Home_02,4,NORMAL,TN,1e-06,0.43,0.429999,0.0,0.3825,0.0,0.3055,0.5861,2.407437,0.019909,5.441977,0.524579,120.9189,41,0.993644,0.008729
Le2i_Home_02_video (31)_w005,Le2i_Home_02_video (31),Home_02,4,NORMAL,TN,0.001385,0.43,0.428615,0.0,0.3799,0.0,0.3115,0.5945,0.327825,0.009318,0.615633,0.086617,35.1786,28,0.994273,0.012158
Le2i_Home_02_video (31)_w006,Le2i_Home_02_video (31),Home_02,4,NORMAL,TN,0.000342,0.43,0.429658,0.0,0.3853,0.0,0.3279,0.5994,0.176646,-0.00964,0.353295,0.059683,0.0,18,0.97612,0.025046
Le2i_Home_02_video (31)_w007,Le2i_Home_02_video (31),Home_02,4,FALL,TP,0.830173,0.43,0.400173,0.0,0.342,0.0,0.2891,0.6485,4.718772,0.029118,4.837684,0.2819,162.0493,31,0.858707,0.174634
Le2i_Home_02_video (31)_w008,Le2i_Home_02_video (31),Home_02,4,FALL,TP,0.65711,0.43,0.22711,0.0,0.1934,0.0,0.1285,0.8018,10.780148,0.03731,12.277535,1.575979,288.9279,40,0.447167,0.365172
Le2i_Home_02_video (31)_w009,Le2i_Home_02_video (31),Home_02,4,FALL,TP,0.656761,0.43,0.226761,0.0,0.1226,0.0,0.0055,0.8855,12.367646,-0.088303,14.250814,2.208886,0.0,38,0.119055,0.148188
Le2i_Home_02_video (31)_w010,Le2i_Home_02_video (31),Home_02,4,FALL,TP,0.646683,0.43,0.216683,0.0,0.1692,0.0,0.0018,0.843,12.367646,0.020213,14.250814,1.620916,611.8262,44,0.100636,0.073589
Le2i_Home_02_video (32)_w000,Le2i_Home_02_video (32),Home_02,4,NORMAL,TN,2e-06,0.43,0.429998,0.0,0.3959,0.0,0.3279,0.5661,0.526436,-0.017092,1.731086,0.177829,0.0,37,0.981856,0.007962
Le2i_Home_02_video (32)_w001,Le2i_Home_02_video (32),Home_02,4,NORMAL,TN,5e-06,0.43,0.429995,0.0,0.3895,0.0,0.3073,0.5733,1.554002,0.011403,2.808709,0.270781,136.2663,42,0.989842,0.010747
Le2i_Home_02_video (32)_w002,Le2i_Home_02_video (32),Home_02,4,FALL,TP,0.768526,0.43,0.338526,0.0,0.3507,0.0,0.2691,0.617,10.626291,0.050501,13.114526,0.953602,210.412,44,0.759093,0.355257
Le2i_Home_02_video (32)_w003,Le2i_Home_02_video (32),Home_02,4,FALL,TP,0.92171,0.43,0.49171,0.0,0.2522,0.0,0.1382,0.7388,17.146667,-0.001824,25.669592,2.477218,0.0,43,0.534059,0.341157
Le2i_Home_02_video (32)_w004,Le2i_Home_02_video (32),Home_02,4,FALL,TP,0.921434,0.43,0.491434,0.0,0.2331,0.0,0.0436,0.7642,17.146667,0.098735,25.669592,1.546503,173.6614,41,0.655301,0.242053
Le2i_Home_02_video (32)_w005,Le2i_Home_02_video (32),Home_02,4,FALL,TP,0.672786,0.43,0.242786,0.0,0.2726,0.0,0.0612,0.7115,1.560557,-0.004466,1.676654,0.202629,0.0,42,0.777362,0.026536
Le2i_Home_02_video (33)_w000,Le2i_Home_02_video (33),Home_02,4,NORMAL,TN,0.0,0.43,0.43,0.0,0.409,0.0,0.3661,0.5606,0.384288,0.007146,0.606726,0.11427,53.7725,39,0.854944,0.081173
Le2i_Home_02_video (33)_w001,Le2i_Home_02_video (33),Home_02,4,NORMAL,TN,0.0,0.43,0.43,0.0,0.4343,0.0,0.4018,0.5345,0.204193,0.008904,0.453662,0.07166,22.9293,22,0.910588,0.09766
Le2i_Home_02_video (33)_w002,Le2i_Home_02_video (33),Home_02,4,NORMAL,TN,2.5e-05,0.43,0.429975,0.0,0.4708,0.0,0.4485,0.5,0.094464,-0.001774,0.335464,0.034299,0.0,7,0.995737,0.00749
Le2i_Home_02_video (33)_w003,Le2i_Home_02_video (33),Home_02,4,NORMAL,TN,0.261528,0.43,0.168472,0.0,0.4619,0.0,0.4479,0.5115,4.056928,0.020128,5.994153,0.129671,201.5473,13,0.978849,0.139857
Le2i_Home_02_video (33)_w004,Le2i_Home_02_video (33),Home_02,4,FALL,TP,0.988039,0.43,0.558039,0.0,0.2548,0.0,0.24,0.7309,28.053034,0.021724,39.653229,1.474919,1291.2878,20,0.546976,0.47812
Le2i_Home_02_video (33)_w005,Le2i_Home_02_video (33),Home_02,4,FALL,TP,0.987607,0.43,0.557607,0.0,0.035,0.0,0.0242,0.9618,28.053034,0.0,39.653229,1.360561,27732455.2893,9,0.06781,0.211766
Le2i_Home_02_video (34)_w000,Le2i_Home_02_video (34),Home_02,4,NORMAL,TN,0.0,0.43,0.43,0.0,0.4425,0.0,0.3842,0.5152,0.109881,0.000346,0.316784,0.052975,316.4144,12,0.999578,0.000441
Le2i_Home_02_video (34)_w001,Le2i_Home_02_video (34),Home_02,4,NORMAL,TN,0.0,0.43,0.43,0.0,0.4387,0.0,0.3933,0.5242,0.127791,0.004399,0.24938,0.059613,29.0461,21,0.979061,0.030981
Le2i_Home_02_video (34)_w002,Le2i_Home_02_video (34),Home_02,4,NORMAL,TN,0.0,0.43,0.43,0.0,0.4468,0.0,0.417,0.5255,0.14971,0.009468,0.362745,0.069144,15.8102,23,0.974646,0.030022
Le2i_Home_02_video (34)_w003,Le2i_Home_02_video (34),Home_02,4,NORMAL,TN,1.4e-05,0.43,0.429986,0.0,0.4717,0.0,0.4491,0.5012,0.14971,0.002335,0.362745,0.049652,64.0951,11,0.99477,0.010987
Le2i_Home_02_video (34)_w004,Le2i_Home_02_video (34),Home_02,4,NORMAL,TN,0.001367,0.43,0.428633,0.0,0.4848,0.0,0.4727,0.4861,0.217366,-0.012583,0.430435,0.04879,0.0,11,0.998789,0.001993
Le2i_Home_02_video (34)_w005,Le2i_Home_02_video (34),Home_02,4,FALL,TP,0.990422,0.43,0.560422,0.0,0.3273,0.0,0.3067,0.6479,16.127001,-0.16044,23.738991,1.477913,0.0,22,0.629247,0.443685
Le2i_Home_02_video (34)_w006,Le2i_Home_02_video (34),Home_02,4,FALL,TP,0.982148,0.43,0.552148,0.0,0.0913,0.0,0.0685,0.8976,18.187599,0.036074,23.738991,1.866354,504.1585,16,0.146798,0.294604
Le2i_Home_02_video (34)_w007,Le2i_Home_02_video (34),Home_02,4,FALL,TP,0.987987,0.43,0.557987,0.0,0.0103,0.0,0.0048,0.9897,19.126106,0.0,24.557043,0.691759,19087493.3018,4,0.029084,0.144678
Le2i_Home_02_video (35)_w000,Le2i_Home_02_video (35),Home_02,4,NORMAL,TN,0.0,0.43,0.43,0.0,0.4731,0.0,0.4539,0.4855,0.201753,-0.002882,0.474092,0.069802,0.0,24,0.999415,0.000605
Le2i_Home_02_video (35)_w001,Le2i_Home_02_video (35),Home_02,4,NORMAL,TN,0.0,0.43,0.43,0.0,0.4784,0.0,0.4545,0.4855,0.302461,0.00773,0.842661,0.094715,39.1239,28,0.998991,0.00064
Le2i_Home_02_video (35)_w002,Le2i_Home_02_video (35),Home_02,4,NORMAL,TN,6e-06,0.43,0.429994,0.0,0.4828,0.0,0.4576,0.4848,0.302461,0.008217,0.842661,0.057089,36.8027,14,0.999111,0.000678
Le2i_Home_02_video (35)_w003,Le2i_Home_02_video (35),Home_02,4,NORMAL,TN,0.0,0.43,0.43,0.0,0.4798,0.0,0.4642,0.4855,2.646591,-0.086317,9.80023,0.214536,0.0,17,0.999299,0.00061
Le2i_Home_02_video (35)_w004,Le2i_Home_02_video (35),Home_02,4,FALL,TP,0.986694,0.43,0.556694,0.0,0.2647,0.0,0.2503,0.7158,33.648506,0.021887,56.53738,1.875352,1537.3035,22,0.577306,0.491445
Le2i_Home_02_video (35)_w005,Le2i_Home_02_video (35),Home_02,4,FALL,TP,0.999878,0.43,0.569878,0.0,0.0259,0.0,0.0158,0.9727,33.648506,0.28212,56.53738,1.302501,119.2699,7,0.077612,0.263418
Le2i_Home_02_video (35)_w006,Le2i_Home_02_video (35),Home_02,4,FALL,FN,0.415241,0.43,0.014759,0.584759,0.0,0.0,0.0,1.0,0.0,0.0,0.0,0.0,0.0,0,0.0,0.0
Le2i_Home_02_video (36)_w000,Le2i_Home_02_video (36),Home_02,4,NORMAL,TN,0.0,0.43,0.43,0.0,0.0766,0.0,0.0527,0.9218,2.380636,0.019276,6.497294,1.178446,123.4959,19,0.23836,0.424166
Le2i_Home_02_video (36)_w001,Le2i_Home_02_video (36),Home_02,4,NORMAL,TN,0.0,0.43,0.43,0.0,0.1078,0.0,0.0673,0.8861,2.235848,-0.000205,6.497294,0.979357,0.0,20,0.359105,0.47881
Le2i_Home_02_video (36)_w002,Le2i_Home_02_video (36),Home_02,4,NORMAL,TN,1e-06,0.43,0.429999,0.0,0.3132,0.0,0.2727,0.6606,1.996609,-0.021312,6.240232,0.378072,0.0,15,0.759423,0.426759
Le2i_Home_02_video (36)_w003,Le2i_Home_02_video (36),Home_02,4,NORMAL,TN,0.000251,0.43,0.429749,0.0,0.4658,0.0,0.4412,0.4952,0.973423,-0.035591,2.679934,0.088265,0.0,17,0.997396,0.013047
Le2i_Home_02_video (36)_w004,Le2i_Home_02_video (36),Home_02,4,FALL,TP,0.89711,0.43,0.46711,0.0,0.2293,0.0,0.2145,0.7527,5.396747,0.02137,7.629231,0.155458,252.5242,14,0.497777,0.497944
Le2i_Home_02_video (36)_w005,Le2i_Home_02_video (36),Home_02,4,FALL,FN,0.415241,0.43,0.014759,0.584759,0.0,0.0,0.0,1.0,0.0,0.0,0.0,0.0,0.0,0,0.0,0.0
Le2i_Home_02_video (37)_w000,Le2i_Home_02_video (37),Home_02,4,NORMAL,TN,0.0,0.43,0.43,0.0,0.4065,0.0,0.3339,0.5594,2.301701,-0.054847,5.774551,0.584391,0.0,37,0.991993,0.009769
Le2i_Home_02_video (37)_w001,Le2i_Home_02_video (37),Home_02,4,NORMAL,TN,0.0,0.43,0.43,0.0,0.3842,0.0,0.2927,0.5879,3.475345,0.017145,6.873245,1.061023,202.6863,48,0.971081,0.027502
Le2i_Home_02_video (37)_w002,Le2i_Home_02_video (37),Home_02,4,NORMAL,TN,0.0,0.43,0.43,0.0,0.3933,0.0,0.3067,0.5806,3.475345,0.064109,6.873245,0.673097,54.2087,46,0.974891,0.028726
Le2i_Home_02_video (37)_w003,Le2i_Home_02_video (37),Home_02,4,NORMAL,TN,2.1e-05,0.43,0.429979,0.0,0.4362,0.0,0.4055,0.5358,0.712455,0.005793,1.427668,0.169775,122.9584,39,0.996779,0.002577
Le2i_Home_02_video (37)_w004,Le2i_Home_02_video (37),Home_02,4,FALL,TP,0.907605,0.43,0.477605,0.0,0.4493,0.0,0.4303,0.5261,0.763335,-0.022374,1.893907,0.22758,0.0,41,0.719809,0.40908
Le2i_Home_02_video (37)_w005,Le2i_Home_02_video (37),Home_02,4,FALL,TP,0.709837,0.43,0.279837,0.0,0.4336,0.0,0.3812,0.5382,0.763335,-0.01253,1.893907,0.215943,0.0,43,0.250422,0.358386
Le2i_Home_02_video (37)_w006,Le2i_Home_02_video (37),Home_02,4,FALL,TP,0.664387,0.43,0.234387,0.0,0.4272,0.0,0.3642,0.5436,0.515319,0.004831,0.584135,0.097784,106.6442,38,0.072856,0.032344
Le2i_Home_02_video (37)_w007,Le2i_Home_02_video (37),Home_02,4,FALL,TP,0.662311,0.43,0.232311,0.0,0.4292,0.0,0.377,0.54,0.515319,0.00614,0.584135,0.101092,83.9196,38,0.091885,0.021707
Le2i_Home_02_video (38)_w000,Le2i_Home_02_video (38),Home_02,4,NORMAL,TN,0.0,0.43,0.43,0.0,0.4522,0.0,0.4273,0.5248,0.073883,0.002033,0.110536,0.020219,36.3221,5,0.984394,0.005004
Le2i_Home_02_video (38)_w001,Le2i_Home_02_video (38),Home_02,4,NORMAL,TN,2e-06,0.43,0.429998,0.0,0.4281,0.0,0.3897,0.5539,0.173371,0.002664,0.283521,0.032015,65.0611,14,0.992149,0.005247
Le2i_Home_02_video (38)_w002,Le2i_Home_02_video (38),Home_02,4,NORMAL,TN,5.7e-05,0.43,0.429943,0.0,0.4095,0.0,0.3661,0.5764,0.173371,0.00018,0.283521,0.036876,955.5156,19,0.995764,0.002087
Le2i_Home_02_video (38)_w003,Le2i_Home_02_video (38),Home_02,4,NORMAL,TN,2.4e-05,0.43,0.429976,0.0,0.3832,0.0,0.3285,0.6115,0.127608,-0.008618,0.255078,0.051943,0.0,20,0.969262,0.034367
Le2i_Home_02_video (38)_w004,Le2i_Home_02_video (38),Home_02,4,NORMAL,TN,5e-06,0.43,0.429995,0.0,0.3682,0.0,0.3085,0.6291,0.127608,-0.009469,0.255078,0.047102,0.0,16,0.970082,0.0351
Le2i_Home_02_video (38)_w005,Le2i_Home_02_video (38),Home_02,4,NORMAL,TN,2.2e-05,0.43,0.429978,0.0,0.3786,0.0,0.3218,0.6055,0.073906,-0.001387,0.151682,0.023523,0.0,4,0.998505,0.003432
Le2i_Home_02_video (39)_w000,Le2i_Home_02_video (39),Home_02,4,NORMAL,TN,4e-06,0.43,0.429996,0.0,0.4338,0.0,0.3945,0.5352,0.708874,0.014101,1.177376,0.141941,50.2661,33,0.984886,0.017349
Le2i_Home_02_video (39)_w001,Le2i_Home_02_video (39),Home_02,4,NORMAL,TN,0.00025,0.43,0.42975,0.0,0.4066,0.0,0.3545,0.5739,0.401441,0.02218,0.64906,0.081559,18.0985,30,0.988422,0.01637
Le2i_Home_02_video (39)_w002,Le2i_Home_02_video (39),Home_02,4,NORMAL,TN,0.000354,0.43,0.429646,0.0,0.3968,0.0,0.343,0.597,0.24736,0.001645,0.286991,0.040497,150.2968,23,0.992582,0.005059
Le2i_Home_02_video (39)_w003,Le2i_Home_02_video (39),Home_02,4,NORMAL,TN,0.001071,0.43,0.428929,0.0,0.4014,0.0,0.3576,0.597,0.126581,-0.003981,0.137311,0.036816,0.0,25,0.986515,0.004658
Le2i_Home_02_video (39)_w004,Le2i_Home_02_video (39),Home_02,4,NORMAL,TN,0.00026,0.43,0.42974,0.0,0.4363,0.0,0.4067,0.5485,0.513304,-0.030069,0.753733,0.104088,0.0,32,0.986365,0.007473
Le2i_Home_02_video (39)_w005,Le2i_Home_02_video (39),Home_02,4,NORMAL,TN,4e-06,0.43,0.429996,0.0,0.4715,0.0,0.4612,0.5018,0.513304,-0.008335,0.753733,0.118078,0.0,34,0.99229,0.007944
Le2i_Home_02_video (40)_w000,Le2i_Home_02_video (40),Home_02,4,NORMAL,TN,0.000748,0.43,0.429252,0.0,0.4091,0.0,0.3509,0.5485,0.324011,-0.00083,0.603016,0.086449,0.0,32,0.995491,0.001071
Le2i_Home_02_video (40)_w001,Le2i_Home_02_video (40),Home_02,4,NORMAL,TN,0.000259,0.43,0.429741,0.0,0.4066,0.0,0.3448,0.5552,0.260535,-0.004921,0.450951,0.1013,0.0,38,0.993704,0.002659
Le2i_Home_02_video (40)_w002,Le2i_Home_02_video (40),Home_02,4,NORMAL,TN,2e-05,0.43,0.42998,0.0,0.3795,0.0,0.3109,0.5945,0.732767,0.01256,1.097912,0.181061,58.335,42,0.99367,0.003431
Le2i_Home_02_video (40)_w003,Le2i_Home_02_video (40),Home_02,4,NORMAL,TN,6.5e-05,0.43,0.429935,0.0,0.3746,0.0,0.3164,0.6085,0.732767,0.02576,1.097912,0.153646,28.4443,42,0.996307,0.003156
Le2i_Home_02_video (40)_w004,Le2i_Home_02_video (40),Home_02,4,NORMAL,TN,0.000407,0.43,0.429593,0.0,0.3869,0.0,0.34,0.6079,0.613508,0.006129,0.660505,0.05957,100.082,37,0.998637,0.00152
Le2i_Home_02_video (40)_w005,Le2i_Home_02_video (40),Home_02,4,NORMAL,TN,0.00035,0.43,0.42965,0.0,0.3856,0.0,0.3382,0.6176,0.234575,0.002738,0.282293,0.050471,85.6463,30,0.997543,0.002063
Le2i_Home_02_video (40)_w006,Le2i_Home_02_video (40),Home_02,4,NORMAL,TN,0.001673,0.43,0.428327,0.0,0.4193,0.0,0.3855,0.5679,0.234575,-0.019652,0.387958,0.06481,0.0,25,0.996422,0.00171
Le2i_Home_02_video (40)_w007,Le2i_Home_02_video (40),Home_02,4,NORMAL,TN,0.000396,0.43,0.429604,0.0,0.4628,0.0,0.4533,0.5061,0.257078,-0.014539,0.387958,0.067486,0.0,30,0.992752,0.005013
Le2i_Home_02_video (41)_w000,Le2i_Home_02_video (41),Home_02,4,NORMAL,TN,0.415241,0.43,0.014759,0.0,0.0,0.0,0.0,1.0,0.0,0.0,0.0,0.0,0.0,0,0.0,0.0
Le2i_Home_02_video (41)_w001,Le2i_Home_02_video (41),Home_02,4,NORMAL,TN,1e-06,0.43,0.429999,0.0,0.1581,0.0,0.1158,0.8248,0.807294,-0.03014,4.388716,0.120161,0.0,23,0.452126,0.489923
Le2i_Home_02_video (41)_w002,Le2i_Home_02_video (41),Home_02,4,NORMAL,TN,0.0,0.43,0.43,0.0,0.3711,0.0,0.3127,0.6012,0.807294,-0.024859,4.388716,0.146989,0.0,39,0.949632,0.194084
Le2i_Home_02_video (41)_w003,Le2i_Home_02_video (41),Home_02,4,NORMAL,TN,1.2e-05,0.43,0.429988,0.0,0.4462,0.0,0.4182,0.5345,0.250182,0.001727,0.431928,0.046453,144.7861,28,0.994609,0.001883
Le2i_Home_02_video (41)_w004,Le2i_Home_02_video (41),Home_02,4,NORMAL,TN,0.032316,0.43,0.397684,0.0,0.4643,0.0,0.4503,0.52,0.250182,-0.002868,0.400162,0.037631,0.0,19,0.995935,0.002249
Le2i_Home_02_video (41)_w005,Le2i_Home_02_video (41),Home_02,4,NORMAL,TN,0.00021,0.43,0.42979,0.0,0.3966,0.0,0.3612,0.5897,4.5182,-0.03606,9.60422,0.267324,0.0,24,0.952233,0.195493
Le2i_Home_02_video (41)_w006,Le2i_Home_02_video (41),Home_02,4,NORMAL,TN,4.1e-05,0.43,0.429959,0.0,0.3365,0.0,0.2642,0.6448,4.5182,-0.012657,9.60422,0.391977,0.0,39,0.936984,0.196846
Le2i_Home_02_video (41)_w007,Le2i_Home_02_video (41),Home_02,4,NORMAL,TN,0.008543,0.43,0.421457,0.0,0.3626,0.0,0.3097,0.6236,1.177498,0.009623,1.496438,0.158839,122.3517,31,0.981847,0.043625
Le2i_Home_02_video (42)_w000,Le2i_Home_02_video (42),Home_02,4,NORMAL,TN,1e-06,0.43,0.429999,0.0,0.4224,0.0,0.3939,0.5358,0.138938,-0.000945,0.216056,0.028726,0.0,5,0.997019,0.001338
Le2i_Home_02_video (42)_w001,Le2i_Home_02_video (42),Home_02,4,NORMAL,TN,2e-06,0.43,0.429998,0.0,0.4216,0.0,0.3891,0.5533,0.235338,-0.000779,0.398733,0.037362,0.0,12,0.998716,0.001316
Le2i_Home_02_video (42)_w002,Le2i_Home_02_video (42),Home_02,4,NORMAL,TN,2.2e-05,0.43,0.429978,0.0,0.4108,0.0,0.3752,0.5782,0.235338,-0.011464,0.398733,0.048772,0.0,16,0.998648,0.0014
Le2i_Home_02_video (42)_w003,Le2i_Home_02_video (42),Home_02,4,NORMAL,TN,6.4e-05,0.43,0.429936,0.0,0.4036,0.0,0.3673,0.5739,0.254629,-0.011178,0.328237,0.041138,0.0,15,0.998581,0.0015
Le2i_Home_02_video (42)_w004,Le2i_Home_02_video (42),Home_02,4,NORMAL,TN,8.1e-05,0.43,0.429919,0.0,0.4164,0.0,0.3812,0.5533,0.254629,-0.000714,0.328237,0.024896,0.0,7,0.999689,0.00082
Le2i_Home_02_video (43)_w000,Le2i_Home_02_video (43),Home_02,4,NORMAL,TN,0.000119,0.43,0.429881,0.0,0.476,0.0,0.4582,0.4873,0.078783,-0.002697,0.140412,0.021265,0.0,3,0.99822,0.001434
Le2i_Home_02_video (43)_w001,Le2i_Home_02_video (43),Home_02,4,NORMAL,TN,0.000314,0.43,0.429686,0.0,0.4819,0.0,0.4582,0.4855,0.101978,-0.002897,0.149371,0.029136,0.0,9,0.998687,0.001432
Le2i_Home_02_video (43)_w002,Le2i_Home_02_video (43),Home_02,4,NORMAL,TN,0.001589,0.43,0.428411,0.0,0.4847,0.0,0.4679,0.4867,0.143247,-0.017917,0.35487,0.048234,0.0,15,0.998711,0.001432
Le2i_Home_02_video (43)_w003,Le2i_Home_02_video (43),Home_02,4,NORMAL,TN,0.001613,0.43,0.428387,0.0,0.4863,0.0,0.4824,0.4867,0.14458,-0.010452,0.35487,0.056924,0.0,21,0.998046,0.002864
Le2i_Home_02_video (43)_w004,Le2i_Home_02_video (43),Home_02,4,NORMAL,TN,0.012816,0.43,0.417184,0.0,0.4854,0.0,0.4848,0.4867,0.14458,0.006001,0.184132,0.034455,24.0867,14,0.995683,0.002646
Le2i_Home_02_video (44)_w000,Le2i_Home_02_video (44),Home_02,4,NORMAL,TN,0.0,0.43,0.43,0.0,0.421,0.0,0.3527,0.5461,0.919636,-0.029877,1.668683,0.193217,0.0,34,0.993091,0.006012
Le2i_Home_02_video (44)_w001,Le2i_Home_02_video (44),Home_02,4,NORMAL,TN,0.0,0.43,0.43,0.0,0.4107,0.0,0.3424,0.5436,0.919636,0.019055,1.668683,0.26467,48.2609,44,0.989763,0.009627
Le2i_Home_02_video (44)_w002,Le2i_Home_02_video (44),Home_02,4,NORMAL,TN,1e-06,0.43,0.429999,0.0,0.398,0.0,0.3279,0.5691,0.543613,0.045086,1.001684,0.130505,12.0569,31,0.992089,0.009081
Le2i_Home_02_video (44)_w003,Le2i_Home_02_video (44),Home_02,4,NORMAL,TN,0.00018,0.43,0.42982,0.0,0.3864,0.0,0.3261,0.6048,0.181605,0.003822,0.226654,0.042868,47.5085,21,0.995344,0.003817
Le2i_Home_02_video (44)_w004,Le2i_Home_02_video (44),Home_02,4,NORMAL,TN,0.0002,0.43,0.4298,0.0,0.3914,0.0,0.3364,0.5988,0.116593,-0.000302,0.143484,0.0351,0.0,20,0.993655,0.003432
Le2i_Home_02_video (44)_w005,Le2i_Home_02_video (44),Home_02,4,NORMAL,TN,0.000443,0.43,0.429557,0.0,0.3989,0.0,0.3448,0.5939,0.113606,0.000505,0.127597,0.031006,224.6082,14,0.987625,0.00692
Le2i_Home_02_video (44)_w006,Le2i_Home_02_video (44),Home_02,4,NORMAL,TN,0.000815,0.43,0.429185,0.0,0.4017,0.0,0.3533,0.6024,0.112907,-4e-06,0.146428,0.027394,0.0,12,0.982375,0.007107
Le2i_Home_02_video (44)_w007,Le2i_Home_02_video (44),Home_02,4,NORMAL,TN,6.6e-05,0.43,0.429934,0.0,0.427,0.0,0.3885,0.5655,0.21294,-0.009476,0.21966,0.036422,0.0,19,0.981596,0.008269
Le2i_Home_02_video (44)_w008,Le2i_Home_02_video (44),Home_02,4,NORMAL,TN,0.0,0.43,0.43,0.0,0.4423,0.0,0.4164,0.5352,0.521592,-0.020032,0.683551,0.094077,0.0,34,0.97666,0.018019
Le2i_Home_02_video (44)_w009,Le2i_Home_02_video (44),Home_02,4,NORMAL,TN,0.0,0.43,0.43,0.0,0.4428,0.0,0.4248,0.5279,0.521592,-0.007865,0.683551,0.102974,0.0,36,0.981665,0.020289
Le2i_Home_02_video (44)_w010,Le2i_Home_02_video (44),Home_02,4,NORMAL,TN,0.0,0.43,0.43,0.0,0.46,0.0,0.4594,0.5012,0.180554,0.003642,0.227461,0.050058,49.5678,24,0.993213,0.007965
Le2i_Home_02_video (45)_w000,Le2i_Home_02_video (45),Home_02,4,NORMAL,TN,0.000514,0.43,0.429486,0.0,0.4183,0.0,0.3515,0.5564,0.57837,0.015627,0.578763,0.086415,37.0093,32,0.999507,0.000605
Le2i_Home_02_video (45)_w001,Le2i_Home_02_video (45),Home_02,4,NORMAL,TN,0.001734,0.43,0.428266,0.0,0.3964,0.0,0.3515,0.5933,0.57837,0.01003,0.578763,0.063879,57.6598,34,0.998473,0.001997
Le2i_Home_02_video (45)_w002,Le2i_Home_02_video (45),Home_02,4,NORMAL,TN,0.000446,0.43,0.429554,0.0,0.3907,0.0,0.3436,0.6103,0.176978,0.001488,0.223239,0.046453,118.8197,27,0.99468,0.003876
Le2i_Home_02_video (45)_w003,Le2i_Home_02_video (45),Home_02,4,NORMAL,TN,0.000145,0.43,0.429855,0.0,0.4134,0.0,0.3636,0.5812,0.196817,0.00095,0.257086,0.048688,207.0498,25,0.989883,0.005859
Le2i_Home_02_video (45)_w004,Le2i_Home_02_video (45),Home_02,4,NORMAL,TN,0.0,0.43,0.43,0.0,0.4382,0.0,0.4042,0.5461,0.196817,-0.017168,0.25954,0.059961,0.0,27,0.976636,0.028112
Le2i_Home_02_video (45)_w005,Le2i_Home_02_video (45),Home_02,4,NORMAL,TN,0.0,0.43,0.43,0.0,0.4476,0.0,0.4255,0.5279,0.201673,-0.016919,0.25954,0.05393,0.0,22,0.979121,0.029415
Le2i_Home_02_video (45)_w006,Le2i_Home_02_video (45),Home_02,4,NORMAL,TN,0.0,0.43,0.43,0.0,0.4559,0.0,0.4515,0.52,0.201673,-0.000413,0.235315,0.027929,0.0,9,0.99252,0.006078
Le2i_Home_02_video (46)_w000,Le2i_Home_02_video (46),Home_02,4,NORMAL,TN,0.0,0.43,0.43,0.0,0.3944,0.0,0.3042,0.5703,2.135653,-0.056034,6.556034,0.545532,0.0,32,0.931807,0.097243
Le2i_Home_02_video (46)_w001,Le2i_Home_02_video (46),Home_02,4,NORMAL,TN,0.0,0.43,0.43,0.0,0.394,0.0,0.3109,0.5679,2.135653,0.025022,6.556034,0.685631,85.3464,46,0.92886,0.096115
Le2i_Home_02_video (46)_w002,Le2i_Home_02_video (46),Home_02,4,NORMAL,TN,0.000371,0.43,0.429629,0.0,0.3867,0.0,0.3218,0.5836,1.172045,0.055375,2.114965,0.185025,21.165,43,0.995957,0.013358
Le2i_Home_02_video (46)_w003,Le2i_Home_02_video (46),Home_02,4,NORMAL,TN,0.000328,0.43,0.429672,0.0,0.3723,0.0,0.3115,0.6133,1.172045,0.002063,1.219625,0.068288,567.9418,34,0.999746,0.000438
Le2i_Home_02_video (46)_w004,Le2i_Home_02_video (46),Home_02,4,NORMAL,TN,0.000674,0.43,0.429326,0.0,0.3783,0.0,0.3212,0.6152,0.501564,0.000649,0.545265,0.048359,772.1255,25,0.996754,0.004614
Le2i_Home_02_video (46)_w005,Le2i_Home_02_video (46),Home_02,4,NORMAL,TN,1.1e-05,0.43,0.429989,0.0,0.3793,0.0,0.317,0.6152,0.258516,-0.000941,0.343682,0.035466,0.0,19,0.99617,0.004377
Le2i_Home_02_video (46)_w006,Le2i_Home_02_video (46),Home_02,4,NORMAL,TN,0.0,0.43,0.43,0.0,0.3862,0.0,0.3242,0.5988,0.386888,-0.015375,0.400731,0.060728,0.0,29,0.955345,0.062729
Le2i_Home_02_video (46)_w007,Le2i_Home_02_video (46),Home_02,4,NORMAL,TN,0.0,0.43,0.43,0.0,0.3919,0.0,0.3436,0.5855,0.386888,-0.019292,0.449537,0.095358,0.0,38,0.928434,0.063443
Le2i_Home_02_video (46)_w008,Le2i_Home_02_video (46),Home_02,4,NORMAL,TN,0.0,0.43,0.43,0.0,0.3691,0.0,0.3115,0.6158,0.392441,-0.007419,0.443447,0.116732,0.0,39,0.957084,0.04406
Le2i_Home_02_video (47)_w000,Le2i_Home_02_video (47),Home_02,4,NORMAL,TN,0.0,0.43,0.43,0.0,0.4233,0.0,0.3794,0.5461,0.432647,-0.003781,0.433753,0.044904,0.0,32,0.992063,0.015601
Le2i_Home_02_video (47)_w001,Le2i_Home_02_video (47),Home_02,4,NORMAL,TN,0.0,0.43,0.43,0.0,0.42,0.0,0.3752,0.5455,0.432647,0.013636,0.433753,0.084057,31.7252,42,0.94591,0.053693
Le2i_Home_02_video (47)_w002,Le2i_Home_02_video (47),Home_02,4,NORMAL,TN,0.0,0.43,0.43,0.0,0.4069,0.0,0.3618,0.5679,0.375434,0.024575,0.386846,0.069948,15.2762,36,0.952424,0.056944
Le2i_Home_02_video (47)_w003,Le2i_Home_02_video (47),Home_02,4,NORMAL,TN,2e-06,0.43,0.429998,0.0,0.4132,0.0,0.3661,0.5715,0.375434,0.00397,0.386846,0.043101,94.5353,25,0.998181,0.001495
Le2i_Home_02_video (47)_w004,Le2i_Home_02_video (47),Home_02,4,NORMAL,TN,0.001943,0.43,0.428057,0.0,0.4585,0.0,0.4315,0.5188,0.240181,-0.002307,0.246618,0.043047,0.0,20,0.999046,0.001166
Le2i_Home_02_video (47)_w005,Le2i_Home_02_video (47),Home_02,4,NORMAL,TN,0.078198,0.43,0.351802,0.0,0.4804,0.0,0.4758,0.497,0.187458,-0.000633,0.226631,0.033205,0.0,15,0.998864,0.001144
Le2i_Home_02_video (47)_w006,Le2i_Home_02_video (47),Home_02,4,NORMAL,TN,0.061845,0.43,0.368155,0.0,0.4842,0.0,0.48,0.4939,0.187458,-4.2e-05,0.226631,0.025285,0.0,12,0.998949,0.001148
Le2i_Home_02_video (47)_w007,Le2i_Home_02_video (47),Home_02,4,NORMAL,TN,0.042485,0.43,0.387515,0.0,0.4799,0.0,0.4564,0.4861,0.106252,-0.001581,0.139711,0.025887,0.0,12,0.996867,0.003301
Le2i_Home_02_video (47)_w008,Le2i_Home_02_video (47),Home_02,4,NORMAL,TN,7.1e-05,0.43,0.429929,0.0,0.4591,0.0,0.42,0.5055,0.359384,-0.027375,1.290728,0.088013,0.0,25,0.988119,0.01619
Le2i_Home_02_video (47)_w009,Le2i_Home_02_video (47),Home_02,4,NORMAL,TN,1e-06,0.43,0.429999,0.0,0.4406,0.0,0.3903,0.5206,0.707573,-0.013637,1.468662,0.19027,0.0,41,0.980495,0.024405
Le2i_Home_02_video (48)_w000,Le2i_Home_02_video (48),Home_02,4,NORMAL,TN,0.0,0.43,0.43,0.0,0.4507,0.0,0.4139,0.5006,0.910334,-0.015266,1.376119,0.154869,0.0,39,0.989417,0.021534
Le2i_Home_02_video (48)_w001,Le2i_Home_02_video (48),Home_02,4,NORMAL,TN,0.0,0.43,0.43,0.0,0.4242,0.0,0.3642,0.5352,0.910334,0.018916,1.376119,0.215455,48.1227,46,0.962233,0.03907
Le2i_Home_02_video (48)_w002,Le2i_Home_02_video (48),Home_02,4,NORMAL,TN,6e-06,0.43,0.429994,0.0,0.3827,0.0,0.3061,0.5885,0.841254,0.037281,0.869632,0.131363,22.5644,40,0.972008,0.039941
Le2i_Home_02_video (48)_w003,Le2i_Home_02_video (48),Home_02,4,NORMAL,TN,0.000288,0.43,0.429712,0.0,0.3654,0.0,0.2976,0.6212,0.841254,0.002774,0.842558,0.05858,303.1553,30,0.99928,0.000886
Le2i_Home_02_video (48)_w004,Le2i_Home_02_video (48),Home_02,4,NORMAL,TN,0.000507,0.43,0.429493,0.0,0.3709,0.0,0.3103,0.6297,0.620613,0.002315,0.691988,0.045959,267.9981,23,0.997371,0.003192
Le2i_Home_02_video (48)_w005,Le2i_Home_02_video (48),Home_02,4,NORMAL,TN,0.000756,0.43,0.429244,0.0,0.3689,0.0,0.3036,0.6285,0.690935,0.000533,0.697369,0.045354,1293.3742,24,0.992266,0.005301
Le2i_Home_02_video (48)_w006,Le2i_Home_02_video (48),Home_02,4,NORMAL,TN,0.019132,0.43,0.410868,0.0,0.3986,0.0,0.3297,0.5824,1.234796,-0.026979,1.88513,0.133369,0.0,37,0.975338,0.018528
Le2i_Home_02_video (48)_w007,Le2i_Home_02_video (48),Home_02,4,NORMAL,TN,0.007877,0.43,0.422123,0.0,0.4288,0.0,0.3909,0.543,5.225648,-0.012856,9.51723,0.438759,0.0,42,0.9394,0.192911
Le2i_Home_02_video (49)_w000,Le2i_Home_02_video (49),Home_02,4,NORMAL,TN,0.118594,0.43,0.311406,0.0,0.4702,0.0,0.4539,0.5,0.876695,-0.011999,1.197738,0.131683,0.0,23,0.996477,0.002282
Le2i_Home_02_video (49)_w001,Le2i_Home_02_video (49),Home_02,4,NORMAL,TN,0.268483,0.43,0.161517,0.0,0.4728,0.0,0.4527,0.4994,0.876695,0.000729,1.197738,0.141112,1200.7697,33,0.99741,0.001447
Le2i_Home_02_video (49)_w002,Le2i_Home_02_video (49),Home_02,4,NORMAL,FP,0.553662,0.43,0.123662,0.553662,0.4771,0.0,0.4612,0.4915,1.435853,-0.016909,2.022902,0.126107,0.0,23,0.995211,0.007068
Le2i_Home_02_video (49)_w003,Le2i_Home_02_video (49),Home_02,4,NORMAL,FP,0.678814,0.43,0.248814,0.678814,0.4674,0.0,0.4436,0.5006,1.435853,0.013525,2.022902,0.235486,106.1515,37,0.989921,0.015936
Le2i_Home_02_video (49)_w004,Le2i_Home_02_video (49),Home_02,4,NORMAL,FP,0.600437,0.43,0.170437,0.600437,0.4707,0.0,0.46,0.5048,1.052264,0.046763,1.234099,0.126612,22.5018,33,0.990171,0.014455
Le2i_Home_02_video (49)_w005,Le2i_Home_02_video (49),Home_02,4,NORMAL,TN,0.000241,0.43,0.429759,0.0,0.4747,0.0,0.4721,0.5024,0.230416,0.001417,0.241316,0.031918,162.4518,20,0.996395,0.002252
Le2i_Home_02_video (49)_w006,Le2i_Home_02_video (49),Home_02,4,NORMAL,TN,0.005796,0.43,0.424204,0.0,0.4646,0.0,0.4491,0.5152,0.174674,-0.001405,0.196617,0.045418,0.0,26,0.998761,0.000985
Le2i_Home_02_video (49)_w007,Le2i_Home_02_video (49),Home_02,4,NORMAL,TN,0.039924,0.43,0.390076,0.0,0.453,0.0,0.4291,0.5315,0.152981,-0.0015,0.196617,0.046665,0.0,28,0.999459,0.000617
Le2i_Home_02_video (49)_w008,Le2i_Home_02_video (49),Home_02,4,NORMAL,TN,0.01694,0.43,0.41306,0.0,0.4592,0.0,0.4394,0.5224,0.142127,-0.005934,0.221728,0.046937,0.0,27,0.998752,0.001445
Le2i_Home_02_video (49)_w009,Le2i_Home_02_video (49),Home_02,4,NORMAL,TN,0.0,0.43,0.43,0.0,0.4325,0.0,0.3848,0.5412,44.228611,-0.090074,112.829697,4.332997,0.0,36,0.975293,0.067282
Le2i_Home_02_video (49)_w010,Le2i_Home_02_video (49),Home_02,4,NORMAL,TN,0.0,0.43,0.43,0.0,0.3956,0.0,0.3194,0.5709,44.228611,-0.005236,112.829697,5.138569,0.0,46,0.942754,0.108698
Le2i_Home_02_video (50)_w000,Le2i_Home_02_video (50),Home_02,4,NORMAL,TN,0.118594,0.43,0.311406,0.0,0.4702,0.0,0.4539,0.5,0.876695,-0.011999,1.197738,0.131683,0.0,23,0.996477,0.002282
Le2i_Home_02_video (50)_w001,Le2i_Home_02_video (50),Home_02,4,NORMAL,TN,0.268483,0.43,0.161517,0.0,0.4728,0.0,0.4527,0.4994,0.876695,0.000729,1.197738,0.141112,1200.7697,33,0.99741,0.001447
Le2i_Home_02_video (50)_w002,Le2i_Home_02_video (50),Home_02,4,NORMAL,FP,0.553662,0.43,0.123662,0.553662,0.4771,0.0,0.4612,0.4915,1.435853,-0.016909,2.022902,0.126107,0.0,23,0.995211,0.007068
Le2i_Home_02_video (50)_w003,Le2i_Home_02_video (50),Home_02,4,NORMAL,FP,0.678814,0.43,0.248814,0.678814,0.4674,0.0,0.4436,0.5006,1.435853,0.013525,2.022902,0.235486,106.1515,37,0.989921,0.015936
Le2i_Home_02_video (50)_w004,Le2i_Home_02_video (50),Home_02,4,NORMAL,FP,0.600437,0.43,0.170437,0.600437,0.4707,0.0,0.46,0.5048,1.052264,0.046763,1.234099,0.126612,22.5018,33,0.990171,0.014455
Le2i_Home_02_video (50)_w005,Le2i_Home_02_video (50),Home_02,4,NORMAL,TN,0.000241,0.43,0.429759,0.0,0.4747,0.0,0.4721,0.5024,0.230416,0.001417,0.241316,0.031918,162.4518,20,0.996395,0.002252
Le2i_Home_02_video (50)_w006,Le2i_Home_02_video (50),Home_02,4,NORMAL,TN,0.005796,0.43,0.424204,0.0,0.4646,0.0,0.4491,0.5152,0.174674,-0.001405,0.196617,0.045418,0.0,26,0.998761,0.000985
Le2i_Home_02_video (50)_w007,Le2i_Home_02_video (50),Home_02,4,NORMAL,TN,0.039924,0.43,0.390076,0.0,0.453,0.0,0.4291,0.5315,0.152981,-0.0015,0.196617,0.046665,0.0,28,0.999459,0.000617
Le2i_Home_02_video (50)_w008,Le2i_Home_02_video (50),Home_02,4,NORMAL,TN,0.01694,0.43,0.41306,0.0,0.4592,0.0,0.4394,0.5224,0.142127,-0.005934,0.221728,0.046937,0.0,27,0.998752,0.001445
Le2i_Home_02_video (50)_w009,Le2i_Home_02_video (50),Home_02,4,NORMAL,TN,0.0,0.43,0.43,0.0,0.4325,0.0,0.3848,0.5412,44.228611,-0.090074,112.829697,4.332997,0.0,36,0.975293,0.067282
Le2i_Home_02_video (50)_w010,Le2i_Home_02_video (50),Home_02,4,NORMAL,TN,0.0,0.43,0.43,0.0,0.3956,0.0,0.3194,0.5709,44.228611,-0.005236,112.829697,5.138569,0.0,46,0.942754,0.108698
Le2i_Home_02_video (51)_w000,Le2i_Home_02_video (51),Home_02,4,NORMAL,TN,0.0,0.43,0.43,0.0,0.4469,0.0,0.4085,0.5091,1.332674,-0.009507,4.714629,0.444757,0.0,38,0.963817,0.05145
Le2i_Home_02_video (51)_w001,Le2i_Home_02_video (51),Home_02,4,NORMAL,TN,0.0,0.43,0.43,0.0,0.4184,0.0,0.3727,0.5442,1.332674,0.029579,4.714629,0.453746,45.0533,47,0.958889,0.049458
Le2i_Home_02_video (51)_w002,Le2i_Home_02_video (51),Home_02,4,NORMAL,TN,0.000148,0.43,0.429852,0.0,0.3763,0.0,0.3164,0.5964,0.849917,0.028626,1.175666,0.101693,29.6891,38,0.994365,0.01223
Le2i_Home_02_video (51)_w003,Le2i_Home_02_video (51),Home_02,4,NORMAL,TN,0.000336,0.43,0.429664,0.0,0.3776,0.0,0.3079,0.5988,0.849917,0.002019,0.852277,0.058813,420.7098,29,0.999758,0.000288
Le2i_Home_02_video (51)_w004,Le2i_Home_02_video (51),Home_02,4,NORMAL,TN,0.000679,0.43,0.429321,0.0,0.3953,0.0,0.3285,0.5879,0.335433,0.002461,0.655153,0.057006,136.251,28,0.996911,0.004042
Le2i_Home_02_video (51)_w005,Le2i_Home_02_video (51),Home_02,4,NORMAL,TN,0.00165,0.43,0.42835,0.0,0.3847,0.0,0.3152,0.5988,0.945108,-0.000927,0.974597,0.055628,0.0,27,0.983977,0.019138
Le2i_Home_02_video (51)_w006,Le2i_Home_02_video (51),Home_02,4,NORMAL,FP,0.732817,0.43,0.302817,0.732817,0.3921,0.0,0.3109,0.5794,2.618518,-0.025438,3.245441,0.261577,0.0,38,0.755419,0.294045
Le2i_Home_02_video (51)_w007,Le2i_Home_02_video (51),Home_02,4,NORMAL,FP,0.671723,0.43,0.241723,0.671723,0.426,0.0,0.3661,0.537,3.830969,-0.013774,5.670381,0.417386,0.0,40,0.704059,0.289293
Le2i_Home_02_video (51)_w008,Le2i_Home_02_video (51),Home_02,4,NORMAL,TN,0.099023,0.43,0.330977,0.0,0.4661,0.0,0.4509,0.5006,3.830969,0.015402,5.670381,0.19253,248.7177,26,0.918542,0.139763
Le2i_Home_02_video (52)_w000,Le2i_Home_02_video (52),Home_02,4,NORMAL,TN,5.2e-05,0.43,0.429948,0.0,0.4396,0.0,0.3939,0.5145,0.233188,-0.001452,0.467289,0.072485,0.0,24,0.994747,0.001867
Le2i_Home_02_video (52)_w001,Le2i_Home_02_video (52),Home_02,4,NORMAL,TN,1.6e-05,0.43,0.429984,0.0,0.421,0.0,0.3576,0.5418,0.582964,0.017081,1.264764,0.144375,34.1284,33,0.99435,0.003294
Le2i_Home_02_video (52)_w002,Le2i_Home_02_video (52),Home_02,4,NORMAL,TN,4.5e-05,0.43,0.429955,0.0,0.401,0.0,0.3406,0.5824,1.013765,0.017616,1.264764,0.136852,57.5453,41,0.997286,0.003813
Le2i_Home_02_video (52)_w003,Le2i_Home_02_video (52),Home_02,4,NORMAL,TN,0.001129,0.43,0.428871,0.0,0.3954,0.0,0.3497,0.6012,0.415048,0.000316,0.529022,0.048507,1310.8154,27,0.998765,0.00169
Le2i_Home_02_video (52)_w004,Le2i_Home_02_video (52),Home_02,4,NORMAL,TN,6e-06,0.43,0.429994,0.0,0.4255,0.0,0.3976,0.5606,0.205052,-0.019912,0.365478,0.061623,0.0,26,0.992799,0.008255
Le2i_Home_02_video (52)_w005,Le2i_Home_02_video (52),Home_02,4,NORMAL,TN,0.0,0.43,0.43,0.0,0.4393,0.0,0.417,0.5315,0.822581,-0.033223,1.025423,0.132726,0.0,34,0.877162,0.20387
Le2i_Home_02_video (52)_w006,Le2i_Home_02_video (52),Home_02,4,NORMAL,TN,0.0,0.43,0.43,0.0,0.4294,0.0,0.4055,0.5291,0.822581,-0.008338,1.025423,0.132192,0.0,39,0.662273,0.201443
Le2i_Home_02_video (53)_w000,Le2i_Home_02_video (53),Home_02,4,NORMAL,TN,3e-06,0.43,0.429997,0.0,0.4265,0.0,0.3727,0.5315,1.142335,0.016473,2.012845,0.210949,69.3414,37,0.979668,0.026659
Le2i_Home_02_video (53)_w001,Le2i_Home_02_video (53),Home_02,4,NORMAL,TN,2e-05,0.43,0.42998,0.0,0.3904,0.0,0.3273,0.5939,1.142335,0.026557,2.012845,0.18128,43.0129,41,0.981432,0.027649
Le2i_Home_02_video (53)_w002,Le2i_Home_02_video (53),Home_02,4,NORMAL,TN,0.000466,0.43,0.429534,0.0,0.3873,0.0,0.337,0.6121,0.200831,-8e-05,0.27903,0.04972,0.0,29,0.997737,0.002546
Le2i_Home_02_video (53)_w003,Le2i_Home_02_video (53),Home_02,4,NORMAL,TN,7.1e-05,0.43,0.429929,0.0,0.4163,0.0,0.3806,0.5685,0.448809,-0.015397,0.463664,0.073874,0.0,29,0.992086,0.007181
Le2i_Home_02_video (53)_w004,Le2i_Home_02_video (53),Home_02,4,NORMAL,TN,0.000326,0.43,0.429674,0.0,0.3897,0.0,0.3648,0.5855,6.529535,0.026481,6.840636,0.217596,246.5661,35,0.890163,0.266729
Le2i_Home_02_video (53)_w005,Le2i_Home_02_video (53),Home_02,4,NORMAL,FP,0.729322,0.43,0.299322,0.729322,0.2233,0.0,0.2,0.76,6.529535,-0.007139,6.840636,0.716065,0.0,27,0.476078,0.44823
Le2i_Home_02_video (53)_w006,Le2i_Home_02_video (53),Home_02,4,NORMAL,FP,0.664367,0.43,0.234367,0.664367,0.1328,0.0,0.1158,0.857,5.041785,-0.050759,5.708161,1.440421,0.0,28,0.210669,0.30749
Le2i_Home_02_video (54)_w000,Le2i_Home_02_video (54),Home_02,4,NORMAL,TN,5.3e-05,0.43,0.429947,0.0,0.4539,0.0,0.3915,0.4945,0.333051,-0.005403,0.630678,0.090302,0.0,26,0.99405,0.002887
Le2i_Home_02_video (54)_w001,Le2i_Home_02_video (54),Home_02,4,NORMAL,TN,1.9e-05,0.43,0.429981,0.0,0.3999,0.0,0.3261,0.5673,0.513685,0.018429,1.139141,0.127289,27.8715,31,0.983953,0.021537
Le2i_Home_02_video (54)_w002,Le2i_Home_02_video (54),Home_02,4,NORMAL,TN,4e-05,0.43,0.42996,0.0,0.3684,0.0,0.3,0.6236,0.513685,0.022709,1.139141,0.097773,22.6198,29,0.98576,0.022539
Le2i_Home_02_video (54)_w003,Le2i_Home_02_video (54),Home_02,4,NORMAL,TN,0.000125,0.43,0.429875,0.0,0.3824,0.0,0.3297,0.6152,0.107404,0.00046,0.198889,0.03486,233.0234,18,0.998953,0.001355
Le2i_Home_02_video (54)_w004,Le2i_Home_02_video (54),Home_02,4,NORMAL,TN,0.000925,0.43,0.429075,0.0,0.3921,0.0,0.3442,0.6006,0.180419,-0.00836,0.475325,0.053759,0.0,22,0.990347,0.01021
Le2i_Home_02_video (54)_w005,Le2i_Home_02_video (54),Home_02,4,NORMAL,TN,0.000476,0.43,0.429524,0.0,0.442,0.0,0.417,0.5406,0.269268,-0.016515,0.529526,0.085339,0.0,33,0.985884,0.008327
Le2i_Home_02_video (54)_w006,Le2i_Home_02_video (54),Home_02,4,NORMAL,TN,9.9e-05,0.43,0.429901,0.0,0.4756,0.0,0.4758,0.5,0.269268,-0.008873,0.529526,0.074308,0.0,35,0.989222,0.004312
Le2i_Home_02_video (55)_w000,Le2i_Home_02_video (55),Home_02,4,NORMAL,TN,0.000115,0.43,0.429885,0.0,0.4789,0.0,0.4836,0.4945,0.177787,-0.002355,0.392859,0.051322,0.0,31,0.986799,0.003778
Le2i_Home_02_video (55)_w001,Le2i_Home_02_video (55),Home_02,4,NORMAL,TN,0.000177,0.43,0.429823,0.0,0.4823,0.0,0.483,0.4909,0.27719,0.017147,0.330279,0.063797,16.1643,35,0.990785,0.00736
Le2i_Home_02_video (55)_w002,Le2i_Home_02_video (55),Home_02,4,NORMAL,TN,0.001341,0.43,0.428659,0.0,0.4776,0.0,0.4782,0.5042,0.27719,0.019712,0.428073,0.051693,14.0615,28,0.995835,0.002754
Le2i_Home_02_video (55)_w003,Le2i_Home_02_video (55),Home_02,4,NORMAL,TN,0.003839,0.43,0.426161,0.0,0.4699,0.0,0.4545,0.5139,0.501144,-0.001161,0.509075,0.041109,0.0,22,0.995002,0.002418
Le2i_Home_02_video (55)_w004,Le2i_Home_02_video (55),Home_02,4,NORMAL,TN,8.2e-05,0.43,0.429918,0.0,0.4315,0.0,0.3897,0.5479,2.545898,-0.05464,5.086959,0.264953,0.0,31,0.996455,0.002554
Le2i_Home_02_video (55)_w005,Le2i_Home_02_video (55),Home_02,4,NORMAL,TN,1e-06,0.43,0.429999,0.0,0.4075,0.0,0.3485,0.5636,3.832651,-0.022731,6.885904,0.486599,0.0,38,0.997197,0.002482
Le2i_Home_02_video (55)_w006,Le2i_Home_02_video (55),Home_02,4,NORMAL,TN,0.012606,0.43,0.417394,0.0,0.4361,0.0,0.3952,0.5315,3.832651,0.056725,6.885904,0.227049,67.564,35,0.996099,0.002472
Le2i_Home_02_video (56)_w000,Le2i_Home_02_video (56),Home_02,4,NORMAL,TN,0.0,0.43,0.43,0.0,0.4736,0.0,0.4703,0.4952,1.0789,-0.001673,1.197529,0.061546,0.0,31,0.977932,0.017749
Le2i_Home_02_video (56)_w001,Le2i_Home_02_video (56),Home_02,4,NORMAL,TN,0.0,0.43,0.43,0.0,0.4292,0.0,0.3764,0.5115,1.0789,-0.00794,1.197529,0.080436,0.0,28,0.956702,0.010428
Le2i_Home_02_video (56)_w002,Le2i_Home_02_video (56),Home_02,4,NORMAL,TN,0.0,0.43,0.43,0.0,0.4206,0.0,0.3509,0.5158,1.247216,0.005127,1.251513,0.091947,243.2363,34,0.956526,0.013172
Le2i_Home_02_video (56)_w003,Le2i_Home_02_video (56),Home_02,4,NORMAL,TN,0.0,0.43,0.43,0.0,0.4556,0.0,0.4364,0.5097,1.247216,0.024775,1.251513,0.091997,50.3395,41,0.979554,0.021064
Le2i_Home_02_video (56)_w004,Le2i_Home_02_video (56),Home_02,4,NORMAL,TN,7e-06,0.43,0.429993,0.0,0.4604,0.0,0.4515,0.5188,0.253192,0.01679,0.409943,0.069865,15.0789,30,0.996257,0.002904
Le2i_Home_02_video (56)_w005,Le2i_Home_02_video (56),Home_02,4,NORMAL,TN,0.00129,0.43,0.42871,0.0,0.459,0.0,0.4364,0.5188,0.253192,0.000292,0.596494,0.048661,864.71,22,0.995747,0.002473
Le2i_Home_02_video (56)_w006,Le2i_Home_02_video (56),Home_02,4,NORMAL,TN,0.011223,0.43,0.418777,0.0,0.4601,0.0,0.4455,0.5218,0.185092,0.000492,0.596494,0.04746,375.273,21,0.993459,0.006687
Le2i_Home_02_video (56)_w007,Le2i_Home_02_video (56),Home_02,4,NORMAL,TN,0.003502,0.43,0.426498,0.0,0.4472,0.0,0.4321,0.5321,0.361485,-0.002016,0.611376,0.042031,0.0,20,0.993376,0.007267
Le2i_Home_02_video (56)_w008,Le2i_Home_02_video (56),Home_02,4,NORMAL,TN,0.005324,0.43,0.424676,0.0,0.4307,0.0,0.4006,0.5527,0.386394,-0.003463,0.611376,0.049056,0.0,25,0.997972,0.003376
Le2i_Home_02_video (56)_w009,Le2i_Home_02_video (56),Home_02,4,NORMAL,TN,0.031038,0.43,0.398962,0.0,0.4213,0.0,0.38,0.56,0.411591,-0.00298,0.656381,0.042253,0.0,21,0.998974,0.000692
Le2i_Home_02_video (56)_w010,Le2i_Home_02_video (56),Home_02,4,NORMAL,TN,0.000782,0.43,0.429218,0.0,0.4041,0.0,0.3345,0.557,1.715387,-0.017827,4.021811,0.362472,0.0,33,0.903771,0.20182
Le2i_Home_02_video (56)_w011,Le2i_Home_02_video (56),Home_02,4,NORMAL,TN,0.000352,0.43,0.429648,0.0,0.4277,0.0,0.3727,0.5358,1.715387,-0.012177,4.021811,0.38426,0.0,46,0.903783,0.201834
Le2i_Home_02_video (56)_w012,Le2i_Home_02_video (56),Home_02,4,NORMAL,TN,0.020695,0.43,0.409305,0.0,0.4652,0.0,0.4509,0.5079,0.199607,0.000193,0.294991,0.062526,1026.9543,34,0.994181,0.004834
Le2i_Home_02_video (57)_w000,Le2i_Home_02_video (57),Home_02,4,NORMAL,TN,0.000555,0.43,0.429445,0.0,0.3796,0.0,0.3212,0.6133,0.419361,-0.025226,1.607448,0.140496,0.0,26,0.997168,0.007419
Le2i_Home_02_video (57)_w001,Le2i_Home_02_video (57),Home_02,4,NORMAL,TN,3.6e-05,0.43,0.429964,0.0,0.3816,0.0,0.3139,0.5976,0.801586,0.004611,1.607448,0.210771,173.7935,43,0.988393,0.014227
Le2i_Home_02_video (57)_w002,Le2i_Home_02_video (57),Home_02,4,NORMAL,TN,0.006559,0.43,0.423441,0.0,0.3869,0.0,0.3309,0.5909,0.801586,0.038903,1.264134,0.149977,20.6042,42,0.990357,0.013552
Le2i_Home_02_video (57)_w003,Le2i_Home_02_video (57),Home_02,4,NORMAL,TN,0.000532,0.43,0.429468,0.0,0.3909,0.0,0.3485,0.6048,0.47021,0.006029,0.759282,0.064578,77.9753,35,0.998734,0.001348
Le2i_Home_02_video (57)_w004,Le2i_Home_02_video (57),Home_02,4,NORMAL,TN,0.000573,0.43,0.429427,0.0,0.3907,0.0,0.3455,0.6103,0.164076,0.003595,0.232062,0.043471,45.6242,31,0.997806,0.001805
Le2i_Home_02_video (57)_w005,Le2i_Home_02_video (57),Home_02,4,NORMAL,TN,2.9e-05,0.43,0.429971,0.0,0.4155,0.0,0.377,0.5715,0.164076,-0.009184,0.309513,0.04889,0.0,27,0.99296,0.005066
Le2i_Home_02_video (57)_w006,Le2i_Home_02_video (57),Home_02,4,NORMAL,TN,0.002371,0.43,0.427629,0.0,0.3161,0.0,0.2879,0.6636,4.6132,0.026972,4.856641,0.105827,171.0299,17,0.734207,0.43523
Le2i_Home_02_video (57)_w007,Le2i_Home_02_video (57),Home_02,4,NORMAL,TN,0.078384,0.43,0.351616,0.0,0.0969,0.0,0.0806,0.8909,4.6132,0.038172,4.856641,0.077974,120.8492,4,0.239553,0.426291
Le2i_Home_02_video (58)_w000,Le2i_Home_02_video (58),Home_02,4,NORMAL,TN,0.00375,0.43,0.42625,0.0,0.4559,0.0,0.4042,0.4891,0.355701,-0.001137,0.443215,0.065143,0.0,17,0.998274,0.000709
Le2i_Home_02_video (58)_w001,Le2i_Home_02_video (58),Home_02,4,NORMAL,TN,0.004152,0.43,0.425848,0.0,0.4588,0.0,0.42,0.4885,0.385008,-0.000295,0.443215,0.065074,0.0,22,0.997748,0.000811
Le2i_Home_02_video (58)_w002,Le2i_Home_02_video (58),Home_02,4,NORMAL,TN,0.005209,0.43,0.424791,0.0,0.4479,0.0,0.4176,0.5042,0.385008,-0.001145,0.437612,0.06921,0.0,22,0.998111,0.001065
Le2i_Home_02_video (58)_w003,Le2i_Home_02_video (58),Home_02,4,NORMAL,TN,0.007049,0.43,0.422951,0.0,0.4317,0.0,0.3982,0.5255,0.329309,-0.000814,0.474185,0.07611,0.0,24,0.998955,0.000942
Le2i_Home_02_video (58)_w004,Le2i_Home_02_video (58),Home_02,4,NORMAL,TN,0.004062,0.43,0.425938,0.0,0.4306,0.0,0.3952,0.5279,0.371363,-0.002969,0.474185,0.081055,0.0,30,0.998955,0.001117
Le2i_Home_02_video (58)_w005,Le2i_Home_02_video (58),Home_02,4,NORMAL,TN,8.4e-05,0.43,0.429916,0.0,0.4369,0.0,0.3994,0.5242,1.367905,0.001518,2.016029,0.207927,900.7262,38,0.996905,0.003141
Le2i_Home_02_video (58)_w006,Le2i_Home_02_video (58),Home_02,4,NORMAL,TN,7.2e-05,0.43,0.429928,0.0,0.4251,0.0,0.3861,0.5448,1.367905,0.016434,2.016029,0.221934,83.2316,42,0.997304,0.003305
Le2i_Home_02_video (58)_w007,Le2i_Home_02_video (58),Home_02,4,NORMAL,TN,0.001407,0.43,0.428593,0.0,0.3944,0.0,0.3521,0.597,0.359705,0.010902,0.808996,0.075703,32.9914,34,0.999369,0.00066
Le2i_Home_02_video (58)_w008,Le2i_Home_02_video (58),Home_02,4,NORMAL,TN,0.000224,0.43,0.429776,0.0,0.3833,0.0,0.3394,0.6248,0.270455,0.002991,0.270576,0.044434,90.3892,27,0.998454,0.001157
Le2i_Home_02_video (58)_w009,Le2i_Home_02_video (58),Home_02,4,NORMAL,TN,0.000652,0.43,0.429348,0.0,0.3923,0.0,0.3479,0.6085,0.310664,-0.000836,0.408638,0.047728,0.0,29,0.997327,0.001368
Le2i_Home_02_video (58)_w010,Le2i_Home_02_video (58),Home_02,4,NORMAL,TN,0.004366,0.43,0.425634,0.0,0.4362,0.0,0.4085,0.5418,0.310664,-0.014527,0.408638,0.075272,0.0,33,0.997797,0.001573
Le2i_Home_02_video (58)_w011,Le2i_Home_02_video (58),Home_02,4,NORMAL,TN,0.001422,0.43,0.428578,0.0,0.4766,0.0,0.477,0.4861,0.223557,-0.010449,0.36659,0.070469,0.0,31,0.995092,0.00389
Le2i_Home_02_video (59)_w000,Le2i_Home_02_video (59),Home_02,4,NORMAL,TN,0.183512,0.43,0.246488,0.0,0.4527,0.0,0.4188,0.5073,0.501405,-0.011562,0.799612,0.108716,0.0,35,0.995089,0.002478
Le2i_Home_02_video (59)_w001,Le2i_Home_02_video (59),Home_02,4,NORMAL,FP,0.455269,0.43,0.025269,0.455269,0.4508,0.0,0.4121,0.5103,0.819387,0.017564,0.904677,0.134574,46.6496,36,0.996994,0.002609
Le2i_Home_02_video (59)_w002,Le2i_Home_02_video (59),Home_02,4,NORMAL,TN,0.068763,0.43,0.361237,0.0,0.4759,0.0,0.4679,0.4927,0.819387,0.024504,0.904677,0.061308,33.4382,25,0.997262,0.001555
Le2i_Home_02_video (59)_w003,Le2i_Home_02_video (59),Home_02,4,NORMAL,TN,0.006955,0.43,0.423045,0.0,0.4673,0.0,0.4448,0.5055,0.273833,-0.003527,0.432634,0.042002,0.0,25,0.996508,0.001275
Le2i_Home_02_video (59)_w004,Le2i_Home_02_video (59),Home_02,4,NORMAL,TN,0.008487,0.43,0.421513,0.0,0.4391,0.0,0.4055,0.54,0.447171,-0.010107,0.912467,0.063473,0.0,30,0.998105,0.001605
Le2i_Home_02_video (59)_w005,Le2i_Home_02_video (59),Home_02,4,NORMAL,TN,2.7e-05,0.43,0.429973,0.0,0.3512,0.0,0.2533,0.6188,6.481337,-0.051014,11.766137,0.603271,0.0,36,0.846642,0.269296
Le2i_Home_02_video (59)_w006,Le2i_Home_02_video (59),Home_02,4,NORMAL,TN,3e-06,0.43,0.429997,0.0,0.3036,0.0,0.1867,0.6673,6.481337,0.000336,11.766137,0.753517,19236.6278,43,0.811347,0.262458
Le2i_Home_02_video (60)_w000,Le2i_Home_02_video (60),Home_02,4,NORMAL,TN,0.002227,0.43,0.427773,0.0,0.3871,0.0,0.3479,0.5964,0.310552,-0.005047,0.6595,0.064024,0.0,15,0.999732,0.000884
Le2i_Home_02_video (60)_w001,Le2i_Home_02_video (60),Home_02,4,NORMAL,TN,1.9e-05,0.43,0.429981,0.0,0.3524,0.0,0.2909,0.6333,6.953689,0.000122,11.540147,0.50478,56628.08,33,0.96567,0.140204
Le2i_Home_02_video (60)_w002,Le2i_Home_02_video (60),Home_02,4,NORMAL,TN,7e-06,0.43,0.429993,0.0,0.3643,0.0,0.2915,0.6158,6.953689,0.011776,11.540147,0.536158,590.4549,44,0.965087,0.140067
Le2i_Home_02_video (60)_w003,Le2i_Home_02_video (60),Home_02,4,NORMAL,TN,1.6e-05,0.43,0.429984,0.0,0.4305,0.0,0.3752,0.5352,0.545173,0.011411,1.052546,0.114117,47.7718,32,0.998819,0.00133
Le2i_Home_02_video (60)_w004,Le2i_Home_02_video (60),Home_02,4,NORMAL,TN,7e-06,0.43,0.429993,0.0,0.4456,0.0,0.4055,0.5206,0.930292,0.003924,0.932357,0.085519,237.0191,30,0.99917,0.000767
Le2i_Home_02_video (60)_w005,Le2i_Home_02_video (60),Home_02,4,NORMAL,TN,1.4e-05,0.43,0.429986,0.0,0.4161,0.0,0.3715,0.5612,0.930292,0.003431,0.932357,0.070118,271.0588,34,0.999229,0.000717
Le2i_Home_02_video (60)_w006,Le2i_Home_02_video (60),Home_02,4,NORMAL,TN,0.000212,0.43,0.429788,0.0,0.3893,0.0,0.3358,0.6006,0.306691,0.000294,0.482088,0.05081,1039.5226,27,0.9985,0.001184
Le2i_Home_02_video (60)_w007,Le2i_Home_02_video (60),Home_02,4,NORMAL,TN,0.003549,0.43,0.426451,0.0,0.4216,0.0,0.3867,0.5648,0.278356,-0.021106,0.482088,0.064394,0.0,25,0.99649,0.002293
Le2i_Home_02_video (60)_w008,Le2i_Home_02_video (60),Home_02,4,NORMAL,TN,0.000855,0.43,0.429145,0.0,0.4692,0.0,0.4642,0.497,0.275141,-0.012702,0.414131,0.078614,0.0,33,0.991583,0.007128
Le2i_Home_02_video (60)_w009,Le2i_Home_02_video (60),Home_02,4,NORMAL,TN,0.000962,0.43,0.429038,0.0,0.474,0.0,0.4788,0.4848,0.275141,0.008324,0.356162,0.058585,33.0486,33,0.990857,0.007179
Le2i_Home_02_video (60)_w010,Le2i_Home_02_video (60),Home_02,4,NORMAL,TN,4.9e-05,0.43,0.429951,0.0,0.4743,0.0,0.4818,0.4848,0.20818,-0.001413,0.217607,0.042757,0.0,27,0.995766,0.003586
