window_id,event_id,video_path,location,fold,ground_truth_label,ground_truth_int,predicted_prob,threshold_used,predicted_class,is_correct,error_type,confidence_margin,error_confidence,mean_keypoint_vis,max_vert_vel,min_vert_vel
Le2i_Coffee_room_01_video (1)_w000,Le2i_Coffee_room_01_video (1),D:\ONE_DATA\Fall detection\Le2i\data\Coffee_room_01\Coffee_room_01\Videos\video (1).avi,Coffee_room_01,1,NORMAL,0,3e-06,0.47,0,True,TN,0.469997,0.0,0.3221,2.735759,-4.289182
Le2i_Coffee_room_01_video (1)_w001,Le2i_Coffee_room_01_video (1),D:\ONE_DATA\Fall detection\Le2i\data\Coffee_room_01\Coffee_room_01\Videos\video (1).avi,Coffee_room_01,1,FALL,1,0.918785,0.47,1,True,TP,0.448785,0.0,0.4294,0.932295,-0.747862
Le2i_Coffee_room_01_video (1)_w002,Le2i_Coffee_room_01_video (1),D:\ONE_DATA\Fall detection\Le2i\data\Coffee_room_01\Coffee_room_01\Videos\video (1).avi,Coffee_room_01,1,FALL,1,0.880061,0.47,1,True,TP,0.410061,0.0,0.4287,0.932295,-0.747862
Le2i_Coffee_room_01_video (1)_w003,Le2i_Coffee_room_01_video (1),D:\ONE_DATA\Fall detection\Le2i\data\Coffee_room_01\Coffee_room_01\Videos\video (1).avi,Coffee_room_01,1,NORMAL,0,0.860922,0.47,1,False,FP,0.390922,0.860922,0.4287,0.247895,-0.215055
Le2i_Coffee_room_01_video (1)_w004,Le2i_Coffee_room_01_video (1),D:\ONE_DATA\Fall detection\Le2i\data\Coffee_room_01\Coffee_room_01\Videos\video (1).avi,Coffee_room_01,1,FALL,1,0.863739,0.47,1,True,TP,0.393739,0.0,0.4296,0.337299,-0.190502
Le2i_Coffee_room_01_video (10)_w000,Le2i_Coffee_room_01_video (10),D:\ONE_DATA\Fall detection\Le2i\data\Coffee_room_01\Coffee_room_01\Videos\video (10).avi,Coffee_room_01,1,NORMAL,0,0.0,0.47,0,True,TN,0.47,0.0,0.3667,0.880831,-0.852109
Le2i_Coffee_room_01_video (10)_w001,Le2i_Coffee_room_01_video (10),D:\ONE_DATA\Fall detection\Le2i\data\Coffee_room_01\Coffee_room_01\Videos\video (10).avi,Coffee_room_01,1,NORMAL,0,0.0,0.47,0,True,TN,0.47,0.0,0.4071,0.741658,-0.852109
Le2i_Coffee_room_01_video (10)_w002,Le2i_Coffee_room_01_video (10),D:\ONE_DATA\Fall detection\Le2i\data\Coffee_room_01\Coffee_room_01\Videos\video (10).avi,Coffee_room_01,1,NORMAL,0,1e-06,0.47,0,True,TN,0.469999,0.0,0.3899,0.143014,-0.203282
Le2i_Coffee_room_01_video (10)_w003,Le2i_Coffee_room_01_video (10),D:\ONE_DATA\Fall detection\Le2i\data\Coffee_room_01\Coffee_room_01\Videos\video (10).avi,Coffee_room_01,1,NORMAL,0,0.0,0.47,0,True,TN,0.47,0.0,0.361,0.295971,-0.292542
Le2i_Coffee_room_01_video (10)_w004,Le2i_Coffee_room_01_video (10),D:\ONE_DATA\Fall detection\Le2i\data\Coffee_room_01\Coffee_room_01\Videos\video (10).avi,Coffee_room_01,1,NORMAL,0,0.0,0.47,0,True,TN,0.47,0.0,0.3521,0.295971,-0.293048
Le2i_Coffee_room_01_video (10)_w005,Le2i_Coffee_room_01_video (10),D:\ONE_DATA\Fall detection\Le2i\data\Coffee_room_01\Coffee_room_01\Videos\video (10).avi,Coffee_room_01,1,NORMAL,0,0.0,0.47,0,True,TN,0.47,0.0,0.4238,0.272537,-0.293048
Le2i_Coffee_room_01_video (10)_w006,Le2i_Coffee_room_01_video (10),D:\ONE_DATA\Fall detection\Le2i\data\Coffee_room_01\Coffee_room_01\Videos\video (10).avi,Coffee_room_01,1,NORMAL,0,3e-06,0.47,0,True,TN,0.469997,0.0,0.4571,0.135154,-0.122865
Le2i_Coffee_room_01_video (10)_w007,Le2i_Coffee_room_01_video (10),D:\ONE_DATA\Fall detection\Le2i\data\Coffee_room_01\Coffee_room_01\Videos\video (10).avi,Coffee_room_01,1,FALL,1,0.936133,0.47,1,True,TP,0.466133,0.0,0.4528,4.146084,-2.713757
Le2i_Coffee_room_01_video (10)_w008,Le2i_Coffee_room_01_video (10),D:\ONE_DATA\Fall detection\Le2i\data\Coffee_room_01\Coffee_room_01\Videos\video (10).avi,Coffee_room_01,1,FALL,1,0.982763,0.47,1,True,TP,0.512763,0.0,0.4498,4.146084,-2.713757
Le2i_Coffee_room_01_video (10)_w009,Le2i_Coffee_room_01_video (10),D:\ONE_DATA\Fall detection\Le2i\data\Coffee_room_01\Coffee_room_01\Videos\video (10).avi,Coffee_room_01,1,FALL,1,0.959329,0.47,1,True,TP,0.489329,0.0,0.4358,3.900338,-2.495566
Le2i_Coffee_room_01_video (10)_w010,Le2i_Coffee_room_01_video (10),D:\ONE_DATA\Fall detection\Le2i\data\Coffee_room_01\Coffee_room_01\Videos\video (10).avi,Coffee_room_01,1,FALL,1,0.874141,0.47,1,True,TP,0.404141,0.0,0.4373,0.153924,-0.240861
Le2i_Coffee_room_01_video (10)_w011,Le2i_Coffee_room_01_video (10),D:\ONE_DATA\Fall detection\Le2i\data\Coffee_room_01\Coffee_room_01\Videos\video (10).avi,Coffee_room_01,1,FALL,1,0.87334,0.47,1,True,TP,0.40334,0.0,0.4361,0.142005,-0.234252
Le2i_Coffee_room_01_video (10)_w012,Le2i_Coffee_room_01_video (10),D:\ONE_DATA\Fall detection\Le2i\data\Coffee_room_01\Coffee_room_01\Videos\video (10).avi,Coffee_room_01,1,FALL,1,0.873411,0.47,1,True,TP,0.403411,0.0,0.4372,0.142005,-0.131959
Le2i_Coffee_room_01_video (11)_w000,Le2i_Coffee_room_01_video (11),D:\ONE_DATA\Fall detection\Le2i\data\Coffee_room_01\Coffee_room_01\Videos\video (11).avi,Coffee_room_01,1,NORMAL,0,0.000896,0.47,0,True,TN,0.469104,0.0,0.2479,0.368554,-0.649786
Le2i_Coffee_room_01_video (11)_w001,Le2i_Coffee_room_01_video (11),D:\ONE_DATA\Fall detection\Le2i\data\Coffee_room_01\Coffee_room_01\Videos\video (11).avi,Coffee_room_01,1,NORMAL,0,9e-05,0.47,0,True,TN,0.46991,0.0,0.2964,0.580218,-0.237559
Le2i_Coffee_room_01_video (11)_w002,Le2i_Coffee_room_01_video (11),D:\ONE_DATA\Fall detection\Le2i\data\Coffee_room_01\Coffee_room_01\Videos\video (11).avi,Coffee_room_01,1,NORMAL,0,5e-06,0.47,0,True,TN,0.469995,0.0,0.3749,0.580218,-0.082535
Le2i_Coffee_room_01_video (11)_w003,Le2i_Coffee_room_01_video (11),D:\ONE_DATA\Fall detection\Le2i\data\Coffee_room_01\Coffee_room_01\Videos\video (11).avi,Coffee_room_01,1,NORMAL,0,1e-06,0.47,0,True,TN,0.469999,0.0,0.4081,0.1352,-0.138151
Le2i_Coffee_room_01_video (11)_w004,Le2i_Coffee_room_01_video (11),D:\ONE_DATA\Fall detection\Le2i\data\Coffee_room_01\Coffee_room_01\Videos\video (11).avi,Coffee_room_01,1,NORMAL,0,0.0,0.47,0,True,TN,0.47,0.0,0.4098,0.144147,-0.143604
Le2i_Coffee_room_01_video (11)_w005,Le2i_Coffee_room_01_video (11),D:\ONE_DATA\Fall detection\Le2i\data\Coffee_room_01\Coffee_room_01\Videos\video (11).avi,Coffee_room_01,1,NORMAL,0,0.0,0.47,0,True,TN,0.47,0.0,0.4119,0.144147,-0.143604
Le2i_Coffee_room_01_video (11)_w006,Le2i_Coffee_room_01_video (11),D:\ONE_DATA\Fall detection\Le2i\data\Coffee_room_01\Coffee_room_01\Videos\video (11).avi,Coffee_room_01,1,NORMAL,0,1e-06,0.47,0,True,TN,0.469999,0.0,0.4323,0.112901,-0.131801
Le2i_Coffee_room_01_video (11)_w007,Le2i_Coffee_room_01_video (11),D:\ONE_DATA\Fall detection\Le2i\data\Coffee_room_01\Coffee_room_01\Videos\video (11).avi,Coffee_room_01,1,NORMAL,0,1.8e-05,0.47,0,True,TN,0.469982,0.0,0.4675,0.198058,-0.126334
Le2i_Coffee_room_01_video (11)_w008,Le2i_Coffee_room_01_video (11),D:\ONE_DATA\Fall detection\Le2i\data\Coffee_room_01\Coffee_room_01\Videos\video (11).avi,Coffee_room_01,1,NORMAL,0,0.0,0.47,0,True,TN,0.47,0.0,0.4907,0.229289,-0.196956
Le2i_Coffee_room_01_video (11)_w009,Le2i_Coffee_room_01_video (11),D:\ONE_DATA\Fall detection\Le2i\data\Coffee_room_01\Coffee_room_01\Videos\video (11).avi,Coffee_room_01,1,NORMAL,0,0.0,0.47,0,True,TN,0.47,0.0,0.4586,0.229289,-0.196956
Le2i_Coffee_room_01_video (11)_w010,Le2i_Coffee_room_01_video (11),D:\ONE_DATA\Fall detection\Le2i\data\Coffee_room_01\Coffee_room_01\Videos\video (11).avi,Coffee_room_01,1,NORMAL,0,1e-06,0.47,0,True,TN,0.469999,0.0,0.3834,0.389521,-0.178458
Le2i_Coffee_room_01_video (11)_w011,Le2i_Coffee_room_01_video (11),D:\ONE_DATA\Fall detection\Le2i\data\Coffee_room_01\Coffee_room_01\Videos\video (11).avi,Coffee_room_01,1,NORMAL,0,2e-05,0.47,0,True,TN,0.46998,0.0,0.3754,0.389521,-0.141975
Le2i_Coffee_room_01_video (11)_w012,Le2i_Coffee_room_01_video (11),D:\ONE_DATA\Fall detection\Le2i\data\Coffee_room_01\Coffee_room_01\Videos\video (11).avi,Coffee_room_01,1,NORMAL,0,6.3e-05,0.47,0,True,TN,0.469937,0.0,0.4064,0.180767,-0.160926
Le2i_Coffee_room_01_video (11)_w013,Le2i_Coffee_room_01_video (11),D:\ONE_DATA\Fall detection\Le2i\data\Coffee_room_01\Coffee_room_01\Videos\video (11).avi,Coffee_room_01,1,NORMAL,0,7e-06,0.47,0,True,TN,0.469993,0.0,0.4148,0.190366,-0.160926
Le2i_Coffee_room_01_video (11)_w014,Le2i_Coffee_room_01_video (11),D:\ONE_DATA\Fall detection\Le2i\data\Coffee_room_01\Coffee_room_01\Videos\video (11).avi,Coffee_room_01,1,FALL,1,0.928707,0.47,1,True,TP,0.458707,0.0,0.4294,0.359553,-0.845638
Le2i_Coffee_room_01_video (11)_w015,Le2i_Coffee_room_01_video (11),D:\ONE_DATA\Fall detection\Le2i\data\Coffee_room_01\Coffee_room_01\Videos\video (11).avi,Coffee_room_01,1,FALL,1,0.882977,0.47,1,True,TP,0.412977,0.0,0.427,0.359553,-0.845638
Le2i_Coffee_room_01_video (11)_w016,Le2i_Coffee_room_01_video (11),D:\ONE_DATA\Fall detection\Le2i\data\Coffee_room_01\Coffee_room_01\Videos\video (11).avi,Coffee_room_01,1,NORMAL,0,0.864196,0.47,1,False,FP,0.394196,0.864196,0.42,0.174135,-0.204943
Le2i_Coffee_room_01_video (11)_w017,Le2i_Coffee_room_01_video (11),D:\ONE_DATA\Fall detection\Le2i\data\Coffee_room_01\Coffee_room_01\Videos\video (11).avi,Coffee_room_01,1,FALL,1,0.862436,0.47,1,True,TP,0.392436,0.0,0.419,0.127123,-0.204943
Le2i_Coffee_room_01_video (12)_w000,Le2i_Coffee_room_01_video (12),D:\ONE_DATA\Fall detection\Le2i\data\Coffee_room_01\Coffee_room_01\Videos\video (12).avi,Coffee_room_01,1,NORMAL,0,0.150105,0.47,0,True,TN,0.319895,0.0,0.4654,1.686004,-1.892397
Le2i_Coffee_room_01_video (12)_w001,Le2i_Coffee_room_01_video (12),D:\ONE_DATA\Fall detection\Le2i\data\Coffee_room_01\Coffee_room_01\Videos\video (12).avi,Coffee_room_01,1,FALL,1,0.996731,0.47,1,True,TP,0.526731,0.0,0.4217,13.269938,-23.711267
Le2i_Coffee_room_01_video (12)_w002,Le2i_Coffee_room_01_video (12),D:\ONE_DATA\Fall detection\Le2i\data\Coffee_room_01\Coffee_room_01\Videos\video (12).avi,Coffee_room_01,1,FALL,1,0.995461,0.47,1,True,TP,0.525461,0.0,0.382,13.269938,-23.711267
Le2i_Coffee_room_01_video (12)_w003,Le2i_Coffee_room_01_video (12),D:\ONE_DATA\Fall detection\Le2i\data\Coffee_room_01\Coffee_room_01\Videos\video (12).avi,Coffee_room_01,1,FALL,1,0.855428,0.47,1,True,TP,0.385428,0.0,0.3799,0.943837,-1.205007
Le2i_Coffee_room_01_video (12)_w004,Le2i_Coffee_room_01_video (12),D:\ONE_DATA\Fall detection\Le2i\data\Coffee_room_01\Coffee_room_01\Videos\video (12).avi,Coffee_room_01,1,FALL,1,0.798898,0.47,1,True,TP,0.328898,0.0,0.3814,0.131625,-0.144806
Le2i_Coffee_room_01_video (12)_w005,Le2i_Coffee_room_01_video (12),D:\ONE_DATA\Fall detection\Le2i\data\Coffee_room_01\Coffee_room_01\Videos\video (12).avi,Coffee_room_01,1,FALL,1,0.803681,0.47,1,True,TP,0.333681,0.0,0.3796,0.203522,-0.298035
Le2i_Coffee_room_01_video (13)_w000,Le2i_Coffee_room_01_video (13),D:\ONE_DATA\Fall detection\Le2i\data\Coffee_room_01\Coffee_room_01\Videos\video (13).avi,Coffee_room_01,1,NORMAL,0,7.3e-05,0.47,0,True,TN,0.469927,0.0,0.4852,0.40537,-0.238976
Le2i_Coffee_room_01_video (13)_w001,Le2i_Coffee_room_01_video (13),D:\ONE_DATA\Fall detection\Le2i\data\Coffee_room_01\Coffee_room_01\Videos\video (13).avi,Coffee_room_01,1,NORMAL,0,0.000178,0.47,0,True,TN,0.469822,0.0,0.4878,0.40537,-0.180238
Le2i_Coffee_room_01_video (13)_w002,Le2i_Coffee_room_01_video (13),D:\ONE_DATA\Fall detection\Le2i\data\Coffee_room_01\Coffee_room_01\Videos\video (13).avi,Coffee_room_01,1,NORMAL,0,0.001691,0.47,0,True,TN,0.468309,0.0,0.4804,0.981959,-1.014219
Le2i_Coffee_room_01_video (13)_w003,Le2i_Coffee_room_01_video (13),D:\ONE_DATA\Fall detection\Le2i\data\Coffee_room_01\Coffee_room_01\Videos\video (13).avi,Coffee_room_01,1,FALL,1,1.0,0.47,1,True,TP,0.53,0.0,0.2847,41.570381,-51.013996
Le2i_Coffee_room_01_video (13)_w004,Le2i_Coffee_room_01_video (13),D:\ONE_DATA\Fall detection\Le2i\data\Coffee_room_01\Coffee_room_01\Videos\video (13).avi,Coffee_room_01,1,FALL,1,0.929306,0.47,1,True,TP,0.459306,0.0,0.0512,41.570381,-51.013996
Le2i_Coffee_room_01_video (13)_w005,Le2i_Coffee_room_01_video (13),D:\ONE_DATA\Fall detection\Le2i\data\Coffee_room_01\Coffee_room_01\Videos\video (13).avi,Coffee_room_01,1,FALL,1,0.0,0.47,0,False,FN,0.47,1.0,0.0016,31.571028,-21.059128
Le2i_Coffee_room_01_video (13)_w006,Le2i_Coffee_room_01_video (13),D:\ONE_DATA\Fall detection\Le2i\data\Coffee_room_01\Coffee_room_01\Videos\video (13).avi,Coffee_room_01,1,FALL,1,1.0,0.47,1,True,TP,0.53,0.0,0.0005,23.551918,-23.551918
Le2i_Coffee_room_01_video (13)_w007,Le2i_Coffee_room_01_video (13),D:\ONE_DATA\Fall detection\Le2i\data\Coffee_room_01\Coffee_room_01\Videos\video (13).avi,Coffee_room_01,1,FALL,1,0.998568,0.47,1,True,TP,0.528568,0.0,0.0009,50.012196,-71.667122
Le2i_Coffee_room_01_video (14)_w000,Le2i_Coffee_room_01_video (14),D:\ONE_DATA\Fall detection\Le2i\data\Coffee_room_01\Coffee_room_01\Videos\video (14).avi,Coffee_room_01,1,NORMAL,0,0.000383,0.47,0,True,TN,0.469617,0.0,0.3323,0.277387,-0.167223
Le2i_Coffee_room_01_video (14)_w001,Le2i_Coffee_room_01_video (14),D:\ONE_DATA\Fall detection\Le2i\data\Coffee_room_01\Coffee_room_01\Videos\video (14).avi,Coffee_room_01,1,FALL,1,0.912804,0.47,1,True,TP,0.442804,0.0,0.3681,1.95161,-1.602927
Le2i_Coffee_room_01_video (14)_w002,Le2i_Coffee_room_01_video (14),D:\ONE_DATA\Fall detection\Le2i\data\Coffee_room_01\Coffee_room_01\Videos\video (14).avi,Coffee_room_01,1,FALL,1,0.9013,0.47,1,True,TP,0.4313,0.0,0.3588,2.207026,-1.602927
Le2i_Coffee_room_01_video (14)_w003,Le2i_Coffee_room_01_video (14),D:\ONE_DATA\Fall detection\Le2i\data\Coffee_room_01\Coffee_room_01\Videos\video (14).avi,Coffee_room_01,1,NORMAL,0,0.876979,0.47,1,False,FP,0.406979,0.876979,0.3449,2.207026,-1.468165
Le2i_Coffee_room_01_video (14)_w004,Le2i_Coffee_room_01_video (14),D:\ONE_DATA\Fall detection\Le2i\data\Coffee_room_01\Coffee_room_01\Videos\video (14).avi,Coffee_room_01,1,FALL,1,0.86161,0.47,1,True,TP,0.39161,0.0,0.3424,1.452577,-1.425037
Le2i_Coffee_room_01_video (14)_w005,Le2i_Coffee_room_01_video (14),D:\ONE_DATA\Fall detection\Le2i\data\Coffee_room_01\Coffee_room_01\Videos\video (14).avi,Coffee_room_01,1,FALL,1,0.866169,0.47,1,True,TP,0.396169,0.0,0.3448,1.448746,-1.425037
Le2i_Coffee_room_01_video (15)_w000,Le2i_Coffee_room_01_video (15),D:\ONE_DATA\Fall detection\Le2i\data\Coffee_room_01\Coffee_room_01\Videos\video (15).avi,Coffee_room_01,1,NORMAL,0,0.000595,0.47,0,True,TN,0.469405,0.0,0.2945,0.288936,-0.22684
Le2i_Coffee_room_01_video (15)_w001,Le2i_Coffee_room_01_video (15),D:\ONE_DATA\Fall detection\Le2i\data\Coffee_room_01\Coffee_room_01\Videos\video (15).avi,Coffee_room_01,1,FALL,1,0.955241,0.47,1,True,TP,0.485241,0.0,0.3457,1.715668,-1.856642
Le2i_Coffee_room_01_video (15)_w002,Le2i_Coffee_room_01_video (15),D:\ONE_DATA\Fall detection\Le2i\data\Coffee_room_01\Coffee_room_01\Videos\video (15).avi,Coffee_room_01,1,FALL,1,0.922586,0.47,1,True,TP,0.452586,0.0,0.3568,1.715668,-1.856642
Le2i_Coffee_room_01_video (15)_w003,Le2i_Coffee_room_01_video (15),D:\ONE_DATA\Fall detection\Le2i\data\Coffee_room_01\Coffee_room_01\Videos\video (15).avi,Coffee_room_01,1,FALL,1,0.872014,0.47,1,True,TP,0.402014,0.0,0.3536,0.785322,-0.570533
Le2i_Coffee_room_01_video (16)_w000,Le2i_Coffee_room_01_video (16),D:\ONE_DATA\Fall detection\Le2i\data\Coffee_room_01\Coffee_room_01\Videos\video (16).avi,Coffee_room_01,1,NORMAL,0,0.0,0.47,0,True,TN,0.47,0.0,0.4349,0.346046,-0.332925
Le2i_Coffee_room_01_video (16)_w001,Le2i_Coffee_room_01_video (16),D:\ONE_DATA\Fall detection\Le2i\data\Coffee_room_01\Coffee_room_01\Videos\video (16).avi,Coffee_room_01,1,FALL,1,0.934005,0.47,1,True,TP,0.464005,0.0,0.4028,0.362458,-0.530757
Le2i_Coffee_room_01_video (16)_w002,Le2i_Coffee_room_01_video (16),D:\ONE_DATA\Fall detection\Le2i\data\Coffee_room_01\Coffee_room_01\Videos\video (16).avi,Coffee_room_01,1,FALL,1,0.899483,0.47,1,True,TP,0.429483,0.0,0.3684,0.362458,-0.530757
Le2i_Coffee_room_01_video (16)_w003,Le2i_Coffee_room_01_video (16),D:\ONE_DATA\Fall detection\Le2i\data\Coffee_room_01\Coffee_room_01\Videos\video (16).avi,Coffee_room_01,1,FALL,1,0.892441,0.47,1,True,TP,0.422441,0.0,0.3645,0.351974,-0.327891
Le2i_Coffee_room_01_video (16)_w004,Le2i_Coffee_room_01_video (16),D:\ONE_DATA\Fall detection\Le2i\data\Coffee_room_01\Coffee_room_01\Videos\video (16).avi,Coffee_room_01,1,FALL,1,0.892724,0.47,1,True,TP,0.422724,0.0,0.3664,0.312387,-0.326241
Le2i_Coffee_room_01_video (16)_w005,Le2i_Coffee_room_01_video (16),D:\ONE_DATA\Fall detection\Le2i\data\Coffee_room_01\Coffee_room_01\Videos\video (16).avi,Coffee_room_01,1,FALL,1,0.882825,0.47,1,True,TP,0.412825,0.0,0.3687,0.312387,-0.326241
Le2i_Coffee_room_01_video (17)_w000,Le2i_Coffee_room_01_video (17),D:\ONE_DATA\Fall detection\Le2i\data\Coffee_room_01\Coffee_room_01\Videos\video (17).avi,Coffee_room_01,1,FALL,1,0.963001,0.47,1,True,TP,0.493001,0.0,0.472,2.002782,-2.283394
Le2i_Coffee_room_01_video (17)_w001,Le2i_Coffee_room_01_video (17),D:\ONE_DATA\Fall detection\Le2i\data\Coffee_room_01\Coffee_room_01\Videos\video (17).avi,Coffee_room_01,1,FALL,1,0.940869,0.47,1,True,TP,0.470869,0.0,0.4642,2.002782,-2.283394
Le2i_Coffee_room_01_video (17)_w002,Le2i_Coffee_room_01_video (17),D:\ONE_DATA\Fall detection\Le2i\data\Coffee_room_01\Coffee_room_01\Videos\video (17).avi,Coffee_room_01,1,NORMAL,0,0.850933,0.47,1,False,FP,0.380933,0.850933,0.4659,0.9049,-0.603158
Le2i_Coffee_room_01_video (17)_w003,Le2i_Coffee_room_01_video (17),D:\ONE_DATA\Fall detection\Le2i\data\Coffee_room_01\Coffee_room_01\Videos\video (17).avi,Coffee_room_01,1,FALL,1,0.823777,0.47,1,True,TP,0.353777,0.0,0.4661,0.200058,-0.156132
Le2i_Coffee_room_01_video (17)_w004,Le2i_Coffee_room_01_video (17),D:\ONE_DATA\Fall detection\Le2i\data\Coffee_room_01\Coffee_room_01\Videos\video (17).avi,Coffee_room_01,1,FALL,1,0.825865,0.47,1,True,TP,0.355865,0.0,0.4662,0.089596,-0.156132
Le2i_Coffee_room_01_video (18)_w000,Le2i_Coffee_room_01_video (18),D:\ONE_DATA\Fall detection\Le2i\data\Coffee_room_01\Coffee_room_01\Videos\video (18).avi,Coffee_room_01,1,NORMAL,0,0.0,0.47,0,True,TN,0.47,0.0,0.3927,0.118871,-0.111259
Le2i_Coffee_room_01_video (18)_w001,Le2i_Coffee_room_01_video (18),D:\ONE_DATA\Fall detection\Le2i\data\Coffee_room_01\Coffee_room_01\Videos\video (18).avi,Coffee_room_01,1,NORMAL,0,0.0,0.47,0,True,TN,0.47,0.0,0.4431,0.118871,-0.111259
Le2i_Coffee_room_01_video (18)_w002,Le2i_Coffee_room_01_video (18),D:\ONE_DATA\Fall detection\Le2i\data\Coffee_room_01\Coffee_room_01\Videos\video (18).avi,Coffee_room_01,1,NORMAL,0,4e-06,0.47,0,True,TN,0.469996,0.0,0.4582,0.072656,-0.101678
Le2i_Coffee_room_01_video (18)_w003,Le2i_Coffee_room_01_video (18),D:\ONE_DATA\Fall detection\Le2i\data\Coffee_room_01\Coffee_room_01\Videos\video (18).avi,Coffee_room_01,1,NORMAL,0,7e-06,0.47,0,True,TN,0.469993,0.0,0.4257,0.162536,-0.105698
Le2i_Coffee_room_01_video (18)_w004,Le2i_Coffee_room_01_video (18),D:\ONE_DATA\Fall detection\Le2i\data\Coffee_room_01\Coffee_room_01\Videos\video (18).avi,Coffee_room_01,1,NORMAL,0,4e-06,0.47,0,True,TN,0.469996,0.0,0.4224,0.162536,-0.153653
Le2i_Coffee_room_01_video (18)_w005,Le2i_Coffee_room_01_video (18),D:\ONE_DATA\Fall detection\Le2i\data\Coffee_room_01\Coffee_room_01\Videos\video (18).avi,Coffee_room_01,1,FALL,1,0.924933,0.47,1,True,TP,0.454933,0.0,0.4522,1.114501,-0.70187
Le2i_Coffee_room_01_video (18)_w006,Le2i_Coffee_room_01_video (18),D:\ONE_DATA\Fall detection\Le2i\data\Coffee_room_01\Coffee_room_01\Videos\video (18).avi,Coffee_room_01,1,FALL,1,0.920334,0.47,1,True,TP,0.450334,0.0,0.4572,1.114501,-0.70187
Le2i_Coffee_room_01_video (18)_w007,Le2i_Coffee_room_01_video (18),D:\ONE_DATA\Fall detection\Le2i\data\Coffee_room_01\Coffee_room_01\Videos\video (18).avi,Coffee_room_01,1,NORMAL,0,0.898148,0.47,1,False,FP,0.428148,0.898148,0.4528,0.55568,-0.33229
Le2i_Coffee_room_01_video (18)_w008,Le2i_Coffee_room_01_video (18),D:\ONE_DATA\Fall detection\Le2i\data\Coffee_room_01\Coffee_room_01\Videos\video (18).avi,Coffee_room_01,1,FALL,1,0.843819,0.47,1,True,TP,0.373819,0.0,0.4576,0.088256,-0.082272
Le2i_Coffee_room_01_video (19)_w000,Le2i_Coffee_room_01_video (19),D:\ONE_DATA\Fall detection\Le2i\data\Coffee_room_01\Coffee_room_01\Videos\video (19).avi,Coffee_room_01,1,NORMAL,0,1.2e-05,0.47,0,True,TN,0.469988,0.0,0.4818,0.065122,-0.059637
Le2i_Coffee_room_01_video (19)_w001,Le2i_Coffee_room_01_video (19),D:\ONE_DATA\Fall detection\Le2i\data\Coffee_room_01\Coffee_room_01\Videos\video (19).avi,Coffee_room_01,1,NORMAL,0,3e-05,0.47,0,True,TN,0.46997,0.0,0.4734,0.084284,-0.072075
Le2i_Coffee_room_01_video (19)_w002,Le2i_Coffee_room_01_video (19),D:\ONE_DATA\Fall detection\Le2i\data\Coffee_room_01\Coffee_room_01\Videos\video (19).avi,Coffee_room_01,1,FALL,1,0.000256,0.47,0,False,FN,0.469744,0.999744,0.4371,0.830387,-1.121509
Le2i_Coffee_room_01_video (19)_w003,Le2i_Coffee_room_01_video (19),D:\ONE_DATA\Fall detection\Le2i\data\Coffee_room_01\Coffee_room_01\Videos\video (19).avi,Coffee_room_01,1,FALL,1,0.999873,0.47,1,True,TP,0.529873,0.0,0.3923,8.155409,-14.828856
Le2i_Coffee_room_01_video (19)_w004,Le2i_Coffee_room_01_video (19),D:\ONE_DATA\Fall detection\Le2i\data\Coffee_room_01\Coffee_room_01\Videos\video (19).avi,Coffee_room_01,1,FALL,1,0.999626,0.47,1,True,TP,0.529626,0.0,0.4116,8.155409,-14.828856
Le2i_Coffee_room_01_video (19)_w005,Le2i_Coffee_room_01_video (19),D:\ONE_DATA\Fall detection\Le2i\data\Coffee_room_01\Coffee_room_01\Videos\video (19).avi,Coffee_room_01,1,NORMAL,0,0.846098,0.47,1,False,FP,0.376098,0.846098,0.4396,0.931408,-0.788245
Le2i_Coffee_room_01_video (19)_w006,Le2i_Coffee_room_01_video (19),D:\ONE_DATA\Fall detection\Le2i\data\Coffee_room_01\Coffee_room_01\Videos\video (19).avi,Coffee_room_01,1,FALL,1,0.846117,0.47,1,True,TP,0.376117,0.0,0.4352,0.266715,-0.366515
Le2i_Coffee_room_01_video (2)_w000,Le2i_Coffee_room_01_video (2),D:\ONE_DATA\Fall detection\Le2i\data\Coffee_room_01\Coffee_room_01\Videos\video (2).avi,Coffee_room_01,1,NORMAL,0,1e-06,0.47,0,True,TN,0.469999,0.0,0.3195,0.175532,-0.139612
Le2i_Coffee_room_01_video (2)_w001,Le2i_Coffee_room_01_video (2),D:\ONE_DATA\Fall detection\Le2i\data\Coffee_room_01\Coffee_room_01\Videos\video (2).avi,Coffee_room_01,1,NORMAL,0,8e-06,0.47,0,True,TN,0.469992,0.0,0.3922,0.109322,-0.115341
Le2i_Coffee_room_01_video (2)_w002,Le2i_Coffee_room_01_video (2),D:\ONE_DATA\Fall detection\Le2i\data\Coffee_room_01\Coffee_room_01\Videos\video (2).avi,Coffee_room_01,1,NORMAL,0,8.9e-05,0.47,0,True,TN,0.469911,0.0,0.4162,0.106,-0.172933
Le2i_Coffee_room_01_video (2)_w003,Le2i_Coffee_room_01_video (2),D:\ONE_DATA\Fall detection\Le2i\data\Coffee_room_01\Coffee_room_01\Videos\video (2).avi,Coffee_room_01,1,NORMAL,0,0.000113,0.47,0,True,TN,0.469887,0.0,0.4054,0.106,-0.172933
Le2i_Coffee_room_01_video (2)_w004,Le2i_Coffee_room_01_video (2),D:\ONE_DATA\Fall detection\Le2i\data\Coffee_room_01\Coffee_room_01\Videos\video (2).avi,Coffee_room_01,1,NORMAL,0,3.6e-05,0.47,0,True,TN,0.469964,0.0,0.4284,0.06946,-0.120674
Le2i_Coffee_room_01_video (2)_w005,Le2i_Coffee_room_01_video (2),D:\ONE_DATA\Fall detection\Le2i\data\Coffee_room_01\Coffee_room_01\Videos\video (2).avi,Coffee_room_01,1,NORMAL,0,3e-05,0.47,0,True,TN,0.46997,0.0,0.4584,0.122117,-0.120674
Le2i_Coffee_room_01_video (2)_w006,Le2i_Coffee_room_01_video (2),D:\ONE_DATA\Fall detection\Le2i\data\Coffee_room_01\Coffee_room_01\Videos\video (2).avi,Coffee_room_01,1,NORMAL,0,0.000668,0.47,0,True,TN,0.469332,0.0,0.4378,0.320798,-0.885294
Le2i_Coffee_room_01_video (2)_w007,Le2i_Coffee_room_01_video (2),D:\ONE_DATA\Fall detection\Le2i\data\Coffee_room_01\Coffee_room_01\Videos\video (2).avi,Coffee_room_01,1,FALL,1,0.829603,0.47,1,True,TP,0.359603,0.0,0.4344,0.853919,-1.193095
Le2i_Coffee_room_01_video (2)_w008,Le2i_Coffee_room_01_video (2),D:\ONE_DATA\Fall detection\Le2i\data\Coffee_room_01\Coffee_room_01\Videos\video (2).avi,Coffee_room_01,1,FALL,1,0.782992,0.47,1,True,TP,0.312992,0.0,0.4473,0.853919,-1.193095
Le2i_Coffee_room_01_video (2)_w009,Le2i_Coffee_room_01_video (2),D:\ONE_DATA\Fall detection\Le2i\data\Coffee_room_01\Coffee_room_01\Videos\video (2).avi,Coffee_room_01,1,FALL,1,0.750629,0.47,1,True,TP,0.280629,0.0,0.4456,0.582927,-0.660071
Le2i_Coffee_room_01_video (2)_w010,Le2i_Coffee_room_01_video (2),D:\ONE_DATA\Fall detection\Le2i\data\Coffee_room_01\Coffee_room_01\Videos\video (2).avi,Coffee_room_01,1,FALL,1,0.76139,0.47,1,True,TP,0.29139,0.0,0.4421,0.155731,-0.439448
Le2i_Coffee_room_01_video (20)_w000,Le2i_Coffee_room_01_video (20),D:\ONE_DATA\Fall detection\Le2i\data\Coffee_room_01\Coffee_room_01\Videos\video (20).avi,Coffee_room_01,1,NORMAL,0,0.0,0.47,0,True,TN,0.47,0.0,0.4066,0.171178,-0.18783
Le2i_Coffee_room_01_video (20)_w001,Le2i_Coffee_room_01_video (20),D:\ONE_DATA\Fall detection\Le2i\data\Coffee_room_01\Coffee_room_01\Videos\video (20).avi,Coffee_room_01,1,NORMAL,0,0.0,0.47,0,True,TN,0.47,0.0,0.4033,0.140544,-0.180565
Le2i_Coffee_room_01_video (20)_w002,Le2i_Coffee_room_01_video (20),D:\ONE_DATA\Fall detection\Le2i\data\Coffee_room_01\Coffee_room_01\Videos\video (20).avi,Coffee_room_01,1,NORMAL,0,0.0,0.47,0,True,TN,0.47,0.0,0.4265,0.140544,-0.180565
Le2i_Coffee_room_01_video (20)_w003,Le2i_Coffee_room_01_video (20),D:\ONE_DATA\Fall detection\Le2i\data\Coffee_room_01\Coffee_room_01\Videos\video (20).avi,Coffee_room_01,1,NORMAL,0,0.0,0.47,0,True,TN,0.47,0.0,0.4526,0.081731,-0.052613
Le2i_Coffee_room_01_video (20)_w004,Le2i_Coffee_room_01_video (20),D:\ONE_DATA\Fall detection\Le2i\data\Coffee_room_01\Coffee_room_01\Videos\video (20).avi,Coffee_room_01,1,NORMAL,0,0.0,0.47,0,True,TN,0.47,0.0,0.4333,0.041774,-0.066815
Le2i_Coffee_room_01_video (20)_w005,Le2i_Coffee_room_01_video (20),D:\ONE_DATA\Fall detection\Le2i\data\Coffee_room_01\Coffee_room_01\Videos\video (20).avi,Coffee_room_01,1,NORMAL,0,0.0,0.47,0,True,TN,0.47,0.0,0.4159,0.041774,-0.066815
Le2i_Coffee_room_01_video (20)_w006,Le2i_Coffee_room_01_video (20),D:\ONE_DATA\Fall detection\Le2i\data\Coffee_room_01\Coffee_room_01\Videos\video (20).avi,Coffee_room_01,1,NORMAL,0,0.0,0.47,0,True,TN,0.47,0.0,0.4117,0.060413,-0.075083
Le2i_Coffee_room_01_video (20)_w007,Le2i_Coffee_room_01_video (20),D:\ONE_DATA\Fall detection\Le2i\data\Coffee_room_01\Coffee_room_01\Videos\video (20).avi,Coffee_room_01,1,NORMAL,0,0.0,0.47,0,True,TN,0.47,0.0,0.4125,0.359541,-0.249009
Le2i_Coffee_room_01_video (20)_w008,Le2i_Coffee_room_01_video (20),D:\ONE_DATA\Fall detection\Le2i\data\Coffee_room_01\Coffee_room_01\Videos\video (20).avi,Coffee_room_01,1,NORMAL,0,0.0,0.47,0,True,TN,0.47,0.0,0.4135,0.359541,-0.249009
Le2i_Coffee_room_01_video (20)_w009,Le2i_Coffee_room_01_video (20),D:\ONE_DATA\Fall detection\Le2i\data\Coffee_room_01\Coffee_room_01\Videos\video (20).avi,Coffee_room_01,1,NORMAL,0,0.0,0.47,0,True,TN,0.47,0.0,0.4074,0.063811,-0.07776
Le2i_Coffee_room_01_video (20)_w010,Le2i_Coffee_room_01_video (20),D:\ONE_DATA\Fall detection\Le2i\data\Coffee_room_01\Coffee_room_01\Videos\video (20).avi,Coffee_room_01,1,NORMAL,0,0.0,0.47,0,True,TN,0.47,0.0,0.4159,0.110285,-0.07776
Le2i_Coffee_room_01_video (20)_w011,Le2i_Coffee_room_01_video (20),D:\ONE_DATA\Fall detection\Le2i\data\Coffee_room_01\Coffee_room_01\Videos\video (20).avi,Coffee_room_01,1,NORMAL,0,0.0,0.47,0,True,TN,0.47,0.0,0.4551,0.110285,-0.092112
Le2i_Coffee_room_01_video (20)_w012,Le2i_Coffee_room_01_video (20),D:\ONE_DATA\Fall detection\Le2i\data\Coffee_room_01\Coffee_room_01\Videos\video (20).avi,Coffee_room_01,1,FALL,1,0.980698,0.47,1,True,TP,0.510698,0.0,0.4677,1.643606,-1.235958
Le2i_Coffee_room_01_video (20)_w013,Le2i_Coffee_room_01_video (20),D:\ONE_DATA\Fall detection\Le2i\data\Coffee_room_01\Coffee_room_01\Videos\video (20).avi,Coffee_room_01,1,FALL,1,0.960255,0.47,1,True,TP,0.490255,0.0,0.4422,1.643606,-1.316115
Le2i_Coffee_room_01_video (20)_w014,Le2i_Coffee_room_01_video (20),D:\ONE_DATA\Fall detection\Le2i\data\Coffee_room_01\Coffee_room_01\Videos\video (20).avi,Coffee_room_01,1,FALL,1,0.941481,0.47,1,True,TP,0.471481,0.0,0.4448,1.18505,-1.316115
Le2i_Coffee_room_01_video (20)_w015,Le2i_Coffee_room_01_video (20),D:\ONE_DATA\Fall detection\Le2i\data\Coffee_room_01\Coffee_room_01\Videos\video (20).avi,Coffee_room_01,1,FALL,1,0.904948,0.47,1,True,TP,0.434948,0.0,0.4572,0.349757,-0.379829
Le2i_Coffee_room_01_video (21)_w000,Le2i_Coffee_room_01_video (21),D:\ONE_DATA\Fall detection\Le2i\data\Coffee_room_01\Coffee_room_01\Videos\video (21).avi,Coffee_room_01,1,NORMAL,0,0.0,0.47,0,True,TN,0.47,0.0,0.4096,0.414093,-0.507355
Le2i_Coffee_room_01_video (21)_w001,Le2i_Coffee_room_01_video (21),D:\ONE_DATA\Fall detection\Le2i\data\Coffee_room_01\Coffee_room_01\Videos\video (21).avi,Coffee_room_01,1,NORMAL,0,0.0,0.47,0,True,TN,0.47,0.0,0.3944,0.414093,-0.507355
Le2i_Coffee_room_01_video (21)_w002,Le2i_Coffee_room_01_video (21),D:\ONE_DATA\Fall detection\Le2i\data\Coffee_room_01\Coffee_room_01\Videos\video (21).avi,Coffee_room_01,1,FALL,1,0.729661,0.47,1,True,TP,0.259661,0.0,0.3977,5.157734,-0.793749
Le2i_Coffee_room_01_video (21)_w003,Le2i_Coffee_room_01_video (21),D:\ONE_DATA\Fall detection\Le2i\data\Coffee_room_01\Coffee_room_01\Videos\video (21).avi,Coffee_room_01,1,FALL,1,1.0,0.47,1,True,TP,0.53,0.0,0.2717,51.018784,-51.018784
Le2i_Coffee_room_01_video (21)_w004,Le2i_Coffee_room_01_video (21),D:\ONE_DATA\Fall detection\Le2i\data\Coffee_room_01\Coffee_room_01\Videos\video (21).avi,Coffee_room_01,1,NORMAL,0,1.0,0.47,1,False,FP,0.53,1.0,0.2199,51.018784,-51.018784
Le2i_Coffee_room_01_video (21)_w005,Le2i_Coffee_room_01_video (21),D:\ONE_DATA\Fall detection\Le2i\data\Coffee_room_01\Coffee_room_01\Videos\video (21).avi,Coffee_room_01,1,FALL,1,0.909167,0.47,1,True,TP,0.439167,0.0,0.2481,6.418246,-5.971317
Le2i_Coffee_room_01_video (22)_w000,Le2i_Coffee_room_01_video (22),D:\ONE_DATA\Fall detection\Le2i\data\Coffee_room_01\Coffee_room_01\Videos\video (22).avi,Coffee_room_01,1,NORMAL,0,0.0,0.47,0,True,TN,0.47,0.0,0.4687,0.099312,-0.083736
Le2i_Coffee_room_01_video (22)_w001,Le2i_Coffee_room_01_video (22),D:\ONE_DATA\Fall detection\Le2i\data\Coffee_room_01\Coffee_room_01\Videos\video (22).avi,Coffee_room_01,1,NORMAL,0,0.0,0.47,0,True,TN,0.47,0.0,0.4481,0.369891,-0.242777
Le2i_Coffee_room_01_video (22)_w002,Le2i_Coffee_room_01_video (22),D:\ONE_DATA\Fall detection\Le2i\data\Coffee_room_01\Coffee_room_01\Videos\video (22).avi,Coffee_room_01,1,NORMAL,0,0.0,0.47,0,True,TN,0.47,0.0,0.4268,0.369891,-0.242777
Le2i_Coffee_room_01_video (22)_w003,Le2i_Coffee_room_01_video (22),D:\ONE_DATA\Fall detection\Le2i\data\Coffee_room_01\Coffee_room_01\Videos\video (22).avi,Coffee_room_01,1,NORMAL,0,5e-05,0.47,0,True,TN,0.46995,0.0,0.4429,0.247117,-0.220603
Le2i_Coffee_room_01_video (22)_w004,Le2i_Coffee_room_01_video (22),D:\ONE_DATA\Fall detection\Le2i\data\Coffee_room_01\Coffee_room_01\Videos\video (22).avi,Coffee_room_01,1,FALL,1,0.829395,0.47,1,True,TP,0.359395,0.0,0.4526,0.595362,-0.903203
Le2i_Coffee_room_01_video (22)_w005,Le2i_Coffee_room_01_video (22),D:\ONE_DATA\Fall detection\Le2i\data\Coffee_room_01\Coffee_room_01\Videos\video (22).avi,Coffee_room_01,1,FALL,1,0.755302,0.47,1,True,TP,0.285302,0.0,0.418,0.595362,-0.903203
Le2i_Coffee_room_01_video (22)_w006,Le2i_Coffee_room_01_video (22),D:\ONE_DATA\Fall detection\Le2i\data\Coffee_room_01\Coffee_room_01\Videos\video (22).avi,Coffee_room_01,1,FALL,1,0.715699,0.47,1,True,TP,0.245699,0.0,0.3924,0.228889,-0.334105
Le2i_Coffee_room_01_video (22)_w007,Le2i_Coffee_room_01_video (22),D:\ONE_DATA\Fall detection\Le2i\data\Coffee_room_01\Coffee_room_01\Videos\video (22).avi,Coffee_room_01,1,FALL,1,0.730297,0.47,1,True,TP,0.260297,0.0,0.3858,0.38044,-0.272189
Le2i_Coffee_room_01_video (23)_w000,Le2i_Coffee_room_01_video (23),D:\ONE_DATA\Fall detection\Le2i\data\Coffee_room_01\Coffee_room_01\Videos\video (23).avi,Coffee_room_01,1,NORMAL,0,4.7e-05,0.47,0,True,TN,0.469953,0.0,0.48,0.166771,-0.0908
Le2i_Coffee_room_01_video (23)_w001,Le2i_Coffee_room_01_video (23),D:\ONE_DATA\Fall detection\Le2i\data\Coffee_room_01\Coffee_room_01\Videos\video (23).avi,Coffee_room_01,1,NORMAL,0,5.2e-05,0.47,0,True,TN,0.469948,0.0,0.4777,0.394479,-0.32684
Le2i_Coffee_room_01_video (23)_w002,Le2i_Coffee_room_01_video (23),D:\ONE_DATA\Fall detection\Le2i\data\Coffee_room_01\Coffee_room_01\Videos\video (23).avi,Coffee_room_01,1,NORMAL,0,7.3e-05,0.47,0,True,TN,0.469927,0.0,0.4807,0.394479,-0.32684
Le2i_Coffee_room_01_video (23)_w003,Le2i_Coffee_room_01_video (23),D:\ONE_DATA\Fall detection\Le2i\data\Coffee_room_01\Coffee_room_01\Videos\video (23).avi,Coffee_room_01,1,NORMAL,0,7e-06,0.47,0,True,TN,0.469993,0.0,0.4758,0.62078,-0.695481
Le2i_Coffee_room_01_video (23)_w004,Le2i_Coffee_room_01_video (23),D:\ONE_DATA\Fall detection\Le2i\data\Coffee_room_01\Coffee_room_01\Videos\video (23).avi,Coffee_room_01,1,NORMAL,0,2e-06,0.47,0,True,TN,0.469998,0.0,0.4746,0.62078,-0.695481
Le2i_Coffee_room_01_video (23)_w005,Le2i_Coffee_room_01_video (23),D:\ONE_DATA\Fall detection\Le2i\data\Coffee_room_01\Coffee_room_01\Videos\video (23).avi,Coffee_room_01,1,NORMAL,0,1.5e-05,0.47,0,True,TN,0.469985,0.0,0.485,0.508014,-0.475461
Le2i_Coffee_room_01_video (23)_w006,Le2i_Coffee_room_01_video (23),D:\ONE_DATA\Fall detection\Le2i\data\Coffee_room_01\Coffee_room_01\Videos\video (23).avi,Coffee_room_01,1,NORMAL,0,0.000263,0.47,0,True,TN,0.469737,0.0,0.4844,0.085333,-0.090438
Le2i_Coffee_room_01_video (23)_w007,Le2i_Coffee_room_01_video (23),D:\ONE_DATA\Fall detection\Le2i\data\Coffee_room_01\Coffee_room_01\Videos\video (23).avi,Coffee_room_01,1,FALL,1,0.98024,0.47,1,True,TP,0.51024,0.0,0.444,2.725357,-6.738894
Le2i_Coffee_room_01_video (23)_w008,Le2i_Coffee_room_01_video (23),D:\ONE_DATA\Fall detection\Le2i\data\Coffee_room_01\Coffee_room_01\Videos\video (23).avi,Coffee_room_01,1,FALL,1,0.979613,0.47,1,True,TP,0.509613,0.0,0.3805,6.652609,-9.744316
Le2i_Coffee_room_01_video (23)_w009,Le2i_Coffee_room_01_video (23),D:\ONE_DATA\Fall detection\Le2i\data\Coffee_room_01\Coffee_room_01\Videos\video (23).avi,Coffee_room_01,1,FALL,1,1.0,0.47,1,True,TP,0.53,0.0,0.1946,124.797073,-124.797073
Le2i_Coffee_room_01_video (23)_w010,Le2i_Coffee_room_01_video (23),D:\ONE_DATA\Fall detection\Le2i\data\Coffee_room_01\Coffee_room_01\Videos\video (23).avi,Coffee_room_01,1,FALL,1,1.0,0.47,1,True,TP,0.53,0.0,0.0173,124.797073,-124.797073
Le2i_Coffee_room_01_video (24)_w000,Le2i_Coffee_room_01_video (24),D:\ONE_DATA\Fall detection\Le2i\data\Coffee_room_01\Coffee_room_01\Videos\video (24).avi,Coffee_room_01,1,NORMAL,0,4e-06,0.47,0,True,TN,0.469996,0.0,0.4848,0.28531,-0.212761
Le2i_Coffee_room_01_video (24)_w001,Le2i_Coffee_room_01_video (24),D:\ONE_DATA\Fall detection\Le2i\data\Coffee_room_01\Coffee_room_01\Videos\video (24).avi,Coffee_room_01,1,NORMAL,0,6e-06,0.47,0,True,TN,0.469994,0.0,0.4817,0.28531,-0.240108
Le2i_Coffee_room_01_video (24)_w002,Le2i_Coffee_room_01_video (24),D:\ONE_DATA\Fall detection\Le2i\data\Coffee_room_01\Coffee_room_01\Videos\video (24).avi,Coffee_room_01,1,NORMAL,0,8e-06,0.47,0,True,TN,0.469992,0.0,0.4818,0.154243,-0.240108
Le2i_Coffee_room_01_video (24)_w003,Le2i_Coffee_room_01_video (24),D:\ONE_DATA\Fall detection\Le2i\data\Coffee_room_01\Coffee_room_01\Videos\video (24).avi,Coffee_room_01,1,NORMAL,0,2.9e-05,0.47,0,True,TN,0.469971,0.0,0.4875,0.293911,-0.352109
Le2i_Coffee_room_01_video (24)_w004,Le2i_Coffee_room_01_video (24),D:\ONE_DATA\Fall detection\Le2i\data\Coffee_room_01\Coffee_room_01\Videos\video (24).avi,Coffee_room_01,1,NORMAL,0,9.6e-05,0.47,0,True,TN,0.469904,0.0,0.4897,0.827559,-0.440541
Le2i_Coffee_room_01_video (24)_w005,Le2i_Coffee_room_01_video (24),D:\ONE_DATA\Fall detection\Le2i\data\Coffee_room_01\Coffee_room_01\Videos\video (24).avi,Coffee_room_01,1,NORMAL,0,0.000619,0.47,0,True,TN,0.469381,0.0,0.4794,0.827559,-0.440541
Le2i_Coffee_room_01_video (24)_w006,Le2i_Coffee_room_01_video (24),D:\ONE_DATA\Fall detection\Le2i\data\Coffee_room_01\Coffee_room_01\Videos\video (24).avi,Coffee_room_01,1,NORMAL,0,0.000415,0.47,0,True,TN,0.469585,0.0,0.4712,0.153247,-0.15652
Le2i_Coffee_room_01_video (24)_w007,Le2i_Coffee_room_01_video (24),D:\ONE_DATA\Fall detection\Le2i\data\Coffee_room_01\Coffee_room_01\Videos\video (24).avi,Coffee_room_01,1,FALL,1,0.639601,0.47,1,True,TP,0.169601,0.0,0.4477,1.9551,-1.910942
Le2i_Coffee_room_01_video (24)_w008,Le2i_Coffee_room_01_video (24),D:\ONE_DATA\Fall detection\Le2i\data\Coffee_room_01\Coffee_room_01\Videos\video (24).avi,Coffee_room_01,1,FALL,1,0.782298,0.47,1,True,TP,0.312298,0.0,0.39,1.9551,-1.910942
Le2i_Coffee_room_01_video (25)_w000,Le2i_Coffee_room_01_video (25),D:\ONE_DATA\Fall detection\Le2i\data\Coffee_room_01\Coffee_room_01\Videos\video (25).avi,Coffee_room_01,1,NORMAL,0,0.0,0.47,0,True,TN,0.47,0.0,0.4233,0.6074,-0.86001
Le2i_Coffee_room_01_video (25)_w001,Le2i_Coffee_room_01_video (25),D:\ONE_DATA\Fall detection\Le2i\data\Coffee_room_01\Coffee_room_01\Videos\video (25).avi,Coffee_room_01,1,NORMAL,0,0.0,0.47,0,True,TN,0.47,0.0,0.437,0.6074,-0.86001
Le2i_Coffee_room_01_video (25)_w002,Le2i_Coffee_room_01_video (25),D:\ONE_DATA\Fall detection\Le2i\data\Coffee_room_01\Coffee_room_01\Videos\video (25).avi,Coffee_room_01,1,NORMAL,0,3.5e-05,0.47,0,True,TN,0.469965,0.0,0.4382,0.359374,-0.271427
Le2i_Coffee_room_01_video (25)_w003,Le2i_Coffee_room_01_video (25),D:\ONE_DATA\Fall detection\Le2i\data\Coffee_room_01\Coffee_room_01\Videos\video (25).avi,Coffee_room_01,1,NORMAL,0,0.000318,0.47,0,True,TN,0.469682,0.0,0.419,0.109748,-0.083729
Le2i_Coffee_room_01_video (25)_w004,Le2i_Coffee_room_01_video (25),D:\ONE_DATA\Fall detection\Le2i\data\Coffee_room_01\Coffee_room_01\Videos\video (25).avi,Coffee_room_01,1,FALL,1,0.999989,0.47,1,True,TP,0.529989,0.0,0.3999,22.372532,-30.73209
Le2i_Coffee_room_01_video (25)_w005,Le2i_Coffee_room_01_video (25),D:\ONE_DATA\Fall detection\Le2i\data\Coffee_room_01\Coffee_room_01\Videos\video (25).avi,Coffee_room_01,1,FALL,1,1.0,0.47,1,True,TP,0.53,0.0,0.4092,22.372532,-30.73209
Le2i_Coffee_room_01_video (25)_w006,Le2i_Coffee_room_01_video (25),D:\ONE_DATA\Fall detection\Le2i\data\Coffee_room_01\Coffee_room_01\Videos\video (25).avi,Coffee_room_01,1,FALL,1,0.943711,0.47,1,True,TP,0.473711,0.0,0.3881,1.549261,-1.414648
Le2i_Coffee_room_01_video (25)_w007,Le2i_Coffee_room_01_video (25),D:\ONE_DATA\Fall detection\Le2i\data\Coffee_room_01\Coffee_room_01\Videos\video (25).avi,Coffee_room_01,1,NORMAL,0,0.817692,0.47,1,False,FP,0.347692,0.817692,0.3669,1.058513,-1.037805
Le2i_Coffee_room_01_video (25)_w008,Le2i_Coffee_room_01_video (25),D:\ONE_DATA\Fall detection\Le2i\data\Coffee_room_01\Coffee_room_01\Videos\video (25).avi,Coffee_room_01,1,FALL,1,0.78833,0.47,1,True,TP,0.31833,0.0,0.3849,0.342491,-0.2354
Le2i_Coffee_room_01_video (27)_w000,Le2i_Coffee_room_01_video (27),D:\ONE_DATA\Fall detection\Le2i\data\Coffee_room_01\Coffee_room_01\Videos\video (27).avi,Coffee_room_01,1,NORMAL,0,0.0,0.47,0,True,TN,0.47,0.0,0.4301,0.381211,-0.275964
Le2i_Coffee_room_01_video (27)_w001,Le2i_Coffee_room_01_video (27),D:\ONE_DATA\Fall detection\Le2i\data\Coffee_room_01\Coffee_room_01\Videos\video (27).avi,Coffee_room_01,1,NORMAL,0,0.0,0.47,0,True,TN,0.47,0.0,0.4081,0.871598,-0.76021
Le2i_Coffee_room_01_video (27)_w002,Le2i_Coffee_room_01_video (27),D:\ONE_DATA\Fall detection\Le2i\data\Coffee_room_01\Coffee_room_01\Videos\video (27).avi,Coffee_room_01,1,NORMAL,0,0.0,0.47,0,True,TN,0.47,0.0,0.3921,0.871598,-0.76021
Le2i_Coffee_room_01_video (27)_w003,Le2i_Coffee_room_01_video (27),D:\ONE_DATA\Fall detection\Le2i\data\Coffee_room_01\Coffee_room_01\Videos\video (27).avi,Coffee_room_01,1,NORMAL,0,3e-06,0.47,0,True,TN,0.469997,0.0,0.4079,0.122779,-0.124411
Le2i_Coffee_room_01_video (27)_w004,Le2i_Coffee_room_01_video (27),D:\ONE_DATA\Fall detection\Le2i\data\Coffee_room_01\Coffee_room_01\Videos\video (27).avi,Coffee_room_01,1,NORMAL,0,0.00092,0.47,0,True,TN,0.46908,0.0,0.4297,0.224777,-0.124411
Le2i_Coffee_room_01_video (27)_w005,Le2i_Coffee_room_01_video (27),D:\ONE_DATA\Fall detection\Le2i\data\Coffee_room_01\Coffee_room_01\Videos\video (27).avi,Coffee_room_01,1,FALL,1,0.831553,0.47,1,True,TP,0.361553,0.0,0.4415,0.652946,-1.858056
Le2i_Coffee_room_01_video (27)_w006,Le2i_Coffee_room_01_video (27),D:\ONE_DATA\Fall detection\Le2i\data\Coffee_room_01\Coffee_room_01\Videos\video (27).avi,Coffee_room_01,1,FALL,1,0.982892,0.47,1,True,TP,0.512892,0.0,0.4554,5.502218,-6.890767
Le2i_Coffee_room_01_video (27)_w007,Le2i_Coffee_room_01_video (27),D:\ONE_DATA\Fall detection\Le2i\data\Coffee_room_01\Coffee_room_01\Videos\video (27).avi,Coffee_room_01,1,FALL,1,0.975299,0.47,1,True,TP,0.505299,0.0,0.4713,5.502218,-5.08626
Le2i_Coffee_room_01_video (27)_w008,Le2i_Coffee_room_01_video (27),D:\ONE_DATA\Fall detection\Le2i\data\Coffee_room_01\Coffee_room_01\Videos\video (27).avi,Coffee_room_01,1,FALL,1,0.843466,0.47,1,True,TP,0.373466,0.0,0.4783,0.208916,-0.309813
Le2i_Coffee_room_01_video (28)_w000,Le2i_Coffee_room_01_video (28),D:\ONE_DATA\Fall detection\Le2i\data\Coffee_room_01\Coffee_room_01\Videos\video (28).avi,Coffee_room_01,1,NORMAL,0,0.0,0.47,0,True,TN,0.47,0.0,0.4746,0.389536,-0.338769
Le2i_Coffee_room_01_video (28)_w001,Le2i_Coffee_room_01_video (28),D:\ONE_DATA\Fall detection\Le2i\data\Coffee_room_01\Coffee_room_01\Videos\video (28).avi,Coffee_room_01,1,FALL,1,0.159053,0.47,0,False,FN,0.310947,0.840947,0.4234,5.316259,-8.576176
Le2i_Coffee_room_01_video (28)_w002,Le2i_Coffee_room_01_video (28),D:\ONE_DATA\Fall detection\Le2i\data\Coffee_room_01\Coffee_room_01\Videos\video (28).avi,Coffee_room_01,1,FALL,1,0.997209,0.47,1,True,TP,0.527209,0.0,0.3752,10.827383,-11.209377
Le2i_Coffee_room_01_video (28)_w003,Le2i_Coffee_room_01_video (28),D:\ONE_DATA\Fall detection\Le2i\data\Coffee_room_01\Coffee_room_01\Videos\video (28).avi,Coffee_room_01,1,FALL,1,0.96666,0.47,1,True,TP,0.49666,0.0,0.3507,17.003065,-22.236687
Le2i_Coffee_room_01_video (28)_w004,Le2i_Coffee_room_01_video (28),D:\ONE_DATA\Fall detection\Le2i\data\Coffee_room_01\Coffee_room_01\Videos\video (28).avi,Coffee_room_01,1,FALL,1,0.962339,0.47,1,True,TP,0.492339,0.0,0.3772,17.003065,-22.236687
Le2i_Coffee_room_01_video (28)_w005,Le2i_Coffee_room_01_video (28),D:\ONE_DATA\Fall detection\Le2i\data\Coffee_room_01\Coffee_room_01\Videos\video (28).avi,Coffee_room_01,1,FALL,1,0.93519,0.47,1,True,TP,0.46519,0.0,0.4079,22.17985,-20.193531
Le2i_Coffee_room_01_video (29)_w000,Le2i_Coffee_room_01_video (29),D:\ONE_DATA\Fall detection\Le2i\data\Coffee_room_01\Coffee_room_01\Videos\video (29).avi,Coffee_room_01,1,NORMAL,0,0.0,0.47,0,True,TN,0.47,0.0,0.2549,0.276818,-0.111881
Le2i_Coffee_room_01_video (29)_w001,Le2i_Coffee_room_01_video (29),D:\ONE_DATA\Fall detection\Le2i\data\Coffee_room_01\Coffee_room_01\Videos\video (29).avi,Coffee_room_01,1,NORMAL,0,0.000181,0.47,0,True,TN,0.469819,0.0,0.3446,0.164097,-0.132225
Le2i_Coffee_room_01_video (29)_w002,Le2i_Coffee_room_01_video (29),D:\ONE_DATA\Fall detection\Le2i\data\Coffee_room_01\Coffee_room_01\Videos\video (29).avi,Coffee_room_01,1,NORMAL,0,7e-06,0.47,0,True,TN,0.469993,0.0,0.3978,0.127357,-0.132225
Le2i_Coffee_room_01_video (29)_w003,Le2i_Coffee_room_01_video (29),D:\ONE_DATA\Fall detection\Le2i\data\Coffee_room_01\Coffee_room_01\Videos\video (29).avi,Coffee_room_01,1,NORMAL,0,0.0,0.47,0,True,TN,0.47,0.0,0.4059,0.116204,-0.124976
Le2i_Coffee_room_01_video (29)_w004,Le2i_Coffee_room_01_video (29),D:\ONE_DATA\Fall detection\Le2i\data\Coffee_room_01\Coffee_room_01\Videos\video (29).avi,Coffee_room_01,1,NORMAL,0,0.0,0.47,0,True,TN,0.47,0.0,0.4014,0.108985,-0.383386
Le2i_Coffee_room_01_video (29)_w005,Le2i_Coffee_room_01_video (29),D:\ONE_DATA\Fall detection\Le2i\data\Coffee_room_01\Coffee_room_01\Videos\video (29).avi,Coffee_room_01,1,NORMAL,0,0.0,0.47,0,True,TN,0.47,0.0,0.3945,0.100558,-0.383386
Le2i_Coffee_room_01_video (29)_w006,Le2i_Coffee_room_01_video (29),D:\ONE_DATA\Fall detection\Le2i\data\Coffee_room_01\Coffee_room_01\Videos\video (29).avi,Coffee_room_01,1,NORMAL,0,0.0,0.47,0,True,TN,0.47,0.0,0.397,0.400234,-0.469993
Le2i_Coffee_room_01_video (29)_w007,Le2i_Coffee_room_01_video (29),D:\ONE_DATA\Fall detection\Le2i\data\Coffee_room_01\Coffee_room_01\Videos\video (29).avi,Coffee_room_01,1,NORMAL,0,0.0,0.47,0,True,TN,0.47,0.0,0.4058,0.449563,-0.567335
Le2i_Coffee_room_01_video (29)_w008,Le2i_Coffee_room_01_video (29),D:\ONE_DATA\Fall detection\Le2i\data\Coffee_room_01\Coffee_room_01\Videos\video (29).avi,Coffee_room_01,1,NORMAL,0,0.0,0.47,0,True,TN,0.47,0.0,0.4,0.449563,-0.567335
Le2i_Coffee_room_01_video (29)_w009,Le2i_Coffee_room_01_video (29),D:\ONE_DATA\Fall detection\Le2i\data\Coffee_room_01\Coffee_room_01\Videos\video (29).avi,Coffee_room_01,1,NORMAL,0,0.0,0.47,0,True,TN,0.47,0.0,0.4319,0.188172,-0.170188
Le2i_Coffee_room_01_video (29)_w010,Le2i_Coffee_room_01_video (29),D:\ONE_DATA\Fall detection\Le2i\data\Coffee_room_01\Coffee_room_01\Videos\video (29).avi,Coffee_room_01,1,NORMAL,0,1e-06,0.47,0,True,TN,0.469999,0.0,0.4796,0.15398,-0.436779
Le2i_Coffee_room_01_video (29)_w011,Le2i_Coffee_room_01_video (29),D:\ONE_DATA\Fall detection\Le2i\data\Coffee_room_01\Coffee_room_01\Videos\video (29).avi,Coffee_room_01,1,FALL,1,1.0,0.47,1,True,TP,0.53,0.0,0.4235,21.144926,-161.267792
Le2i_Coffee_room_01_video (3)_w000,Le2i_Coffee_room_01_video (3),D:\ONE_DATA\Fall detection\Le2i\data\Coffee_room_01\Coffee_room_01\Videos\video (3).avi,Coffee_room_01,1,NORMAL,0,0.982514,0.47,1,False,FP,0.512514,0.982514,0.2174,6.65783,-15.877342
Le2i_Coffee_room_01_video (3)_w001,Le2i_Coffee_room_01_video (3),D:\ONE_DATA\Fall detection\Le2i\data\Coffee_room_01\Coffee_room_01\Videos\video (3).avi,Coffee_room_01,1,NORMAL,0,0.000263,0.47,0,True,TN,0.469737,0.0,0.3638,0.193226,-0.15083
Le2i_Coffee_room_01_video (3)_w002,Le2i_Coffee_room_01_video (3),D:\ONE_DATA\Fall detection\Le2i\data\Coffee_room_01\Coffee_room_01\Videos\video (3).avi,Coffee_room_01,1,NORMAL,0,6.2e-05,0.47,0,True,TN,0.469938,0.0,0.4142,0.150648,-0.106312
Le2i_Coffee_room_01_video (3)_w003,Le2i_Coffee_room_01_video (3),D:\ONE_DATA\Fall detection\Le2i\data\Coffee_room_01\Coffee_room_01\Videos\video (3).avi,Coffee_room_01,1,NORMAL,0,7.8e-05,0.47,0,True,TN,0.469922,0.0,0.4182,0.150648,-0.074772
Le2i_Coffee_room_01_video (3)_w004,Le2i_Coffee_room_01_video (3),D:\ONE_DATA\Fall detection\Le2i\data\Coffee_room_01\Coffee_room_01\Videos\video (3).avi,Coffee_room_01,1,NORMAL,0,3.8e-05,0.47,0,True,TN,0.469962,0.0,0.429,0.167424,-0.365459
Le2i_Coffee_room_01_video (3)_w005,Le2i_Coffee_room_01_video (3),D:\ONE_DATA\Fall detection\Le2i\data\Coffee_room_01\Coffee_room_01\Videos\video (3).avi,Coffee_room_01,1,NORMAL,0,2e-05,0.47,0,True,TN,0.46998,0.0,0.4547,0.167424,-0.365459
Le2i_Coffee_room_01_video (3)_w006,Le2i_Coffee_room_01_video (3),D:\ONE_DATA\Fall detection\Le2i\data\Coffee_room_01\Coffee_room_01\Videos\video (3).avi,Coffee_room_01,1,NORMAL,0,4.1e-05,0.47,0,True,TN,0.469959,0.0,0.4627,0.072986,-0.132611
Le2i_Coffee_room_01_video (3)_w007,Le2i_Coffee_room_01_video (3),D:\ONE_DATA\Fall detection\Le2i\data\Coffee_room_01\Coffee_room_01\Videos\video (3).avi,Coffee_room_01,1,NORMAL,0,0.000157,0.47,0,True,TN,0.469843,0.0,0.4205,0.111786,-0.169698
Le2i_Coffee_room_01_video (3)_w008,Le2i_Coffee_room_01_video (3),D:\ONE_DATA\Fall detection\Le2i\data\Coffee_room_01\Coffee_room_01\Videos\video (3).avi,Coffee_room_01,1,FALL,1,0.839544,0.47,1,True,TP,0.369544,0.0,0.4185,0.577065,-1.270724
Le2i_Coffee_room_01_video (3)_w009,Le2i_Coffee_room_01_video (3),D:\ONE_DATA\Fall detection\Le2i\data\Coffee_room_01\Coffee_room_01\Videos\video (3).avi,Coffee_room_01,1,FALL,1,0.827464,0.47,1,True,TP,0.357464,0.0,0.4507,2.549135,-3.370457
Le2i_Coffee_room_01_video (3)_w010,Le2i_Coffee_room_01_video (3),D:\ONE_DATA\Fall detection\Le2i\data\Coffee_room_01\Coffee_room_01\Videos\video (3).avi,Coffee_room_01,1,FALL,1,0.778479,0.47,1,True,TP,0.308479,0.0,0.4578,2.549135,-3.370457
Le2i_Coffee_room_01_video (30)_w000,Le2i_Coffee_room_01_video (30),D:\ONE_DATA\Fall detection\Le2i\data\Coffee_room_01\Coffee_room_01\Videos\video (30).avi,Coffee_room_01,1,NORMAL,0,0.0,0.47,0,True,TN,0.47,0.0,0.2562,0.498618,-0.148043
Le2i_Coffee_room_01_video (30)_w001,Le2i_Coffee_room_01_video (30),D:\ONE_DATA\Fall detection\Le2i\data\Coffee_room_01\Coffee_room_01\Videos\video (30).avi,Coffee_room_01,1,NORMAL,0,0.0,0.47,0,True,TN,0.47,0.0,0.3326,0.122694,-0.121632
Le2i_Coffee_room_01_video (30)_w002,Le2i_Coffee_room_01_video (30),D:\ONE_DATA\Fall detection\Le2i\data\Coffee_room_01\Coffee_room_01\Videos\video (30).avi,Coffee_room_01,1,FALL,1,0.822818,0.47,1,True,TP,0.352818,0.0,0.3743,0.953698,-0.901922
Le2i_Coffee_room_01_video (30)_w003,Le2i_Coffee_room_01_video (30),D:\ONE_DATA\Fall detection\Le2i\data\Coffee_room_01\Coffee_room_01\Videos\video (30).avi,Coffee_room_01,1,FALL,1,0.786939,0.47,1,True,TP,0.316939,0.0,0.377,0.953698,-0.901922
Le2i_Coffee_room_01_video (31)_w000,Le2i_Coffee_room_01_video (31),D:\ONE_DATA\Fall detection\Le2i\data\Coffee_room_01\Coffee_room_01\Videos\video (31).avi,Coffee_room_01,1,NORMAL,0,0.0,0.47,0,True,TN,0.47,0.0,0.4248,0.136157,-0.169793
Le2i_Coffee_room_01_video (31)_w001,Le2i_Coffee_room_01_video (31),D:\ONE_DATA\Fall detection\Le2i\data\Coffee_room_01\Coffee_room_01\Videos\video (31).avi,Coffee_room_01,1,NORMAL,0,0.0,0.47,0,True,TN,0.47,0.0,0.439,0.136157,-0.169793
Le2i_Coffee_room_01_video (31)_w002,Le2i_Coffee_room_01_video (31),D:\ONE_DATA\Fall detection\Le2i\data\Coffee_room_01\Coffee_room_01\Videos\video (31).avi,Coffee_room_01,1,NORMAL,0,1e-06,0.47,0,True,TN,0.469999,0.0,0.4631,0.120903,-0.198145
Le2i_Coffee_room_01_video (31)_w003,Le2i_Coffee_room_01_video (31),D:\ONE_DATA\Fall detection\Le2i\data\Coffee_room_01\Coffee_room_01\Videos\video (31).avi,Coffee_room_01,1,NORMAL,0,9.1e-05,0.47,0,True,TN,0.469909,0.0,0.4655,0.120903,-0.198145
Le2i_Coffee_room_01_video (31)_w004,Le2i_Coffee_room_01_video (31),D:\ONE_DATA\Fall detection\Le2i\data\Coffee_room_01\Coffee_room_01\Videos\video (31).avi,Coffee_room_01,1,NORMAL,0,0.00033,0.47,0,True,TN,0.46967,0.0,0.4515,0.131012,-0.098887
Le2i_Coffee_room_01_video (31)_w005,Le2i_Coffee_room_01_video (31),D:\ONE_DATA\Fall detection\Le2i\data\Coffee_room_01\Coffee_room_01\Videos\video (31).avi,Coffee_room_01,1,FALL,1,0.962736,0.47,1,True,TP,0.492736,0.0,0.3934,3.065771,-3.66641
Le2i_Coffee_room_01_video (31)_w006,Le2i_Coffee_room_01_video (31),D:\ONE_DATA\Fall detection\Le2i\data\Coffee_room_01\Coffee_room_01\Videos\video (31).avi,Coffee_room_01,1,FALL,1,0.950671,0.47,1,True,TP,0.480671,0.0,0.3233,3.065771,-3.66641
Le2i_Coffee_room_01_video (31)_w007,Le2i_Coffee_room_01_video (31),D:\ONE_DATA\Fall detection\Le2i\data\Coffee_room_01\Coffee_room_01\Videos\video (31).avi,Coffee_room_01,1,NORMAL,0,0.829364,0.47,1,False,FP,0.359364,0.829364,0.2977,0.555745,-0.616847
Le2i_Coffee_room_01_video (31)_w008,Le2i_Coffee_room_01_video (31),D:\ONE_DATA\Fall detection\Le2i\data\Coffee_room_01\Coffee_room_01\Videos\video (31).avi,Coffee_room_01,1,FALL,1,0.828193,0.47,1,True,TP,0.358193,0.0,0.298,0.382767,-0.58182
Le2i_Coffee_room_01_video (32)_w000,Le2i_Coffee_room_01_video (32),D:\ONE_DATA\Fall detection\Le2i\data\Coffee_room_01\Coffee_room_01\Videos\video (32).avi,Coffee_room_01,1,NORMAL,0,0.0,0.47,0,True,TN,0.47,0.0,0.4763,0.344075,-0.233498
Le2i_Coffee_room_01_video (32)_w001,Le2i_Coffee_room_01_video (32),D:\ONE_DATA\Fall detection\Le2i\data\Coffee_room_01\Coffee_room_01\Videos\video (32).avi,Coffee_room_01,1,NORMAL,0,0.0,0.47,0,True,TN,0.47,0.0,0.48,0.344075,-0.233498
Le2i_Coffee_room_01_video (32)_w002,Le2i_Coffee_room_01_video (32),D:\ONE_DATA\Fall detection\Le2i\data\Coffee_room_01\Coffee_room_01\Videos\video (32).avi,Coffee_room_01,1,NORMAL,0,1e-06,0.47,0,True,TN,0.469999,0.0,0.4832,0.223752,-0.134609
Le2i_Coffee_room_01_video (32)_w003,Le2i_Coffee_room_01_video (32),D:\ONE_DATA\Fall detection\Le2i\data\Coffee_room_01\Coffee_room_01\Videos\video (32).avi,Coffee_room_01,1,NORMAL,0,4e-06,0.47,0,True,TN,0.469996,0.0,0.453,0.136673,-0.442749
Le2i_Coffee_room_01_video (32)_w004,Le2i_Coffee_room_01_video (32),D:\ONE_DATA\Fall detection\Le2i\data\Coffee_room_01\Coffee_room_01\Videos\video (32).avi,Coffee_room_01,1,NORMAL,0,0.0,0.47,0,True,TN,0.47,0.0,0.3644,0.409423,-0.442749
Le2i_Coffee_room_01_video (32)_w005,Le2i_Coffee_room_01_video (32),D:\ONE_DATA\Fall detection\Le2i\data\Coffee_room_01\Coffee_room_01\Videos\video (32).avi,Coffee_room_01,1,NORMAL,0,0.0,0.47,0,True,TN,0.47,0.0,0.3317,0.409423,-0.15018
Le2i_Coffee_room_01_video (32)_w006,Le2i_Coffee_room_01_video (32),D:\ONE_DATA\Fall detection\Le2i\data\Coffee_room_01\Coffee_room_01\Videos\video (32).avi,Coffee_room_01,1,NORMAL,0,0.0,0.47,0,True,TN,0.47,0.0,0.4092,0.242217,-0.328961
Le2i_Coffee_room_01_video (32)_w007,Le2i_Coffee_room_01_video (32),D:\ONE_DATA\Fall detection\Le2i\data\Coffee_room_01\Coffee_room_01\Videos\video (32).avi,Coffee_room_01,1,FALL,1,0.892517,0.47,1,True,TP,0.422517,0.0,0.4479,0.591991,-0.55836
Le2i_Coffee_room_01_video (32)_w008,Le2i_Coffee_room_01_video (32),D:\ONE_DATA\Fall detection\Le2i\data\Coffee_room_01\Coffee_room_01\Videos\video (32).avi,Coffee_room_01,1,FALL,1,0.8732,0.47,1,True,TP,0.4032,0.0,0.4434,0.354458,-0.55836
Le2i_Coffee_room_01_video (32)_w009,Le2i_Coffee_room_01_video (32),D:\ONE_DATA\Fall detection\Le2i\data\Coffee_room_01\Coffee_room_01\Videos\video (32).avi,Coffee_room_01,1,NORMAL,0,0.848083,0.47,1,False,FP,0.378083,0.848083,0.4472,0.125629,-0.269156
Le2i_Coffee_room_01_video (32)_w010,Le2i_Coffee_room_01_video (32),D:\ONE_DATA\Fall detection\Le2i\data\Coffee_room_01\Coffee_room_01\Videos\video (32).avi,Coffee_room_01,1,FALL,1,0.837854,0.47,1,True,TP,0.367854,0.0,0.4475,0.141578,-0.109754
Le2i_Coffee_room_01_video (33)_w000,Le2i_Coffee_room_01_video (33),D:\ONE_DATA\Fall detection\Le2i\data\Coffee_room_01\Coffee_room_01\Videos\video (33).avi,Coffee_room_01,1,NORMAL,0,0.0,0.47,0,True,TN,0.47,0.0,0.2997,0.116527,-0.175413
Le2i_Coffee_room_01_video (33)_w001,Le2i_Coffee_room_01_video (33),D:\ONE_DATA\Fall detection\Le2i\data\Coffee_room_01\Coffee_room_01\Videos\video (33).avi,Coffee_room_01,1,NORMAL,0,3e-06,0.47,0,True,TN,0.469997,0.0,0.3567,0.159857,-0.119106
Le2i_Coffee_room_01_video (33)_w002,Le2i_Coffee_room_01_video (33),D:\ONE_DATA\Fall detection\Le2i\data\Coffee_room_01\Coffee_room_01\Videos\video (33).avi,Coffee_room_01,1,FALL,1,0.303168,0.47,0,False,FN,0.166832,0.696832,0.3879,1.341979,-1.47676
Le2i_Coffee_room_01_video (33)_w003,Le2i_Coffee_room_01_video (33),D:\ONE_DATA\Fall detection\Le2i\data\Coffee_room_01\Coffee_room_01\Videos\video (33).avi,Coffee_room_01,1,FALL,1,0.945951,0.47,1,True,TP,0.475951,0.0,0.3469,1.341979,-1.47676
Le2i_Coffee_room_01_video (33)_w004,Le2i_Coffee_room_01_video (33),D:\ONE_DATA\Fall detection\Le2i\data\Coffee_room_01\Coffee_room_01\Videos\video (33).avi,Coffee_room_01,1,FALL,1,0.916382,0.47,1,True,TP,0.446382,0.0,0.3371,0.636252,-1.264912
Le2i_Coffee_room_01_video (33)_w005,Le2i_Coffee_room_01_video (33),D:\ONE_DATA\Fall detection\Le2i\data\Coffee_room_01\Coffee_room_01\Videos\video (33).avi,Coffee_room_01,1,FALL,1,0.853403,0.47,1,True,TP,0.383403,0.0,0.3566,0.455915,-0.421095
Le2i_Coffee_room_01_video (33)_w006,Le2i_Coffee_room_01_video (33),D:\ONE_DATA\Fall detection\Le2i\data\Coffee_room_01\Coffee_room_01\Videos\video (33).avi,Coffee_room_01,1,FALL,1,0.859882,0.47,1,True,TP,0.389882,0.0,0.345,0.434623,-0.432878
Le2i_Coffee_room_01_video (33)_w007,Le2i_Coffee_room_01_video (33),D:\ONE_DATA\Fall detection\Le2i\data\Coffee_room_01\Coffee_room_01\Videos\video (33).avi,Coffee_room_01,1,FALL,1,0.856769,0.47,1,True,TP,0.386769,0.0,0.3398,0.434623,-0.275216
Le2i_Coffee_room_01_video (34)_w000,Le2i_Coffee_room_01_video (34),D:\ONE_DATA\Fall detection\Le2i\data\Coffee_room_01\Coffee_room_01\Videos\video (34).avi,Coffee_room_01,1,NORMAL,0,0.0,0.47,0,True,TN,0.47,0.0,0.4384,0.372737,-0.258496
Le2i_Coffee_room_01_video (34)_w001,Le2i_Coffee_room_01_video (34),D:\ONE_DATA\Fall detection\Le2i\data\Coffee_room_01\Coffee_room_01\Videos\video (34).avi,Coffee_room_01,1,NORMAL,0,0.0,0.47,0,True,TN,0.47,0.0,0.4257,0.22683,-0.19285
Le2i_Coffee_room_01_video (34)_w002,Le2i_Coffee_room_01_video (34),D:\ONE_DATA\Fall detection\Le2i\data\Coffee_room_01\Coffee_room_01\Videos\video (34).avi,Coffee_room_01,1,NORMAL,0,0.0,0.47,0,True,TN,0.47,0.0,0.4258,0.125747,-0.212499
Le2i_Coffee_room_01_video (34)_w003,Le2i_Coffee_room_01_video (34),D:\ONE_DATA\Fall detection\Le2i\data\Coffee_room_01\Coffee_room_01\Videos\video (34).avi,Coffee_room_01,1,NORMAL,0,0.0,0.47,0,True,TN,0.47,0.0,0.4304,0.178515,-0.212499
Le2i_Coffee_room_01_video (34)_w004,Le2i_Coffee_room_01_video (34),D:\ONE_DATA\Fall detection\Le2i\data\Coffee_room_01\Coffee_room_01\Videos\video (34).avi,Coffee_room_01,1,NORMAL,0,0.0,0.47,0,True,TN,0.47,0.0,0.4369,0.178515,-0.222343
Le2i_Coffee_room_01_video (34)_w005,Le2i_Coffee_room_01_video (34),D:\ONE_DATA\Fall detection\Le2i\data\Coffee_room_01\Coffee_room_01\Videos\video (34).avi,Coffee_room_01,1,NORMAL,0,0.0,0.47,0,True,TN,0.47,0.0,0.4553,0.200814,-0.49467
Le2i_Coffee_room_01_video (34)_w006,Le2i_Coffee_room_01_video (34),D:\ONE_DATA\Fall detection\Le2i\data\Coffee_room_01\Coffee_room_01\Videos\video (34).avi,Coffee_room_01,1,NORMAL,0,0.0,0.47,0,True,TN,0.47,0.0,0.4662,0.441117,-0.49467
Le2i_Coffee_room_01_video (34)_w007,Le2i_Coffee_room_01_video (34),D:\ONE_DATA\Fall detection\Le2i\data\Coffee_room_01\Coffee_room_01\Videos\video (34).avi,Coffee_room_01,1,NORMAL,0,0.0,0.47,0,True,TN,0.47,0.0,0.447,0.441117,-0.342104
Le2i_Coffee_room_01_video (34)_w008,Le2i_Coffee_room_01_video (34),D:\ONE_DATA\Fall detection\Le2i\data\Coffee_room_01\Coffee_room_01\Videos\video (34).avi,Coffee_room_01,1,NORMAL,0,0.0,0.47,0,True,TN,0.47,0.0,0.4491,0.116169,-0.378771
Le2i_Coffee_room_01_video (34)_w009,Le2i_Coffee_room_01_video (34),D:\ONE_DATA\Fall detection\Le2i\data\Coffee_room_01\Coffee_room_01\Videos\video (34).avi,Coffee_room_01,1,NORMAL,0,0.0,0.47,0,True,TN,0.47,0.0,0.464,0.383515,-0.378771
Le2i_Coffee_room_01_video (34)_w010,Le2i_Coffee_room_01_video (34),D:\ONE_DATA\Fall detection\Le2i\data\Coffee_room_01\Coffee_room_01\Videos\video (34).avi,Coffee_room_01,1,NORMAL,0,0.0,0.47,0,True,TN,0.47,0.0,0.4771,0.383515,-0.247542
Le2i_Coffee_room_01_video (34)_w011,Le2i_Coffee_room_01_video (34),D:\ONE_DATA\Fall detection\Le2i\data\Coffee_room_01\Coffee_room_01\Videos\video (34).avi,Coffee_room_01,1,NORMAL,0,4e-06,0.47,0,True,TN,0.469996,0.0,0.4856,0.214684,-0.228854
Le2i_Coffee_room_01_video (34)_w012,Le2i_Coffee_room_01_video (34),D:\ONE_DATA\Fall detection\Le2i\data\Coffee_room_01\Coffee_room_01\Videos\video (34).avi,Coffee_room_01,1,FALL,1,0.923128,0.47,1,True,TP,0.453128,0.0,0.4673,0.469089,-0.450546
Le2i_Coffee_room_01_video (34)_w013,Le2i_Coffee_room_01_video (34),D:\ONE_DATA\Fall detection\Le2i\data\Coffee_room_01\Coffee_room_01\Videos\video (34).avi,Coffee_room_01,1,FALL,1,0.879917,0.47,1,True,TP,0.409917,0.0,0.4522,0.469089,-0.450546
Le2i_Coffee_room_01_video (34)_w014,Le2i_Coffee_room_01_video (34),D:\ONE_DATA\Fall detection\Le2i\data\Coffee_room_01\Coffee_room_01\Videos\video (34).avi,Coffee_room_01,1,NORMAL,0,0.842528,0.47,1,False,FP,0.372528,0.842528,0.4575,0.219415,-0.1894
Le2i_Coffee_room_01_video (35)_w000,Le2i_Coffee_room_01_video (35),D:\ONE_DATA\Fall detection\Le2i\data\Coffee_room_01\Coffee_room_01\Videos\video (35).avi,Coffee_room_01,1,NORMAL,0,0.000254,0.47,0,True,TN,0.469746,0.0,0.3697,0.234718,-0.180349
Le2i_Coffee_room_01_video (35)_w001,Le2i_Coffee_room_01_video (35),D:\ONE_DATA\Fall detection\Le2i\data\Coffee_room_01\Coffee_room_01\Videos\video (35).avi,Coffee_room_01,1,NORMAL,0,0.000123,0.47,0,True,TN,0.469877,0.0,0.414,0.234718,-0.449029
Le2i_Coffee_room_01_video (35)_w002,Le2i_Coffee_room_01_video (35),D:\ONE_DATA\Fall detection\Le2i\data\Coffee_room_01\Coffee_room_01\Videos\video (35).avi,Coffee_room_01,1,FALL,1,0.953061,0.47,1,True,TP,0.483061,0.0,0.4513,2.307078,-1.45963
Le2i_Coffee_room_01_video (35)_w003,Le2i_Coffee_room_01_video (35),D:\ONE_DATA\Fall detection\Le2i\data\Coffee_room_01\Coffee_room_01\Videos\video (35).avi,Coffee_room_01,1,FALL,1,0.925854,0.47,1,True,TP,0.455854,0.0,0.4669,2.307078,-1.222269
Le2i_Coffee_room_01_video (35)_w004,Le2i_Coffee_room_01_video (35),D:\ONE_DATA\Fall detection\Le2i\data\Coffee_room_01\Coffee_room_01\Videos\video (35).avi,Coffee_room_01,1,NORMAL,0,0.847978,0.47,1,False,FP,0.377978,0.847978,0.4673,0.885282,-0.996053
Le2i_Coffee_room_01_video (35)_w005,Le2i_Coffee_room_01_video (35),D:\ONE_DATA\Fall detection\Le2i\data\Coffee_room_01\Coffee_room_01\Videos\video (35).avi,Coffee_room_01,1,FALL,1,0.820035,0.47,1,True,TP,0.350035,0.0,0.4643,0.620845,-0.996053
Le2i_Coffee_room_01_video (35)_w006,Le2i_Coffee_room_01_video (35),D:\ONE_DATA\Fall detection\Le2i\data\Coffee_room_01\Coffee_room_01\Videos\video (35).avi,Coffee_room_01,1,FALL,1,0.799189,0.47,1,True,TP,0.329189,0.0,0.4573,0.620845,-0.556451
Le2i_Coffee_room_01_video (35)_w007,Le2i_Coffee_room_01_video (35),D:\ONE_DATA\Fall detection\Le2i\data\Coffee_room_01\Coffee_room_01\Videos\video (35).avi,Coffee_room_01,1,FALL,1,0.788389,0.47,1,True,TP,0.318389,0.0,0.4568,0.409193,-0.680309
Le2i_Coffee_room_01_video (36)_w000,Le2i_Coffee_room_01_video (36),D:\ONE_DATA\Fall detection\Le2i\data\Coffee_room_01\Coffee_room_01\Videos\video (36).avi,Coffee_room_01,1,NORMAL,0,1.5e-05,0.47,0,True,TN,0.469985,0.0,0.414,0.138722,-0.100221
Le2i_Coffee_room_01_video (36)_w001,Le2i_Coffee_room_01_video (36),D:\ONE_DATA\Fall detection\Le2i\data\Coffee_room_01\Coffee_room_01\Videos\video (36).avi,Coffee_room_01,1,NORMAL,0,0.0,0.47,0,True,TN,0.47,0.0,0.405,0.13508,-0.171369
Le2i_Coffee_room_01_video (36)_w002,Le2i_Coffee_room_01_video (36),D:\ONE_DATA\Fall detection\Le2i\data\Coffee_room_01\Coffee_room_01\Videos\video (36).avi,Coffee_room_01,1,NORMAL,0,0.0,0.47,0,True,TN,0.47,0.0,0.4183,0.0761,-0.171369
Le2i_Coffee_room_01_video (36)_w003,Le2i_Coffee_room_01_video (36),D:\ONE_DATA\Fall detection\Le2i\data\Coffee_room_01\Coffee_room_01\Videos\video (36).avi,Coffee_room_01,1,NORMAL,0,0.0,0.47,0,True,TN,0.47,0.0,0.4307,0.0761,-0.051715
Le2i_Coffee_room_01_video (36)_w004,Le2i_Coffee_room_01_video (36),D:\ONE_DATA\Fall detection\Le2i\data\Coffee_room_01\Coffee_room_01\Videos\video (36).avi,Coffee_room_01,1,NORMAL,0,0.0,0.47,0,True,TN,0.47,0.0,0.4411,0.578612,-0.383321
Le2i_Coffee_room_01_video (36)_w005,Le2i_Coffee_room_01_video (36),D:\ONE_DATA\Fall detection\Le2i\data\Coffee_room_01\Coffee_room_01\Videos\video (36).avi,Coffee_room_01,1,NORMAL,0,0.0,0.47,0,True,TN,0.47,0.0,0.458,0.578612,-0.383321
Le2i_Coffee_room_01_video (36)_w006,Le2i_Coffee_room_01_video (36),D:\ONE_DATA\Fall detection\Le2i\data\Coffee_room_01\Coffee_room_01\Videos\video (36).avi,Coffee_room_01,1,NORMAL,0,0.0,0.47,0,True,TN,0.47,0.0,0.4648,0.172798,-0.098931
Le2i_Coffee_room_01_video (36)_w007,Le2i_Coffee_room_01_video (36),D:\ONE_DATA\Fall detection\Le2i\data\Coffee_room_01\Coffee_room_01\Videos\video (36).avi,Coffee_room_01,1,NORMAL,0,0.0,0.47,0,True,TN,0.47,0.0,0.4532,0.172798,-0.108158
Le2i_Coffee_room_01_video (36)_w008,Le2i_Coffee_room_01_video (36),D:\ONE_DATA\Fall detection\Le2i\data\Coffee_room_01\Coffee_room_01\Videos\video (36).avi,Coffee_room_01,1,NORMAL,0,0.0,0.47,0,True,TN,0.47,0.0,0.4396,0.299816,-0.240169
Le2i_Coffee_room_01_video (36)_w009,Le2i_Coffee_room_01_video (36),D:\ONE_DATA\Fall detection\Le2i\data\Coffee_room_01\Coffee_room_01\Videos\video (36).avi,Coffee_room_01,1,NORMAL,0,0.0,0.47,0,True,TN,0.47,0.0,0.4394,0.227516,-0.240169
Le2i_Coffee_room_01_video (36)_w010,Le2i_Coffee_room_01_video (36),D:\ONE_DATA\Fall detection\Le2i\data\Coffee_room_01\Coffee_room_01\Videos\video (36).avi,Coffee_room_01,1,NORMAL,0,0.0,0.47,0,True,TN,0.47,0.0,0.4638,0.073274,-0.063823
Le2i_Coffee_room_01_video (36)_w011,Le2i_Coffee_room_01_video (36),D:\ONE_DATA\Fall detection\Le2i\data\Coffee_room_01\Coffee_room_01\Videos\video (36).avi,Coffee_room_01,1,NORMAL,0,0.0,0.47,0,True,TN,0.47,0.0,0.4696,0.484166,-0.115802
Le2i_Coffee_room_01_video (36)_w012,Le2i_Coffee_room_01_video (36),D:\ONE_DATA\Fall detection\Le2i\data\Coffee_room_01\Coffee_room_01\Videos\video (36).avi,Coffee_room_01,1,NORMAL,0,0.0,0.47,0,True,TN,0.47,0.0,0.4578,0.484166,-0.181913
Le2i_Coffee_room_01_video (36)_w013,Le2i_Coffee_room_01_video (36),D:\ONE_DATA\Fall detection\Le2i\data\Coffee_room_01\Coffee_room_01\Videos\video (36).avi,Coffee_room_01,1,NORMAL,0,1e-06,0.47,0,True,TN,0.469999,0.0,0.459,0.235023,-0.33072
Le2i_Coffee_room_01_video (36)_w014,Le2i_Coffee_room_01_video (36),D:\ONE_DATA\Fall detection\Le2i\data\Coffee_room_01\Coffee_room_01\Videos\video (36).avi,Coffee_room_01,1,NORMAL,0,2e-06,0.47,0,True,TN,0.469998,0.0,0.4394,0.330522,-0.33072
Le2i_Coffee_room_01_video (36)_w015,Le2i_Coffee_room_01_video (36),D:\ONE_DATA\Fall detection\Le2i\data\Coffee_room_01\Coffee_room_01\Videos\video (36).avi,Coffee_room_01,1,NORMAL,0,0.0,0.47,0,True,TN,0.47,0.0,0.3413,0.330522,-0.319925
Le2i_Coffee_room_01_video (36)_w016,Le2i_Coffee_room_01_video (36),D:\ONE_DATA\Fall detection\Le2i\data\Coffee_room_01\Coffee_room_01\Videos\video (36).avi,Coffee_room_01,1,NORMAL,0,0.0,0.47,0,True,TN,0.47,0.0,0.2253,0.188625,-0.189457
Le2i_Coffee_room_01_video (36)_w017,Le2i_Coffee_room_01_video (36),D:\ONE_DATA\Fall detection\Le2i\data\Coffee_room_01\Coffee_room_01\Videos\video (36).avi,Coffee_room_01,1,NORMAL,0,0.0,0.47,0,True,TN,0.47,0.0,0.2822,0.231933,-0.189457
Le2i_Coffee_room_01_video (36)_w018,Le2i_Coffee_room_01_video (36),D:\ONE_DATA\Fall detection\Le2i\data\Coffee_room_01\Coffee_room_01\Videos\video (36).avi,Coffee_room_01,1,NORMAL,0,1e-06,0.47,0,True,TN,0.469999,0.0,0.4298,0.231933,-0.17026
Le2i_Coffee_room_01_video (36)_w019,Le2i_Coffee_room_01_video (36),D:\ONE_DATA\Fall detection\Le2i\data\Coffee_room_01\Coffee_room_01\Videos\video (36).avi,Coffee_room_01,1,NORMAL,0,1.1e-05,0.47,0,True,TN,0.469989,0.0,0.48,0.694145,-0.37349
Le2i_Coffee_room_01_video (36)_w020,Le2i_Coffee_room_01_video (36),D:\ONE_DATA\Fall detection\Le2i\data\Coffee_room_01\Coffee_room_01\Videos\video (36).avi,Coffee_room_01,1,NORMAL,0,0.000167,0.47,0,True,TN,0.469833,0.0,0.4767,0.694145,-0.261039
Le2i_Coffee_room_01_video (36)_w021,Le2i_Coffee_room_01_video (36),D:\ONE_DATA\Fall detection\Le2i\data\Coffee_room_01\Coffee_room_01\Videos\video (36).avi,Coffee_room_01,1,NORMAL,0,0.000128,0.47,0,True,TN,0.469872,0.0,0.4527,0.223001,-0.336127
Le2i_Coffee_room_01_video (36)_w022,Le2i_Coffee_room_01_video (36),D:\ONE_DATA\Fall detection\Le2i\data\Coffee_room_01\Coffee_room_01\Videos\video (36).avi,Coffee_room_01,1,NORMAL,0,4.1e-05,0.47,0,True,TN,0.469959,0.0,0.4272,0.223001,-0.336127
Le2i_Coffee_room_01_video (36)_w023,Le2i_Coffee_room_01_video (36),D:\ONE_DATA\Fall detection\Le2i\data\Coffee_room_01\Coffee_room_01\Videos\video (36).avi,Coffee_room_01,1,NORMAL,0,3.5e-05,0.47,0,True,TN,0.469965,0.0,0.4234,0.077191,-0.083127
Le2i_Coffee_room_01_video (36)_w024,Le2i_Coffee_room_01_video (36),D:\ONE_DATA\Fall detection\Le2i\data\Coffee_room_01\Coffee_room_01\Videos\video (36).avi,Coffee_room_01,1,NORMAL,0,0.000127,0.47,0,True,TN,0.469873,0.0,0.4107,0.120846,-0.124979
Le2i_Coffee_room_01_video (36)_w025,Le2i_Coffee_room_01_video (36),D:\ONE_DATA\Fall detection\Le2i\data\Coffee_room_01\Coffee_room_01\Videos\video (36).avi,Coffee_room_01,1,NORMAL,0,0.000198,0.47,0,True,TN,0.469802,0.0,0.4092,0.186337,-0.195128
Le2i_Coffee_room_01_video (36)_w026,Le2i_Coffee_room_01_video (36),D:\ONE_DATA\Fall detection\Le2i\data\Coffee_room_01\Coffee_room_01\Videos\video (36).avi,Coffee_room_01,1,NORMAL,0,0.000141,0.47,0,True,TN,0.469859,0.0,0.4345,0.186337,-0.195128
Le2i_Coffee_room_01_video (36)_w027,Le2i_Coffee_room_01_video (36),D:\ONE_DATA\Fall detection\Le2i\data\Coffee_room_01\Coffee_room_01\Videos\video (36).avi,Coffee_room_01,1,NORMAL,0,0.000161,0.47,0,True,TN,0.469839,0.0,0.4569,0.083222,-0.139634
Le2i_Coffee_room_01_video (36)_w028,Le2i_Coffee_room_01_video (36),D:\ONE_DATA\Fall detection\Le2i\data\Coffee_room_01\Coffee_room_01\Videos\video (36).avi,Coffee_room_01,1,NORMAL,0,0.000225,0.47,0,True,TN,0.469775,0.0,0.4755,0.10312,-0.08374
Le2i_Coffee_room_01_video (36)_w029,Le2i_Coffee_room_01_video (36),D:\ONE_DATA\Fall detection\Le2i\data\Coffee_room_01\Coffee_room_01\Videos\video (36).avi,Coffee_room_01,1,NORMAL,0,0.00019,0.47,0,True,TN,0.46981,0.0,0.4732,0.10312,-0.070063
Le2i_Coffee_room_01_video (36)_w030,Le2i_Coffee_room_01_video (36),D:\ONE_DATA\Fall detection\Le2i\data\Coffee_room_01\Coffee_room_01\Videos\video (36).avi,Coffee_room_01,1,NORMAL,0,4e-05,0.47,0,True,TN,0.46996,0.0,0.4453,0.111908,-0.088489
Le2i_Coffee_room_01_video (36)_w031,Le2i_Coffee_room_01_video (36),D:\ONE_DATA\Fall detection\Le2i\data\Coffee_room_01\Coffee_room_01\Videos\video (36).avi,Coffee_room_01,1,NORMAL,0,8e-06,0.47,0,True,TN,0.469992,0.0,0.4439,0.11191,-0.132086
Le2i_Coffee_room_01_video (36)_w032,Le2i_Coffee_room_01_video (36),D:\ONE_DATA\Fall detection\Le2i\data\Coffee_room_01\Coffee_room_01\Videos\video (36).avi,Coffee_room_01,1,NORMAL,0,2e-06,0.47,0,True,TN,0.469998,0.0,0.4711,0.11191,-0.132086
Le2i_Coffee_room_01_video (36)_w033,Le2i_Coffee_room_01_video (36),D:\ONE_DATA\Fall detection\Le2i\data\Coffee_room_01\Coffee_room_01\Videos\video (36).avi,Coffee_room_01,1,NORMAL,0,1e-06,0.47,0,True,TN,0.469999,0.0,0.4706,0.075658,-0.09307
Le2i_Coffee_room_01_video (36)_w034,Le2i_Coffee_room_01_video (36),D:\ONE_DATA\Fall detection\Le2i\data\Coffee_room_01\Coffee_room_01\Videos\video (36).avi,Coffee_room_01,1,NORMAL,0,0.0,0.47,0,True,TN,0.47,0.0,0.4541,0.123594,-0.162351
Le2i_Coffee_room_01_video (36)_w035,Le2i_Coffee_room_01_video (36),D:\ONE_DATA\Fall detection\Le2i\data\Coffee_room_01\Coffee_room_01\Videos\video (36).avi,Coffee_room_01,1,NORMAL,0,0.0,0.47,0,True,TN,0.47,0.0,0.4624,0.123594,-0.162351
Le2i_Coffee_room_01_video (36)_w036,Le2i_Coffee_room_01_video (36),D:\ONE_DATA\Fall detection\Le2i\data\Coffee_room_01\Coffee_room_01\Videos\video (36).avi,Coffee_room_01,1,NORMAL,0,1e-06,0.47,0,True,TN,0.469999,0.0,0.4809,0.06325,-0.055114
Le2i_Coffee_room_01_video (36)_w037,Le2i_Coffee_room_01_video (36),D:\ONE_DATA\Fall detection\Le2i\data\Coffee_room_01\Coffee_room_01\Videos\video (36).avi,Coffee_room_01,1,NORMAL,0,2e-06,0.47,0,True,TN,0.469998,0.0,0.4883,0.069045,-0.108902
Le2i_Coffee_room_01_video (36)_w038,Le2i_Coffee_room_01_video (36),D:\ONE_DATA\Fall detection\Le2i\data\Coffee_room_01\Coffee_room_01\Videos\video (36).avi,Coffee_room_01,1,NORMAL,0,2e-06,0.47,0,True,TN,0.469998,0.0,0.4891,0.078797,-0.108902
Le2i_Coffee_room_01_video (36)_w039,Le2i_Coffee_room_01_video (36),D:\ONE_DATA\Fall detection\Le2i\data\Coffee_room_01\Coffee_room_01\Videos\video (36).avi,Coffee_room_01,1,NORMAL,0,1e-06,0.47,0,True,TN,0.469999,0.0,0.486,0.078797,-0.061509
Le2i_Coffee_room_01_video (36)_w040,Le2i_Coffee_room_01_video (36),D:\ONE_DATA\Fall detection\Le2i\data\Coffee_room_01\Coffee_room_01\Videos\video (36).avi,Coffee_room_01,1,NORMAL,0,2e-06,0.47,0,True,TN,0.469998,0.0,0.4827,0.118813,-0.113971
Le2i_Coffee_room_01_video (36)_w041,Le2i_Coffee_room_01_video (36),D:\ONE_DATA\Fall detection\Le2i\data\Coffee_room_01\Coffee_room_01\Videos\video (36).avi,Coffee_room_01,1,NORMAL,0,6e-06,0.47,0,True,TN,0.469994,0.0,0.47,0.118813,-0.113971
Le2i_Coffee_room_01_video (36)_w042,Le2i_Coffee_room_01_video (36),D:\ONE_DATA\Fall detection\Le2i\data\Coffee_room_01\Coffee_room_01\Videos\video (36).avi,Coffee_room_01,1,FALL,1,0.000585,0.47,0,False,FN,0.469415,0.999415,0.4525,0.224406,-0.588634
Le2i_Coffee_room_01_video (36)_w043,Le2i_Coffee_room_01_video (36),D:\ONE_DATA\Fall detection\Le2i\data\Coffee_room_01\Coffee_room_01\Videos\video (36).avi,Coffee_room_01,1,FALL,1,0.838027,0.47,1,True,TP,0.368027,0.0,0.458,0.590604,-0.846605
Le2i_Coffee_room_01_video (36)_w044,Le2i_Coffee_room_01_video (36),D:\ONE_DATA\Fall detection\Le2i\data\Coffee_room_01\Coffee_room_01\Videos\video (36).avi,Coffee_room_01,1,FALL,1,0.771897,0.47,1,True,TP,0.301897,0.0,0.4708,0.664714,-0.846605
Le2i_Coffee_room_01_video (36)_w045,Le2i_Coffee_room_01_video (36),D:\ONE_DATA\Fall detection\Le2i\data\Coffee_room_01\Coffee_room_01\Videos\video (36).avi,Coffee_room_01,1,FALL,1,0.798233,0.47,1,True,TP,0.328233,0.0,0.4734,0.664714,-0.533263
Le2i_Coffee_room_01_video (36)_w046,Le2i_Coffee_room_01_video (36),D:\ONE_DATA\Fall detection\Le2i\data\Coffee_room_01\Coffee_room_01\Videos\video (36).avi,Coffee_room_01,1,FALL,1,0.792544,0.47,1,True,TP,0.322544,0.0,0.4723,0.354323,-0.359275
Le2i_Coffee_room_01_video (37)_w000,Le2i_Coffee_room_01_video (37),D:\ONE_DATA\Fall detection\Le2i\data\Coffee_room_01\Coffee_room_01\Videos\video (37).avi,Coffee_room_01,1,NORMAL,0,0.000315,0.47,0,True,TN,0.469685,0.0,0.3139,0.134009,-0.110917
Le2i_Coffee_room_01_video (37)_w001,Le2i_Coffee_room_01_video (37),D:\ONE_DATA\Fall detection\Le2i\data\Coffee_room_01\Coffee_room_01\Videos\video (37).avi,Coffee_room_01,1,FALL,1,1.0,0.47,1,True,TP,0.53,0.0,0.355,90.213844,-99.175705
Le2i_Coffee_room_01_video (37)_w002,Le2i_Coffee_room_01_video (37),D:\ONE_DATA\Fall detection\Le2i\data\Coffee_room_01\Coffee_room_01\Videos\video (37).avi,Coffee_room_01,1,FALL,1,1.0,0.47,1,True,TP,0.53,0.0,0.3192,90.213844,-99.175705
Le2i_Coffee_room_01_video (37)_w003,Le2i_Coffee_room_01_video (37),D:\ONE_DATA\Fall detection\Le2i\data\Coffee_room_01\Coffee_room_01\Videos\video (37).avi,Coffee_room_01,1,NORMAL,0,1.0,0.47,1,False,FP,0.53,1.0,0.2808,76.743668,-78.666176
Le2i_Coffee_room_01_video (37)_w004,Le2i_Coffee_room_01_video (37),D:\ONE_DATA\Fall detection\Le2i\data\Coffee_room_01\Coffee_room_01\Videos\video (37).avi,Coffee_room_01,1,FALL,1,0.829001,0.47,1,True,TP,0.359001,0.0,0.2711,0.503487,-0.58888
Le2i_Coffee_room_01_video (37)_w005,Le2i_Coffee_room_01_video (37),D:\ONE_DATA\Fall detection\Le2i\data\Coffee_room_01\Coffee_room_01\Videos\video (37).avi,Coffee_room_01,1,FALL,1,0.855056,0.47,1,True,TP,0.385056,0.0,0.266,0.482101,-0.4504
Le2i_Coffee_room_01_video (37)_w006,Le2i_Coffee_room_01_video (37),D:\ONE_DATA\Fall detection\Le2i\data\Coffee_room_01\Coffee_room_01\Videos\video (37).avi,Coffee_room_01,1,FALL,1,0.849601,0.47,1,True,TP,0.379601,0.0,0.2657,0.482101,-0.929865
Le2i_Coffee_room_01_video (38)_w000,Le2i_Coffee_room_01_video (38),D:\ONE_DATA\Fall detection\Le2i\data\Coffee_room_01\Coffee_room_01\Videos\video (38).avi,Coffee_room_01,1,NORMAL,0,0.000328,0.47,0,True,TN,0.469672,0.0,0.4735,0.181617,-0.190111
Le2i_Coffee_room_01_video (38)_w001,Le2i_Coffee_room_01_video (38),D:\ONE_DATA\Fall detection\Le2i\data\Coffee_room_01\Coffee_room_01\Videos\video (38).avi,Coffee_room_01,1,NORMAL,0,0.000238,0.47,0,True,TN,0.469762,0.0,0.4831,0.181617,-0.090741
Le2i_Coffee_room_01_video (38)_w002,Le2i_Coffee_room_01_video (38),D:\ONE_DATA\Fall detection\Le2i\data\Coffee_room_01\Coffee_room_01\Videos\video (38).avi,Coffee_room_01,1,NORMAL,0,0.00017,0.47,0,True,TN,0.46983,0.0,0.485,0.119734,-0.096729
Le2i_Coffee_room_01_video (38)_w003,Le2i_Coffee_room_01_video (38),D:\ONE_DATA\Fall detection\Le2i\data\Coffee_room_01\Coffee_room_01\Videos\video (38).avi,Coffee_room_01,1,NORMAL,0,0.000143,0.47,0,True,TN,0.469857,0.0,0.4859,0.098992,-0.096729
Le2i_Coffee_room_01_video (38)_w004,Le2i_Coffee_room_01_video (38),D:\ONE_DATA\Fall detection\Le2i\data\Coffee_room_01\Coffee_room_01\Videos\video (38).avi,Coffee_room_01,1,NORMAL,0,0.000208,0.47,0,True,TN,0.469792,0.0,0.4781,0.098992,-0.16424
Le2i_Coffee_room_01_video (38)_w005,Le2i_Coffee_room_01_video (38),D:\ONE_DATA\Fall detection\Le2i\data\Coffee_room_01\Coffee_room_01\Videos\video (38).avi,Coffee_room_01,1,NORMAL,0,0.780691,0.47,1,False,FP,0.310691,0.780691,0.4478,2.807897,-4.869135
Le2i_Coffee_room_01_video (38)_w006,Le2i_Coffee_room_01_video (38),D:\ONE_DATA\Fall detection\Le2i\data\Coffee_room_01\Coffee_room_01\Videos\video (38).avi,Coffee_room_01,1,NORMAL,0,0.759194,0.47,1,False,FP,0.289194,0.759194,0.4413,2.807897,-4.869135
Le2i_Coffee_room_01_video (38)_w007,Le2i_Coffee_room_01_video (38),D:\ONE_DATA\Fall detection\Le2i\data\Coffee_room_01\Coffee_room_01\Videos\video (38).avi,Coffee_room_01,1,NORMAL,0,0.001708,0.47,0,True,TN,0.468292,0.0,0.4655,1.618816,-1.679673
Le2i_Coffee_room_01_video (38)_w008,Le2i_Coffee_room_01_video (38),D:\ONE_DATA\Fall detection\Le2i\data\Coffee_room_01\Coffee_room_01\Videos\video (38).avi,Coffee_room_01,1,FALL,1,0.727178,0.47,1,True,TP,0.257178,0.0,0.4606,0.521418,-4.706285
Le2i_Coffee_room_01_video (38)_w009,Le2i_Coffee_room_01_video (38),D:\ONE_DATA\Fall detection\Le2i\data\Coffee_room_01\Coffee_room_01\Videos\video (38).avi,Coffee_room_01,1,FALL,1,0.994748,0.47,1,True,TP,0.524748,0.0,0.4382,4.856545,-4.706285
Le2i_Coffee_room_01_video (38)_w010,Le2i_Coffee_room_01_video (38),D:\ONE_DATA\Fall detection\Le2i\data\Coffee_room_01\Coffee_room_01\Videos\video (38).avi,Coffee_room_01,1,FALL,1,0.953567,0.47,1,True,TP,0.483567,0.0,0.4322,4.856545,-1.193595
Le2i_Coffee_room_01_video (38)_w011,Le2i_Coffee_room_01_video (38),D:\ONE_DATA\Fall detection\Le2i\data\Coffee_room_01\Coffee_room_01\Videos\video (38).avi,Coffee_room_01,1,FALL,1,0.805647,0.47,1,True,TP,0.335647,0.0,0.4364,0.345912,-0.205302
Le2i_Coffee_room_01_video (38)_w012,Le2i_Coffee_room_01_video (38),D:\ONE_DATA\Fall detection\Le2i\data\Coffee_room_01\Coffee_room_01\Videos\video (38).avi,Coffee_room_01,1,FALL,1,0.811135,0.47,1,True,TP,0.341135,0.0,0.4378,0.345912,-0.271008
Le2i_Coffee_room_01_video (39)_w000,Le2i_Coffee_room_01_video (39),D:\ONE_DATA\Fall detection\Le2i\data\Coffee_room_01\Coffee_room_01\Videos\video (39).avi,Coffee_room_01,1,NORMAL,0,0.0,0.47,0,True,TN,0.47,0.0,0.4503,0.120668,-0.253986
Le2i_Coffee_room_01_video (39)_w001,Le2i_Coffee_room_01_video (39),D:\ONE_DATA\Fall detection\Le2i\data\Coffee_room_01\Coffee_room_01\Videos\video (39).avi,Coffee_room_01,1,FALL,1,0.972967,0.47,1,True,TP,0.502967,0.0,0.4422,1.324045,-1.820734
Le2i_Coffee_room_01_video (39)_w002,Le2i_Coffee_room_01_video (39),D:\ONE_DATA\Fall detection\Le2i\data\Coffee_room_01\Coffee_room_01\Videos\video (39).avi,Coffee_room_01,1,FALL,1,0.950246,0.47,1,True,TP,0.480246,0.0,0.4139,1.324045,-1.820734
Le2i_Coffee_room_01_video (39)_w003,Le2i_Coffee_room_01_video (39),D:\ONE_DATA\Fall detection\Le2i\data\Coffee_room_01\Coffee_room_01\Videos\video (39).avi,Coffee_room_01,1,FALL,1,0.935353,0.47,1,True,TP,0.465353,0.0,0.3981,0.425403,-0.261515
Le2i_Coffee_room_01_video (39)_w004,Le2i_Coffee_room_01_video (39),D:\ONE_DATA\Fall detection\Le2i\data\Coffee_room_01\Coffee_room_01\Videos\video (39).avi,Coffee_room_01,1,FALL,1,0.921525,0.47,1,True,TP,0.451525,0.0,0.3953,0.206976,-0.224113
Le2i_Coffee_room_01_video (4)_w000,Le2i_Coffee_room_01_video (4),D:\ONE_DATA\Fall detection\Le2i\data\Coffee_room_01\Coffee_room_01\Videos\video (4).avi,Coffee_room_01,1,NORMAL,0,0.820938,0.47,1,False,FP,0.350938,0.820938,0.2352,4.401883,-11.672408
Le2i_Coffee_room_01_video (4)_w001,Le2i_Coffee_room_01_video (4),D:\ONE_DATA\Fall detection\Le2i\data\Coffee_room_01\Coffee_room_01\Videos\video (4).avi,Coffee_room_01,1,NORMAL,0,1.6e-05,0.47,0,True,TN,0.469984,0.0,0.3814,0.595719,-0.285889
Le2i_Coffee_room_01_video (4)_w002,Le2i_Coffee_room_01_video (4),D:\ONE_DATA\Fall detection\Le2i\data\Coffee_room_01\Coffee_room_01\Videos\video (4).avi,Coffee_room_01,1,NORMAL,0,1.9e-05,0.47,0,True,TN,0.469981,0.0,0.4199,0.273867,-0.216103
Le2i_Coffee_room_01_video (4)_w003,Le2i_Coffee_room_01_video (4),D:\ONE_DATA\Fall detection\Le2i\data\Coffee_room_01\Coffee_room_01\Videos\video (4).avi,Coffee_room_01,1,NORMAL,0,0.000181,0.47,0,True,TN,0.469819,0.0,0.4498,0.294652,-0.265837
Le2i_Coffee_room_01_video (4)_w004,Le2i_Coffee_room_01_video (4),D:\ONE_DATA\Fall detection\Le2i\data\Coffee_room_01\Coffee_room_01\Videos\video (4).avi,Coffee_room_01,1,FALL,1,1.0,0.47,1,True,TP,0.53,0.0,0.4207,8.035164,-26.719942
Le2i_Coffee_room_01_video (4)_w005,Le2i_Coffee_room_01_video (4),D:\ONE_DATA\Fall detection\Le2i\data\Coffee_room_01\Coffee_room_01\Videos\video (4).avi,Coffee_room_01,1,FALL,1,1.0,0.47,1,True,TP,0.53,0.0,0.3582,15.538084,-26.719942
Le2i_Coffee_room_01_video (4)_w006,Le2i_Coffee_room_01_video (4),D:\ONE_DATA\Fall detection\Le2i\data\Coffee_room_01\Coffee_room_01\Videos\video (4).avi,Coffee_room_01,1,NORMAL,0,0.975147,0.47,1,False,FP,0.505147,0.975147,0.2691,22.979141,-16.182133
Le2i_Coffee_room_01_video (40)_w000,Le2i_Coffee_room_01_video (40),D:\ONE_DATA\Fall detection\Le2i\data\Coffee_room_01\Coffee_room_01\Videos\video (40).avi,Coffee_room_01,1,NORMAL,0,0.0,0.47,0,True,TN,0.47,0.0,0.431,0.419528,-0.271622
Le2i_Coffee_room_01_video (40)_w001,Le2i_Coffee_room_01_video (40),D:\ONE_DATA\Fall detection\Le2i\data\Coffee_room_01\Coffee_room_01\Videos\video (40).avi,Coffee_room_01,1,NORMAL,0,1.1e-05,0.47,0,True,TN,0.469989,0.0,0.4311,0.419528,-0.386906
Le2i_Coffee_room_01_video (40)_w002,Le2i_Coffee_room_01_video (40),D:\ONE_DATA\Fall detection\Le2i\data\Coffee_room_01\Coffee_room_01\Videos\video (40).avi,Coffee_room_01,1,NORMAL,0,9.4e-05,0.47,0,True,TN,0.469906,0.0,0.4198,0.242259,-0.386906
Le2i_Coffee_room_01_video (40)_w003,Le2i_Coffee_room_01_video (40),D:\ONE_DATA\Fall detection\Le2i\data\Coffee_room_01\Coffee_room_01\Videos\video (40).avi,Coffee_room_01,1,NORMAL,0,5e-06,0.47,0,True,TN,0.469995,0.0,0.4065,0.51675,-0.433412
Le2i_Coffee_room_01_video (40)_w004,Le2i_Coffee_room_01_video (40),D:\ONE_DATA\Fall detection\Le2i\data\Coffee_room_01\Coffee_room_01\Videos\video (40).avi,Coffee_room_01,1,NORMAL,0,0.0,0.47,0,True,TN,0.47,0.0,0.4066,0.51675,-0.433412
Le2i_Coffee_room_01_video (40)_w005,Le2i_Coffee_room_01_video (40),D:\ONE_DATA\Fall detection\Le2i\data\Coffee_room_01\Coffee_room_01\Videos\video (40).avi,Coffee_room_01,1,NORMAL,0,0.0,0.47,0,True,TN,0.47,0.0,0.4103,0.370903,-0.244605
Le2i_Coffee_room_01_video (40)_w006,Le2i_Coffee_room_01_video (40),D:\ONE_DATA\Fall detection\Le2i\data\Coffee_room_01\Coffee_room_01\Videos\video (40).avi,Coffee_room_01,1,NORMAL,0,0.0,0.47,0,True,TN,0.47,0.0,0.3972,0.370903,-0.244605
Le2i_Coffee_room_01_video (40)_w007,Le2i_Coffee_room_01_video (40),D:\ONE_DATA\Fall detection\Le2i\data\Coffee_room_01\Coffee_room_01\Videos\video (40).avi,Coffee_room_01,1,NORMAL,0,0.0,0.47,0,True,TN,0.47,0.0,0.3447,0.264219,-0.173507
Le2i_Coffee_room_01_video (40)_w008,Le2i_Coffee_room_01_video (40),D:\ONE_DATA\Fall detection\Le2i\data\Coffee_room_01\Coffee_room_01\Videos\video (40).avi,Coffee_room_01,1,NORMAL,0,1e-06,0.47,0,True,TN,0.469999,0.0,0.3843,0.264219,-0.161463
Le2i_Coffee_room_01_video (40)_w009,Le2i_Coffee_room_01_video (40),D:\ONE_DATA\Fall detection\Le2i\data\Coffee_room_01\Coffee_room_01\Videos\video (40).avi,Coffee_room_01,1,FALL,1,0.90631,0.47,1,True,TP,0.43631,0.0,0.4601,1.240324,-0.918275
Le2i_Coffee_room_01_video (40)_w010,Le2i_Coffee_room_01_video (40),D:\ONE_DATA\Fall detection\Le2i\data\Coffee_room_01\Coffee_room_01\Videos\video (40).avi,Coffee_room_01,1,FALL,1,0.890081,0.47,1,True,TP,0.420081,0.0,0.4572,1.240324,-0.918275
Le2i_Coffee_room_01_video (40)_w011,Le2i_Coffee_room_01_video (40),D:\ONE_DATA\Fall detection\Le2i\data\Coffee_room_01\Coffee_room_01\Videos\video (40).avi,Coffee_room_01,1,FALL,1,0.843563,0.47,1,True,TP,0.373563,0.0,0.4574,0.178222,-0.171471
Le2i_Coffee_room_01_video (40)_w012,Le2i_Coffee_room_01_video (40),D:\ONE_DATA\Fall detection\Le2i\data\Coffee_room_01\Coffee_room_01\Videos\video (40).avi,Coffee_room_01,1,FALL,1,0.803803,0.47,1,True,TP,0.333803,0.0,0.4449,5.569984,-0.724454
Le2i_Coffee_room_01_video (41)_w000,Le2i_Coffee_room_01_video (41),D:\ONE_DATA\Fall detection\Le2i\data\Coffee_room_01\Coffee_room_01\Videos\video (41).avi,Coffee_room_01,1,NORMAL,0,0.0,0.47,0,True,TN,0.47,0.0,0.4246,0.473913,-0.205113
Le2i_Coffee_room_01_video (41)_w001,Le2i_Coffee_room_01_video (41),D:\ONE_DATA\Fall detection\Le2i\data\Coffee_room_01\Coffee_room_01\Videos\video (41).avi,Coffee_room_01,1,NORMAL,0,0.0,0.47,0,True,TN,0.47,0.0,0.4418,0.473913,-0.242811
Le2i_Coffee_room_01_video (41)_w002,Le2i_Coffee_room_01_video (41),D:\ONE_DATA\Fall detection\Le2i\data\Coffee_room_01\Coffee_room_01\Videos\video (41).avi,Coffee_room_01,1,NORMAL,0,0.0,0.47,0,True,TN,0.47,0.0,0.4694,0.160797,-0.242811
Le2i_Coffee_room_01_video (41)_w003,Le2i_Coffee_room_01_video (41),D:\ONE_DATA\Fall detection\Le2i\data\Coffee_room_01\Coffee_room_01\Videos\video (41).avi,Coffee_room_01,1,NORMAL,0,0.0,0.47,0,True,TN,0.47,0.0,0.4852,0.105058,-0.099306
Le2i_Coffee_room_01_video (41)_w004,Le2i_Coffee_room_01_video (41),D:\ONE_DATA\Fall detection\Le2i\data\Coffee_room_01\Coffee_room_01\Videos\video (41).avi,Coffee_room_01,1,NORMAL,0,1e-06,0.47,0,True,TN,0.469999,0.0,0.4881,0.105058,-0.099306
Le2i_Coffee_room_01_video (41)_w005,Le2i_Coffee_room_01_video (41),D:\ONE_DATA\Fall detection\Le2i\data\Coffee_room_01\Coffee_room_01\Videos\video (41).avi,Coffee_room_01,1,NORMAL,0,5e-06,0.47,0,True,TN,0.469995,0.0,0.4783,0.093842,-0.095017
Le2i_Coffee_room_01_video (41)_w006,Le2i_Coffee_room_01_video (41),D:\ONE_DATA\Fall detection\Le2i\data\Coffee_room_01\Coffee_room_01\Videos\video (41).avi,Coffee_room_01,1,NORMAL,0,2.9e-05,0.47,0,True,TN,0.469971,0.0,0.4599,0.140505,-0.139507
Le2i_Coffee_room_01_video (41)_w007,Le2i_Coffee_room_01_video (41),D:\ONE_DATA\Fall detection\Le2i\data\Coffee_room_01\Coffee_room_01\Videos\video (41).avi,Coffee_room_01,1,NORMAL,0,6.3e-05,0.47,0,True,TN,0.469937,0.0,0.4294,0.396862,-0.220621
Le2i_Coffee_room_01_video (41)_w008,Le2i_Coffee_room_01_video (41),D:\ONE_DATA\Fall detection\Le2i\data\Coffee_room_01\Coffee_room_01\Videos\video (41).avi,Coffee_room_01,1,NORMAL,0,6.2e-05,0.47,0,True,TN,0.469938,0.0,0.3948,0.396862,-0.220621
Le2i_Coffee_room_01_video (41)_w009,Le2i_Coffee_room_01_video (41),D:\ONE_DATA\Fall detection\Le2i\data\Coffee_room_01\Coffee_room_01\Videos\video (41).avi,Coffee_room_01,1,NORMAL,0,0.02558,0.47,0,True,TN,0.44442,0.0,0.3802,1.170167,-1.239066
Le2i_Coffee_room_01_video (41)_w010,Le2i_Coffee_room_01_video (41),D:\ONE_DATA\Fall detection\Le2i\data\Coffee_room_01\Coffee_room_01\Videos\video (41).avi,Coffee_room_01,1,FALL,1,1.0,0.47,1,True,TP,0.53,0.0,0.3823,64.465393,-63.348972
Le2i_Coffee_room_01_video (41)_w011,Le2i_Coffee_room_01_video (41),D:\ONE_DATA\Fall detection\Le2i\data\Coffee_room_01\Coffee_room_01\Videos\video (41).avi,Coffee_room_01,1,FALL,1,1.0,0.47,1,True,TP,0.53,0.0,0.378,64.465393,-63.348972
Le2i_Coffee_room_01_video (41)_w012,Le2i_Coffee_room_01_video (41),D:\ONE_DATA\Fall detection\Le2i\data\Coffee_room_01\Coffee_room_01\Videos\video (41).avi,Coffee_room_01,1,FALL,1,0.923616,0.47,1,True,TP,0.453616,0.0,0.3706,2.951272,-1.962921
Le2i_Coffee_room_01_video (41)_w013,Le2i_Coffee_room_01_video (41),D:\ONE_DATA\Fall detection\Le2i\data\Coffee_room_01\Coffee_room_01\Videos\video (41).avi,Coffee_room_01,1,FALL,1,0.997349,0.47,1,True,TP,0.527349,0.0,0.374,10.348073,-14.187143
Le2i_Coffee_room_01_video (42)_w000,Le2i_Coffee_room_01_video (42),D:\ONE_DATA\Fall detection\Le2i\data\Coffee_room_01\Coffee_room_01\Videos\video (42).avi,Coffee_room_01,1,NORMAL,0,0.0,0.47,0,True,TN,0.47,0.0,0.467,0.690755,-1.091092
Le2i_Coffee_room_01_video (42)_w001,Le2i_Coffee_room_01_video (42),D:\ONE_DATA\Fall detection\Le2i\data\Coffee_room_01\Coffee_room_01\Videos\video (42).avi,Coffee_room_01,1,NORMAL,0,0.0,0.47,0,True,TN,0.47,0.0,0.4717,0.690755,-0.711417
Le2i_Coffee_room_01_video (42)_w002,Le2i_Coffee_room_01_video (42),D:\ONE_DATA\Fall detection\Le2i\data\Coffee_room_01\Coffee_room_01\Videos\video (42).avi,Coffee_room_01,1,NORMAL,0,0.0,0.47,0,True,TN,0.47,0.0,0.4805,0.302149,-0.17351
Le2i_Coffee_room_01_video (42)_w003,Le2i_Coffee_room_01_video (42),D:\ONE_DATA\Fall detection\Le2i\data\Coffee_room_01\Coffee_room_01\Videos\video (42).avi,Coffee_room_01,1,FALL,1,0.621964,0.47,1,True,TP,0.151964,0.0,0.4727,1.86427,-1.193208
Le2i_Coffee_room_01_video (42)_w004,Le2i_Coffee_room_01_video (42),D:\ONE_DATA\Fall detection\Le2i\data\Coffee_room_01\Coffee_room_01\Videos\video (42).avi,Coffee_room_01,1,FALL,1,0.901866,0.47,1,True,TP,0.431866,0.0,0.4562,1.86427,-1.193208
Le2i_Coffee_room_01_video (43)_w000,Le2i_Coffee_room_01_video (43),D:\ONE_DATA\Fall detection\Le2i\data\Coffee_room_01\Coffee_room_01\Videos\video (43).avi,Coffee_room_01,1,NORMAL,0,0.0,0.47,0,True,TN,0.47,0.0,0.4436,0.17601,-0.224799
Le2i_Coffee_room_01_video (43)_w001,Le2i_Coffee_room_01_video (43),D:\ONE_DATA\Fall detection\Le2i\data\Coffee_room_01\Coffee_room_01\Videos\video (43).avi,Coffee_room_01,1,NORMAL,0,0.0,0.47,0,True,TN,0.47,0.0,0.4342,0.312278,-0.224799
Le2i_Coffee_room_01_video (43)_w002,Le2i_Coffee_room_01_video (43),D:\ONE_DATA\Fall detection\Le2i\data\Coffee_room_01\Coffee_room_01\Videos\video (43).avi,Coffee_room_01,1,NORMAL,0,0.0,0.47,0,True,TN,0.47,0.0,0.4333,0.312278,-0.203045
Le2i_Coffee_room_01_video (43)_w003,Le2i_Coffee_room_01_video (43),D:\ONE_DATA\Fall detection\Le2i\data\Coffee_room_01\Coffee_room_01\Videos\video (43).avi,Coffee_room_01,1,NORMAL,0,3e-05,0.47,0,True,TN,0.46997,0.0,0.4382,0.127396,-0.16486
Le2i_Coffee_room_01_video (43)_w004,Le2i_Coffee_room_01_video (43),D:\ONE_DATA\Fall detection\Le2i\data\Coffee_room_01\Coffee_room_01\Videos\video (43).avi,Coffee_room_01,1,NORMAL,0,0.000149,0.47,0,True,TN,0.469851,0.0,0.4319,0.120183,-0.16486
Le2i_Coffee_room_01_video (43)_w005,Le2i_Coffee_room_01_video (43),D:\ONE_DATA\Fall detection\Le2i\data\Coffee_room_01\Coffee_room_01\Videos\video (43).avi,Coffee_room_01,1,NORMAL,0,0.000128,0.47,0,True,TN,0.469872,0.0,0.4185,0.101173,-0.148953
Le2i_Coffee_room_01_video (43)_w006,Le2i_Coffee_room_01_video (43),D:\ONE_DATA\Fall detection\Le2i\data\Coffee_room_01\Coffee_room_01\Videos\video (43).avi,Coffee_room_01,1,NORMAL,0,1.2e-05,0.47,0,True,TN,0.469988,0.0,0.4155,0.104388,-0.119246
Le2i_Coffee_room_01_video (43)_w007,Le2i_Coffee_room_01_video (43),D:\ONE_DATA\Fall detection\Le2i\data\Coffee_room_01\Coffee_room_01\Videos\video (43).avi,Coffee_room_01,1,NORMAL,0,2e-06,0.47,0,True,TN,0.469998,0.0,0.44,0.104388,-0.119246
Le2i_Coffee_room_01_video (43)_w008,Le2i_Coffee_room_01_video (43),D:\ONE_DATA\Fall detection\Le2i\data\Coffee_room_01\Coffee_room_01\Videos\video (43).avi,Coffee_room_01,1,NORMAL,0,1e-06,0.47,0,True,TN,0.469999,0.0,0.4565,0.059681,-0.069611
Le2i_Coffee_room_01_video (43)_w009,Le2i_Coffee_room_01_video (43),D:\ONE_DATA\Fall detection\Le2i\data\Coffee_room_01\Coffee_room_01\Videos\video (43).avi,Coffee_room_01,1,NORMAL,0,1e-06,0.47,0,True,TN,0.469999,0.0,0.4686,0.067485,-0.064973
Le2i_Coffee_room_01_video (43)_w010,Le2i_Coffee_room_01_video (43),D:\ONE_DATA\Fall detection\Le2i\data\Coffee_room_01\Coffee_room_01\Videos\video (43).avi,Coffee_room_01,1,NORMAL,0,1e-06,0.47,0,True,TN,0.469999,0.0,0.4609,0.088126,-0.080278
Le2i_Coffee_room_01_video (43)_w011,Le2i_Coffee_room_01_video (43),D:\ONE_DATA\Fall detection\Le2i\data\Coffee_room_01\Coffee_room_01\Videos\video (43).avi,Coffee_room_01,1,NORMAL,0,2e-06,0.47,0,True,TN,0.469998,0.0,0.4329,0.107213,-0.133536
Le2i_Coffee_room_01_video (43)_w012,Le2i_Coffee_room_01_video (43),D:\ONE_DATA\Fall detection\Le2i\data\Coffee_room_01\Coffee_room_01\Videos\video (43).avi,Coffee_room_01,1,NORMAL,0,1.3e-05,0.47,0,True,TN,0.469987,0.0,0.4189,0.107213,-0.133536
Le2i_Coffee_room_01_video (43)_w013,Le2i_Coffee_room_01_video (43),D:\ONE_DATA\Fall detection\Le2i\data\Coffee_room_01\Coffee_room_01\Videos\video (43).avi,Coffee_room_01,1,NORMAL,0,2.7e-05,0.47,0,True,TN,0.469973,0.0,0.4281,0.09336,-0.066893
Le2i_Coffee_room_01_video (43)_w014,Le2i_Coffee_room_01_video (43),D:\ONE_DATA\Fall detection\Le2i\data\Coffee_room_01\Coffee_room_01\Videos\video (43).avi,Coffee_room_01,1,NORMAL,0,0.000159,0.47,0,True,TN,0.469841,0.0,0.4641,0.051016,-0.080463
Le2i_Coffee_room_01_video (43)_w015,Le2i_Coffee_room_01_video (43),D:\ONE_DATA\Fall detection\Le2i\data\Coffee_room_01\Coffee_room_01\Videos\video (43).avi,Coffee_room_01,1,NORMAL,0,0.000126,0.47,0,True,TN,0.469874,0.0,0.4808,0.054287,-0.080463
Le2i_Coffee_room_01_video (43)_w016,Le2i_Coffee_room_01_video (43),D:\ONE_DATA\Fall detection\Le2i\data\Coffee_room_01\Coffee_room_01\Videos\video (43).avi,Coffee_room_01,1,NORMAL,0,6.4e-05,0.47,0,True,TN,0.469936,0.0,0.4779,0.082183,-0.087646
Le2i_Coffee_room_01_video (43)_w017,Le2i_Coffee_room_01_video (43),D:\ONE_DATA\Fall detection\Le2i\data\Coffee_room_01\Coffee_room_01\Videos\video (43).avi,Coffee_room_01,1,NORMAL,0,4.3e-05,0.47,0,True,TN,0.469957,0.0,0.4736,0.082183,-0.087646
Le2i_Coffee_room_01_video (43)_w018,Le2i_Coffee_room_01_video (43),D:\ONE_DATA\Fall detection\Le2i\data\Coffee_room_01\Coffee_room_01\Videos\video (43).avi,Coffee_room_01,1,NORMAL,0,3.8e-05,0.47,0,True,TN,0.469962,0.0,0.4674,0.057305,-0.055345
Le2i_Coffee_room_01_video (43)_w019,Le2i_Coffee_room_01_video (43),D:\ONE_DATA\Fall detection\Le2i\data\Coffee_room_01\Coffee_room_01\Videos\video (43).avi,Coffee_room_01,1,NORMAL,0,3.8e-05,0.47,0,True,TN,0.469962,0.0,0.4687,0.073274,-0.087756
Le2i_Coffee_room_01_video (43)_w020,Le2i_Coffee_room_01_video (43),D:\ONE_DATA\Fall detection\Le2i\data\Coffee_room_01\Coffee_room_01\Videos\video (43).avi,Coffee_room_01,1,NORMAL,0,6.4e-05,0.47,0,True,TN,0.469936,0.0,0.47,0.073274,-0.087756
Le2i_Coffee_room_01_video (43)_w021,Le2i_Coffee_room_01_video (43),D:\ONE_DATA\Fall detection\Le2i\data\Coffee_room_01\Coffee_room_01\Videos\video (43).avi,Coffee_room_01,1,NORMAL,0,0.000188,0.47,0,True,TN,0.469812,0.0,0.463,0.067452,-0.050344
Le2i_Coffee_room_01_video (43)_w022,Le2i_Coffee_room_01_video (43),D:\ONE_DATA\Fall detection\Le2i\data\Coffee_room_01\Coffee_room_01\Videos\video (43).avi,Coffee_room_01,1,NORMAL,0,0.000275,0.47,0,True,TN,0.469725,0.0,0.4569,0.038048,-0.033595
Le2i_Coffee_room_01_video (43)_w023,Le2i_Coffee_room_01_video (43),D:\ONE_DATA\Fall detection\Le2i\data\Coffee_room_01\Coffee_room_01\Videos\video (43).avi,Coffee_room_01,1,NORMAL,0,0.000454,0.47,0,True,TN,0.469546,0.0,0.4544,0.096158,-0.080244
Le2i_Coffee_room_01_video (43)_w024,Le2i_Coffee_room_01_video (43),D:\ONE_DATA\Fall detection\Le2i\data\Coffee_room_01\Coffee_room_01\Videos\video (43).avi,Coffee_room_01,1,FALL,1,0.784821,0.47,1,True,TP,0.314821,0.0,0.4506,0.707709,-0.727598
Le2i_Coffee_room_01_video (43)_w025,Le2i_Coffee_room_01_video (43),D:\ONE_DATA\Fall detection\Le2i\data\Coffee_room_01\Coffee_room_01\Videos\video (43).avi,Coffee_room_01,1,FALL,1,0.802957,0.47,1,True,TP,0.332957,0.0,0.4432,0.707709,-0.727598
Le2i_Coffee_room_01_video (43)_w026,Le2i_Coffee_room_01_video (43),D:\ONE_DATA\Fall detection\Le2i\data\Coffee_room_01\Coffee_room_01\Videos\video (43).avi,Coffee_room_01,1,FALL,1,0.758006,0.47,1,True,TP,0.288006,0.0,0.4326,0.257738,-0.43713
Le2i_Coffee_room_01_video (44)_w000,Le2i_Coffee_room_01_video (44),D:\ONE_DATA\Fall detection\Le2i\data\Coffee_room_01\Coffee_room_01\Videos\video (44).avi,Coffee_room_01,1,NORMAL,0,0.000694,0.47,0,True,TN,0.469306,0.0,0.4248,0.342258,-0.231231
Le2i_Coffee_room_01_video (44)_w001,Le2i_Coffee_room_01_video (44),D:\ONE_DATA\Fall detection\Le2i\data\Coffee_room_01\Coffee_room_01\Videos\video (44).avi,Coffee_room_01,1,FALL,1,0.848232,0.47,1,True,TP,0.378232,0.0,0.3902,6.295085,-10.198342
Le2i_Coffee_room_01_video (44)_w002,Le2i_Coffee_room_01_video (44),D:\ONE_DATA\Fall detection\Le2i\data\Coffee_room_01\Coffee_room_01\Videos\video (44).avi,Coffee_room_01,1,FALL,1,0.999378,0.47,1,True,TP,0.529378,0.0,0.371,13.028147,-17.306837
Le2i_Coffee_room_01_video (44)_w003,Le2i_Coffee_room_01_video (44),D:\ONE_DATA\Fall detection\Le2i\data\Coffee_room_01\Coffee_room_01\Videos\video (44).avi,Coffee_room_01,1,FALL,1,0.999486,0.47,1,True,TP,0.529486,0.0,0.4024,13.028147,-17.306837
Le2i_Coffee_room_01_video (45)_w000,Le2i_Coffee_room_01_video (45),D:\ONE_DATA\Fall detection\Le2i\data\Coffee_room_01\Coffee_room_01\Videos\video (45).avi,Coffee_room_01,1,NORMAL,0,5.6e-05,0.47,0,True,TN,0.469944,0.0,0.4835,0.068837,-0.045287
Le2i_Coffee_room_01_video (45)_w001,Le2i_Coffee_room_01_video (45),D:\ONE_DATA\Fall detection\Le2i\data\Coffee_room_01\Coffee_room_01\Videos\video (45).avi,Coffee_room_01,1,NORMAL,0,3.7e-05,0.47,0,True,TN,0.469963,0.0,0.4862,0.068837,-0.076006
Le2i_Coffee_room_01_video (45)_w002,Le2i_Coffee_room_01_video (45),D:\ONE_DATA\Fall detection\Le2i\data\Coffee_room_01\Coffee_room_01\Videos\video (45).avi,Coffee_room_01,1,NORMAL,0,7.8e-05,0.47,0,True,TN,0.469922,0.0,0.476,0.334376,-0.267713
Le2i_Coffee_room_01_video (45)_w003,Le2i_Coffee_room_01_video (45),D:\ONE_DATA\Fall detection\Le2i\data\Coffee_room_01\Coffee_room_01\Videos\video (45).avi,Coffee_room_01,1,FALL,1,0.778187,0.47,1,True,TP,0.308187,0.0,0.4597,0.409245,-0.553466
Le2i_Coffee_room_01_video (45)_w004,Le2i_Coffee_room_01_video (45),D:\ONE_DATA\Fall detection\Le2i\data\Coffee_room_01\Coffee_room_01\Videos\video (45).avi,Coffee_room_01,1,FALL,1,0.738522,0.47,1,True,TP,0.268522,0.0,0.4437,0.409245,-0.553466
Le2i_Coffee_room_01_video (45)_w005,Le2i_Coffee_room_01_video (45),D:\ONE_DATA\Fall detection\Le2i\data\Coffee_room_01\Coffee_room_01\Videos\video (45).avi,Coffee_room_01,1,NORMAL,0,0.710702,0.47,1,False,FP,0.240702,0.710702,0.4387,0.167033,-0.150961
Le2i_Coffee_room_01_video (45)_w006,Le2i_Coffee_room_01_video (45),D:\ONE_DATA\Fall detection\Le2i\data\Coffee_room_01\Coffee_room_01\Videos\video (45).avi,Coffee_room_01,1,FALL,1,0.704534,0.47,1,True,TP,0.234534,0.0,0.4391,0.098152,-0.08213
Le2i_Coffee_room_01_video (46)_w000,Le2i_Coffee_room_01_video (46),D:\ONE_DATA\Fall detection\Le2i\data\Coffee_room_01\Coffee_room_01\Videos\video (46).avi,Coffee_room_01,1,NORMAL,0,0.000395,0.47,0,True,TN,0.469605,0.0,0.4248,0.057034,-0.069213
Le2i_Coffee_room_01_video (46)_w001,Le2i_Coffee_room_01_video (46),D:\ONE_DATA\Fall detection\Le2i\data\Coffee_room_01\Coffee_room_01\Videos\video (46).avi,Coffee_room_01,1,NORMAL,0,0.000375,0.47,0,True,TN,0.469625,0.0,0.4306,0.064069,-0.069213
Le2i_Coffee_room_01_video (46)_w002,Le2i_Coffee_room_01_video (46),D:\ONE_DATA\Fall detection\Le2i\data\Coffee_room_01\Coffee_room_01\Videos\video (46).avi,Coffee_room_01,1,NORMAL,0,0.000308,0.47,0,True,TN,0.469692,0.0,0.4546,0.066455,-0.100129
Le2i_Coffee_room_01_video (46)_w003,Le2i_Coffee_room_01_video (46),D:\ONE_DATA\Fall detection\Le2i\data\Coffee_room_01\Coffee_room_01\Videos\video (46).avi,Coffee_room_01,1,NORMAL,0,0.00036,0.47,0,True,TN,0.46964,0.0,0.4672,0.127764,-0.100129
Le2i_Coffee_room_01_video (46)_w004,Le2i_Coffee_room_01_video (46),D:\ONE_DATA\Fall detection\Le2i\data\Coffee_room_01\Coffee_room_01\Videos\video (46).avi,Coffee_room_01,1,NORMAL,0,0.000438,0.47,0,True,TN,0.469562,0.0,0.4723,0.127764,-0.103736
Le2i_Coffee_room_01_video (46)_w005,Le2i_Coffee_room_01_video (46),D:\ONE_DATA\Fall detection\Le2i\data\Coffee_room_01\Coffee_room_01\Videos\video (46).avi,Coffee_room_01,1,FALL,1,0.012825,0.47,0,False,FN,0.457175,0.987175,0.462,0.582098,-0.395303
Le2i_Coffee_room_01_video (46)_w006,Le2i_Coffee_room_01_video (46),D:\ONE_DATA\Fall detection\Le2i\data\Coffee_room_01\Coffee_room_01\Videos\video (46).avi,Coffee_room_01,1,FALL,1,1.0,0.47,1,True,TP,0.53,0.0,0.3873,74.918289,-82.550034
Le2i_Coffee_room_01_video (46)_w007,Le2i_Coffee_room_01_video (46),D:\ONE_DATA\Fall detection\Le2i\data\Coffee_room_01\Coffee_room_01\Videos\video (46).avi,Coffee_room_01,1,FALL,1,0.474617,0.47,1,True,TP,0.004617,0.0,0.2502,123.142189,-123.380104
Le2i_Coffee_room_01_video (46)_w008,Le2i_Coffee_room_01_video (46),D:\ONE_DATA\Fall detection\Le2i\data\Coffee_room_01\Coffee_room_01\Videos\video (46).avi,Coffee_room_01,1,FALL,1,0.0,0.47,0,False,FN,0.47,1.0,0.1939,123.142189,-123.380104
Le2i_Coffee_room_01_video (46)_w009,Le2i_Coffee_room_01_video (46),D:\ONE_DATA\Fall detection\Le2i\data\Coffee_room_01\Coffee_room_01\Videos\video (46).avi,Coffee_room_01,1,FALL,1,0.93362,0.47,1,True,TP,0.46362,0.0,0.2114,75.901405,-76.05101
Le2i_Coffee_room_01_video (47)_w000,Le2i_Coffee_room_01_video (47),D:\ONE_DATA\Fall detection\Le2i\data\Coffee_room_01\Coffee_room_01\Videos\video (47).avi,Coffee_room_01,1,NORMAL,0,0.0,0.47,0,True,TN,0.47,0.0,0.4412,0.606701,-0.988859
Le2i_Coffee_room_01_video (47)_w001,Le2i_Coffee_room_01_video (47),D:\ONE_DATA\Fall detection\Le2i\data\Coffee_room_01\Coffee_room_01\Videos\video (47).avi,Coffee_room_01,1,NORMAL,0,3.8e-05,0.47,0,True,TN,0.469962,0.0,0.4506,0.243339,-0.209594
Le2i_Coffee_room_01_video (47)_w002,Le2i_Coffee_room_01_video (47),D:\ONE_DATA\Fall detection\Le2i\data\Coffee_room_01\Coffee_room_01\Videos\video (47).avi,Coffee_room_01,1,NORMAL,0,0.000111,0.47,0,True,TN,0.469889,0.0,0.4323,0.195247,-0.1328
Le2i_Coffee_room_01_video (47)_w003,Le2i_Coffee_room_01_video (47),D:\ONE_DATA\Fall detection\Le2i\data\Coffee_room_01\Coffee_room_01\Videos\video (47).avi,Coffee_room_01,1,NORMAL,0,3.3e-05,0.47,0,True,TN,0.469967,0.0,0.4133,0.143567,-0.097813
Le2i_Coffee_room_01_video (47)_w004,Le2i_Coffee_room_01_video (47),D:\ONE_DATA\Fall detection\Le2i\data\Coffee_room_01\Coffee_room_01\Videos\video (47).avi,Coffee_room_01,1,NORMAL,0,2e-06,0.47,0,True,TN,0.469998,0.0,0.4186,0.143567,-0.135074
Le2i_Coffee_room_01_video (47)_w005,Le2i_Coffee_room_01_video (47),D:\ONE_DATA\Fall detection\Le2i\data\Coffee_room_01\Coffee_room_01\Videos\video (47).avi,Coffee_room_01,1,NORMAL,0,0.0,0.47,0,True,TN,0.47,0.0,0.4352,0.240763,-0.135074
Le2i_Coffee_room_01_video (47)_w006,Le2i_Coffee_room_01_video (47),D:\ONE_DATA\Fall detection\Le2i\data\Coffee_room_01\Coffee_room_01\Videos\video (47).avi,Coffee_room_01,1,NORMAL,0,0.0,0.47,0,True,TN,0.47,0.0,0.4148,0.240763,-0.12763
Le2i_Coffee_room_01_video (47)_w007,Le2i_Coffee_room_01_video (47),D:\ONE_DATA\Fall detection\Le2i\data\Coffee_room_01\Coffee_room_01\Videos\video (47).avi,Coffee_room_01,1,NORMAL,0,0.0,0.47,0,True,TN,0.47,0.0,0.3975,0.070033,-0.12763
Le2i_Coffee_room_01_video (47)_w008,Le2i_Coffee_room_01_video (47),D:\ONE_DATA\Fall detection\Le2i\data\Coffee_room_01\Coffee_room_01\Videos\video (47).avi,Coffee_room_01,1,NORMAL,0,0.0,0.47,0,True,TN,0.47,0.0,0.3979,0.232189,-0.190254
Le2i_Coffee_room_01_video (47)_w009,Le2i_Coffee_room_01_video (47),D:\ONE_DATA\Fall detection\Le2i\data\Coffee_room_01\Coffee_room_01\Videos\video (47).avi,Coffee_room_01,1,NORMAL,0,0.0,0.47,0,True,TN,0.47,0.0,0.4016,0.232189,-0.190254
Le2i_Coffee_room_01_video (47)_w010,Le2i_Coffee_room_01_video (47),D:\ONE_DATA\Fall detection\Le2i\data\Coffee_room_01\Coffee_room_01\Videos\video (47).avi,Coffee_room_01,1,NORMAL,0,0.0,0.47,0,True,TN,0.47,0.0,0.4089,0.083281,-0.087541
Le2i_Coffee_room_01_video (47)_w011,Le2i_Coffee_room_01_video (47),D:\ONE_DATA\Fall detection\Le2i\data\Coffee_room_01\Coffee_room_01\Videos\video (47).avi,Coffee_room_01,1,NORMAL,0,0.0,0.47,0,True,TN,0.47,0.0,0.4187,0.139843,-0.087541
Le2i_Coffee_room_01_video (47)_w012,Le2i_Coffee_room_01_video (47),D:\ONE_DATA\Fall detection\Le2i\data\Coffee_room_01\Coffee_room_01\Videos\video (47).avi,Coffee_room_01,1,NORMAL,0,0.0,0.47,0,True,TN,0.47,0.0,0.4216,0.334363,-0.293189
Le2i_Coffee_room_01_video (47)_w013,Le2i_Coffee_room_01_video (47),D:\ONE_DATA\Fall detection\Le2i\data\Coffee_room_01\Coffee_room_01\Videos\video (47).avi,Coffee_room_01,1,NORMAL,0,0.0,0.47,0,True,TN,0.47,0.0,0.4096,0.334363,-0.293189
Le2i_Coffee_room_01_video (47)_w014,Le2i_Coffee_room_01_video (47),D:\ONE_DATA\Fall detection\Le2i\data\Coffee_room_01\Coffee_room_01\Videos\video (47).avi,Coffee_room_01,1,NORMAL,0,0.0,0.47,0,True,TN,0.47,0.0,0.4289,0.105964,-0.148459
Le2i_Coffee_room_01_video (47)_w015,Le2i_Coffee_room_01_video (47),D:\ONE_DATA\Fall detection\Le2i\data\Coffee_room_01\Coffee_room_01\Videos\video (47).avi,Coffee_room_01,1,NORMAL,0,0.0,0.47,0,True,TN,0.47,0.0,0.4635,0.06692,-0.091325
Le2i_Coffee_room_01_video (47)_w016,Le2i_Coffee_room_01_video (47),D:\ONE_DATA\Fall detection\Le2i\data\Coffee_room_01\Coffee_room_01\Videos\video (47).avi,Coffee_room_01,1,NORMAL,0,0.0,0.47,0,True,TN,0.47,0.0,0.4837,0.06692,-0.091325
Le2i_Coffee_room_01_video (47)_w017,Le2i_Coffee_room_01_video (47),D:\ONE_DATA\Fall detection\Le2i\data\Coffee_room_01\Coffee_room_01\Videos\video (47).avi,Coffee_room_01,1,NORMAL,0,0.0,0.47,0,True,TN,0.47,0.0,0.487,0.080355,-0.052536
Le2i_Coffee_room_01_video (47)_w018,Le2i_Coffee_room_01_video (47),D:\ONE_DATA\Fall detection\Le2i\data\Coffee_room_01\Coffee_room_01\Videos\video (47).avi,Coffee_room_01,1,NORMAL,0,2e-06,0.47,0,True,TN,0.469998,0.0,0.4748,0.110762,-0.11379
Le2i_Coffee_room_01_video (47)_w019,Le2i_Coffee_room_01_video (47),D:\ONE_DATA\Fall detection\Le2i\data\Coffee_room_01\Coffee_room_01\Videos\video (47).avi,Coffee_room_01,1,NORMAL,0,8e-06,0.47,0,True,TN,0.469992,0.0,0.4669,0.110762,-0.11379
Le2i_Coffee_room_01_video (47)_w020,Le2i_Coffee_room_01_video (47),D:\ONE_DATA\Fall detection\Le2i\data\Coffee_room_01\Coffee_room_01\Videos\video (47).avi,Coffee_room_01,1,NORMAL,0,8.5e-05,0.47,0,True,TN,0.469915,0.0,0.4785,0.10902,-0.082084
Le2i_Coffee_room_01_video (47)_w021,Le2i_Coffee_room_01_video (47),D:\ONE_DATA\Fall detection\Le2i\data\Coffee_room_01\Coffee_room_01\Videos\video (47).avi,Coffee_room_01,1,NORMAL,0,3.9e-05,0.47,0,True,TN,0.469961,0.0,0.4833,0.10902,-0.10484
Le2i_Coffee_room_01_video (47)_w022,Le2i_Coffee_room_01_video (47),D:\ONE_DATA\Fall detection\Le2i\data\Coffee_room_01\Coffee_room_01\Videos\video (47).avi,Coffee_room_01,1,NORMAL,0,1.5e-05,0.47,0,True,TN,0.469985,0.0,0.4629,0.140018,-0.198581
Le2i_Coffee_room_01_video (47)_w023,Le2i_Coffee_room_01_video (47),D:\ONE_DATA\Fall detection\Le2i\data\Coffee_room_01\Coffee_room_01\Videos\video (47).avi,Coffee_room_01,1,NORMAL,0,2.5e-05,0.47,0,True,TN,0.469975,0.0,0.4382,0.404698,-0.198581
Le2i_Coffee_room_01_video (47)_w024,Le2i_Coffee_room_01_video (47),D:\ONE_DATA\Fall detection\Le2i\data\Coffee_room_01\Coffee_room_01\Videos\video (47).avi,Coffee_room_01,1,FALL,1,1.0,0.47,1,True,TP,0.53,0.0,0.3908,76.131805,-79.009201
Le2i_Coffee_room_01_video (47)_w025,Le2i_Coffee_room_01_video (47),D:\ONE_DATA\Fall detection\Le2i\data\Coffee_room_01\Coffee_room_01\Videos\video (47).avi,Coffee_room_01,1,FALL,1,0.0,0.47,0,False,FN,0.47,1.0,0.2281,76.131805,-85.431099
Le2i_Coffee_room_01_video (47)_w026,Le2i_Coffee_room_01_video (47),D:\ONE_DATA\Fall detection\Le2i\data\Coffee_room_01\Coffee_room_01\Videos\video (47).avi,Coffee_room_01,1,NORMAL,0,0.0,0.47,0,True,TN,0.47,0.0,0.0664,62.326172,-85.431099
Le2i_Coffee_room_01_video (47)_w027,Le2i_Coffee_room_01_video (47),D:\ONE_DATA\Fall detection\Le2i\data\Coffee_room_01\Coffee_room_01\Videos\video (47).avi,Coffee_room_01,1,FALL,1,0.0,0.47,0,False,FN,0.47,1.0,0.0255,54.401077,-67.241364
Le2i_Coffee_room_01_video (48)_w000,Le2i_Coffee_room_01_video (48),D:\ONE_DATA\Fall detection\Le2i\data\Coffee_room_01\Coffee_room_01\Videos\video (48).avi,Coffee_room_01,1,NORMAL,0,0.0,0.47,0,True,TN,0.47,0.0,0.4256,0.273738,-0.208076
Le2i_Coffee_room_01_video (48)_w001,Le2i_Coffee_room_01_video (48),D:\ONE_DATA\Fall detection\Le2i\data\Coffee_room_01\Coffee_room_01\Videos\video (48).avi,Coffee_room_01,1,NORMAL,0,0.0,0.47,0,True,TN,0.47,0.0,0.4245,0.273738,-0.208076
Le2i_Coffee_room_01_video (48)_w002,Le2i_Coffee_room_01_video (48),D:\ONE_DATA\Fall detection\Le2i\data\Coffee_room_01\Coffee_room_01\Videos\video (48).avi,Coffee_room_01,1,NORMAL,0,3.9e-05,0.47,0,True,TN,0.469961,0.0,0.4292,0.118982,-0.102202
Le2i_Coffee_room_01_video (48)_w003,Le2i_Coffee_room_01_video (48),D:\ONE_DATA\Fall detection\Le2i\data\Coffee_room_01\Coffee_room_01\Videos\video (48).avi,Coffee_room_01,1,NORMAL,0,5e-06,0.47,0,True,TN,0.469995,0.0,0.4467,0.104584,-0.100434
Le2i_Coffee_room_01_video (48)_w004,Le2i_Coffee_room_01_video (48),D:\ONE_DATA\Fall detection\Le2i\data\Coffee_room_01\Coffee_room_01\Videos\video (48).avi,Coffee_room_01,1,NORMAL,0,1e-06,0.47,0,True,TN,0.469999,0.0,0.4754,0.096081,-0.098367
Le2i_Coffee_room_01_video (48)_w005,Le2i_Coffee_room_01_video (48),D:\ONE_DATA\Fall detection\Le2i\data\Coffee_room_01\Coffee_room_01\Videos\video (48).avi,Coffee_room_01,1,NORMAL,0,0.0,0.47,0,True,TN,0.47,0.0,0.4899,0.070182,-0.027964
Le2i_Coffee_room_01_video (48)_w006,Le2i_Coffee_room_01_video (48),D:\ONE_DATA\Fall detection\Le2i\data\Coffee_room_01\Coffee_room_01\Videos\video (48).avi,Coffee_room_01,1,NORMAL,0,0.0,0.47,0,True,TN,0.47,0.0,0.4888,0.082188,-0.067634
Le2i_Coffee_room_01_video (48)_w007,Le2i_Coffee_room_01_video (48),D:\ONE_DATA\Fall detection\Le2i\data\Coffee_room_01\Coffee_room_01\Videos\video (48).avi,Coffee_room_01,1,NORMAL,0,0.0,0.47,0,True,TN,0.47,0.0,0.483,0.131836,-0.270325
Le2i_Coffee_room_01_video (48)_w008,Le2i_Coffee_room_01_video (48),D:\ONE_DATA\Fall detection\Le2i\data\Coffee_room_01\Coffee_room_01\Videos\video (48).avi,Coffee_room_01,1,NORMAL,0,0.0,0.47,0,True,TN,0.47,0.0,0.4769,0.155262,-0.759588
Le2i_Coffee_room_01_video (48)_w009,Le2i_Coffee_room_01_video (48),D:\ONE_DATA\Fall detection\Le2i\data\Coffee_room_01\Coffee_room_01\Videos\video (48).avi,Coffee_room_01,1,NORMAL,0,0.0,0.47,0,True,TN,0.47,0.0,0.4758,0.516238,-0.759588
Le2i_Coffee_room_01_video (48)_w010,Le2i_Coffee_room_01_video (48),D:\ONE_DATA\Fall detection\Le2i\data\Coffee_room_01\Coffee_room_01\Videos\video (48).avi,Coffee_room_01,1,NORMAL,0,0.0,0.47,0,True,TN,0.47,0.0,0.4756,0.516238,-0.467016
Le2i_Coffee_room_01_video (48)_w011,Le2i_Coffee_room_01_video (48),D:\ONE_DATA\Fall detection\Le2i\data\Coffee_room_01\Coffee_room_01\Videos\video (48).avi,Coffee_room_01,1,NORMAL,0,0.0,0.47,0,True,TN,0.47,0.0,0.4734,0.323121,-0.467016
Le2i_Coffee_room_01_video (48)_w012,Le2i_Coffee_room_01_video (48),D:\ONE_DATA\Fall detection\Le2i\data\Coffee_room_01\Coffee_room_01\Videos\video (48).avi,Coffee_room_01,1,NORMAL,0,0.0,0.47,0,True,TN,0.47,0.0,0.4714,0.249574,-0.306516
Le2i_Coffee_room_01_video (48)_w013,Le2i_Coffee_room_01_video (48),D:\ONE_DATA\Fall detection\Le2i\data\Coffee_room_01\Coffee_room_01\Videos\video (48).avi,Coffee_room_01,1,NORMAL,0,0.0,0.47,0,True,TN,0.47,0.0,0.4666,0.426287,-0.325324
Le2i_Coffee_room_01_video (48)_w014,Le2i_Coffee_room_01_video (48),D:\ONE_DATA\Fall detection\Le2i\data\Coffee_room_01\Coffee_room_01\Videos\video (48).avi,Coffee_room_01,1,NORMAL,0,0.0,0.47,0,True,TN,0.47,0.0,0.4492,0.426287,-0.325324
Le2i_Coffee_room_01_video (48)_w015,Le2i_Coffee_room_01_video (48),D:\ONE_DATA\Fall detection\Le2i\data\Coffee_room_01\Coffee_room_01\Videos\video (48).avi,Coffee_room_01,1,NORMAL,0,0.0,0.47,0,True,TN,0.47,0.0,0.456,0.247983,-0.156288
Le2i_Coffee_room_01_video (48)_w016,Le2i_Coffee_room_01_video (48),D:\ONE_DATA\Fall detection\Le2i\data\Coffee_room_01\Coffee_room_01\Videos\video (48).avi,Coffee_room_01,1,NORMAL,0,1e-06,0.47,0,True,TN,0.469999,0.0,0.476,0.077245,-0.129393
Le2i_Coffee_room_01_video (48)_w017,Le2i_Coffee_room_01_video (48),D:\ONE_DATA\Fall detection\Le2i\data\Coffee_room_01\Coffee_room_01\Videos\video (48).avi,Coffee_room_01,1,NORMAL,0,3e-06,0.47,0,True,TN,0.469997,0.0,0.4644,0.107144,-0.129393
Le2i_Coffee_room_01_video (48)_w018,Le2i_Coffee_room_01_video (48),D:\ONE_DATA\Fall detection\Le2i\data\Coffee_room_01\Coffee_room_01\Videos\video (48).avi,Coffee_room_01,1,NORMAL,0,3.6e-05,0.47,0,True,TN,0.469964,0.0,0.4603,0.107144,-0.090649
Le2i_Coffee_room_01_video (48)_w019,Le2i_Coffee_room_01_video (48),D:\ONE_DATA\Fall detection\Le2i\data\Coffee_room_01\Coffee_room_01\Videos\video (48).avi,Coffee_room_01,1,NORMAL,0,7.7e-05,0.47,0,True,TN,0.469923,0.0,0.4792,0.082648,-0.101082
Le2i_Coffee_room_01_video (48)_w020,Le2i_Coffee_room_01_video (48),D:\ONE_DATA\Fall detection\Le2i\data\Coffee_room_01\Coffee_room_01\Videos\video (48).avi,Coffee_room_01,1,NORMAL,0,4e-05,0.47,0,True,TN,0.46996,0.0,0.4915,0.061416,-0.212479
Le2i_Coffee_room_01_video (48)_w021,Le2i_Coffee_room_01_video (48),D:\ONE_DATA\Fall detection\Le2i\data\Coffee_room_01\Coffee_room_01\Videos\video (48).avi,Coffee_room_01,1,NORMAL,0,1e-05,0.47,0,True,TN,0.46999,0.0,0.4907,0.063519,-0.212479
Le2i_Coffee_room_01_video (48)_w022,Le2i_Coffee_room_01_video (48),D:\ONE_DATA\Fall detection\Le2i\data\Coffee_room_01\Coffee_room_01\Videos\video (48).avi,Coffee_room_01,1,NORMAL,0,9e-06,0.47,0,True,TN,0.469991,0.0,0.4882,0.340652,-0.193383
Le2i_Coffee_room_01_video (48)_w023,Le2i_Coffee_room_01_video (48),D:\ONE_DATA\Fall detection\Le2i\data\Coffee_room_01\Coffee_room_01\Videos\video (48).avi,Coffee_room_01,1,NORMAL,0,2.3e-05,0.47,0,True,TN,0.469977,0.0,0.4883,0.340652,-0.050391
Le2i_Coffee_room_01_video (48)_w024,Le2i_Coffee_room_01_video (48),D:\ONE_DATA\Fall detection\Le2i\data\Coffee_room_01\Coffee_room_01\Videos\video (48).avi,Coffee_room_01,1,NORMAL,0,0.000136,0.47,0,True,TN,0.469864,0.0,0.474,0.110366,-0.148673
Le2i_Coffee_room_01_video (48)_w025,Le2i_Coffee_room_01_video (48),D:\ONE_DATA\Fall detection\Le2i\data\Coffee_room_01\Coffee_room_01\Videos\video (48).avi,Coffee_room_01,1,FALL,1,0.760236,0.47,1,True,TP,0.290236,0.0,0.4453,1.453794,-1.99197
Le2i_Coffee_room_01_video (48)_w026,Le2i_Coffee_room_01_video (48),D:\ONE_DATA\Fall detection\Le2i\data\Coffee_room_01\Coffee_room_01\Videos\video (48).avi,Coffee_room_01,1,FALL,1,0.823471,0.47,1,True,TP,0.353471,0.0,0.4208,1.453794,-1.99197
Le2i_Coffee_room_01_video (48)_w027,Le2i_Coffee_room_01_video (48),D:\ONE_DATA\Fall detection\Le2i\data\Coffee_room_01\Coffee_room_01\Videos\video (48).avi,Coffee_room_01,1,FALL,1,0.78887,0.47,1,True,TP,0.31887,0.0,0.4058,0.352899,-0.593191
Le2i_Coffee_room_01_video (48)_w028,Le2i_Coffee_room_01_video (48),D:\ONE_DATA\Fall detection\Le2i\data\Coffee_room_01\Coffee_room_01\Videos\video (48).avi,Coffee_room_01,1,FALL,1,0.751493,0.47,1,True,TP,0.281493,0.0,0.3998,0.211361,-0.215982
Le2i_Coffee_room_01_video (48)_w029,Le2i_Coffee_room_01_video (48),D:\ONE_DATA\Fall detection\Le2i\data\Coffee_room_01\Coffee_room_01\Videos\video (48).avi,Coffee_room_01,1,FALL,1,0.768661,0.47,1,True,TP,0.298661,0.0,0.3966,0.216253,-0.220021
Le2i_Coffee_room_01_video (5)_w000,Le2i_Coffee_room_01_video (5),D:\ONE_DATA\Fall detection\Le2i\data\Coffee_room_01\Coffee_room_01\Videos\video (5).avi,Coffee_room_01,1,NORMAL,0,0.000278,0.47,0,True,TN,0.469722,0.0,0.3533,0.810856,-0.837528
Le2i_Coffee_room_01_video (5)_w001,Le2i_Coffee_room_01_video (5),D:\ONE_DATA\Fall detection\Le2i\data\Coffee_room_01\Coffee_room_01\Videos\video (5).avi,Coffee_room_01,1,NORMAL,0,4.1e-05,0.47,0,True,TN,0.469959,0.0,0.3925,0.606776,-0.63895
Le2i_Coffee_room_01_video (5)_w002,Le2i_Coffee_room_01_video (5),D:\ONE_DATA\Fall detection\Le2i\data\Coffee_room_01\Coffee_room_01\Videos\video (5).avi,Coffee_room_01,1,NORMAL,0,2.8e-05,0.47,0,True,TN,0.469972,0.0,0.4018,0.37434,-0.515351
Le2i_Coffee_room_01_video (5)_w003,Le2i_Coffee_room_01_video (5),D:\ONE_DATA\Fall detection\Le2i\data\Coffee_room_01\Coffee_room_01\Videos\video (5).avi,Coffee_room_01,1,NORMAL,0,6.9e-05,0.47,0,True,TN,0.469931,0.0,0.4333,0.433528,-0.310098
Le2i_Coffee_room_01_video (5)_w004,Le2i_Coffee_room_01_video (5),D:\ONE_DATA\Fall detection\Le2i\data\Coffee_room_01\Coffee_room_01\Videos\video (5).avi,Coffee_room_01,1,FALL,1,0.987951,0.47,1,True,TP,0.517951,0.0,0.4565,3.807438,-4.84507
Le2i_Coffee_room_01_video (5)_w005,Le2i_Coffee_room_01_video (5),D:\ONE_DATA\Fall detection\Le2i\data\Coffee_room_01\Coffee_room_01\Videos\video (5).avi,Coffee_room_01,1,FALL,1,1.0,0.47,1,True,TP,0.53,0.0,0.4314,117.753227,-110.899223
Le2i_Coffee_room_01_video (6)_w000,Le2i_Coffee_room_01_video (6),D:\ONE_DATA\Fall detection\Le2i\data\Coffee_room_01\Coffee_room_01\Videos\video (6).avi,Coffee_room_01,1,NORMAL,0,0.000167,0.47,0,True,TN,0.469833,0.0,0.3635,0.729089,-0.600105
Le2i_Coffee_room_01_video (6)_w001,Le2i_Coffee_room_01_video (6),D:\ONE_DATA\Fall detection\Le2i\data\Coffee_room_01\Coffee_room_01\Videos\video (6).avi,Coffee_room_01,1,NORMAL,0,5.4e-05,0.47,0,True,TN,0.469946,0.0,0.4002,0.346678,-0.390314
Le2i_Coffee_room_01_video (6)_w002,Le2i_Coffee_room_01_video (6),D:\ONE_DATA\Fall detection\Le2i\data\Coffee_room_01\Coffee_room_01\Videos\video (6).avi,Coffee_room_01,1,NORMAL,0,6.7e-05,0.47,0,True,TN,0.469933,0.0,0.3925,0.323183,-0.236205
Le2i_Coffee_room_01_video (6)_w003,Le2i_Coffee_room_01_video (6),D:\ONE_DATA\Fall detection\Le2i\data\Coffee_room_01\Coffee_room_01\Videos\video (6).avi,Coffee_room_01,1,NORMAL,0,5.2e-05,0.47,0,True,TN,0.469948,0.0,0.4019,0.586636,-0.808959
Le2i_Coffee_room_01_video (6)_w004,Le2i_Coffee_room_01_video (6),D:\ONE_DATA\Fall detection\Le2i\data\Coffee_room_01\Coffee_room_01\Videos\video (6).avi,Coffee_room_01,1,FALL,1,0.583252,0.47,1,True,TP,0.113252,0.0,0.4218,11.649049,-5.440922
Le2i_Coffee_room_01_video (6)_w005,Le2i_Coffee_room_01_video (6),D:\ONE_DATA\Fall detection\Le2i\data\Coffee_room_01\Coffee_room_01\Videos\video (6).avi,Coffee_room_01,1,FALL,1,0.998988,0.47,1,True,TP,0.528988,0.0,0.2326,11.649049,-6.006406
Le2i_Coffee_room_01_video (6)_w006,Le2i_Coffee_room_01_video (6),D:\ONE_DATA\Fall detection\Le2i\data\Coffee_room_01\Coffee_room_01\Videos\video (6).avi,Coffee_room_01,1,FALL,1,0.940846,0.47,1,True,TP,0.470846,0.0,0.2148,6.662827,-7.679618
Le2i_Coffee_room_01_video (6)_w007,Le2i_Coffee_room_01_video (6),D:\ONE_DATA\Fall detection\Le2i\data\Coffee_room_01\Coffee_room_01\Videos\video (6).avi,Coffee_room_01,1,FALL,1,0.926327,0.47,1,True,TP,0.456327,0.0,0.3825,6.662827,-7.679618
Le2i_Coffee_room_01_video (7)_w000,Le2i_Coffee_room_01_video (7),D:\ONE_DATA\Fall detection\Le2i\data\Coffee_room_01\Coffee_room_01\Videos\video (7).avi,Coffee_room_01,1,NORMAL,0,0.0,0.47,0,True,TN,0.47,0.0,0.3877,0.270287,-0.411882
Le2i_Coffee_room_01_video (7)_w001,Le2i_Coffee_room_01_video (7),D:\ONE_DATA\Fall detection\Le2i\data\Coffee_room_01\Coffee_room_01\Videos\video (7).avi,Coffee_room_01,1,NORMAL,0,5e-06,0.47,0,True,TN,0.469995,0.0,0.4104,0.148839,-0.118793
Le2i_Coffee_room_01_video (7)_w002,Le2i_Coffee_room_01_video (7),D:\ONE_DATA\Fall detection\Le2i\data\Coffee_room_01\Coffee_room_01\Videos\video (7).avi,Coffee_room_01,1,NORMAL,0,0.000119,0.47,0,True,TN,0.469881,0.0,0.4314,0.232381,-0.232526
Le2i_Coffee_room_01_video (7)_w003,Le2i_Coffee_room_01_video (7),D:\ONE_DATA\Fall detection\Le2i\data\Coffee_room_01\Coffee_room_01\Videos\video (7).avi,Coffee_room_01,1,FALL,1,0.999438,0.47,1,True,TP,0.529438,0.0,0.4407,16.159073,-21.718845
Le2i_Coffee_room_01_video (7)_w004,Le2i_Coffee_room_01_video (7),D:\ONE_DATA\Fall detection\Le2i\data\Coffee_room_01\Coffee_room_01\Videos\video (7).avi,Coffee_room_01,1,FALL,1,0.999536,0.47,1,True,TP,0.529536,0.0,0.4355,16.159073,-21.718845
Le2i_Coffee_room_01_video (8)_w000,Le2i_Coffee_room_01_video (8),D:\ONE_DATA\Fall detection\Le2i\data\Coffee_room_01\Coffee_room_01\Videos\video (8).avi,Coffee_room_01,1,NORMAL,0,0.0,0.47,0,True,TN,0.47,0.0,0.3961,0.53069,-0.498296
Le2i_Coffee_room_01_video (8)_w001,Le2i_Coffee_room_01_video (8),D:\ONE_DATA\Fall detection\Le2i\data\Coffee_room_01\Coffee_room_01\Videos\video (8).avi,Coffee_room_01,1,NORMAL,0,0.0,0.47,0,True,TN,0.47,0.0,0.3971,0.149053,-0.180914
Le2i_Coffee_room_01_video (8)_w002,Le2i_Coffee_room_01_video (8),D:\ONE_DATA\Fall detection\Le2i\data\Coffee_room_01\Coffee_room_01\Videos\video (8).avi,Coffee_room_01,1,NORMAL,0,0.0,0.47,0,True,TN,0.47,0.0,0.42,0.162103,-0.181049
Le2i_Coffee_room_01_video (8)_w003,Le2i_Coffee_room_01_video (8),D:\ONE_DATA\Fall detection\Le2i\data\Coffee_room_01\Coffee_room_01\Videos\video (8).avi,Coffee_room_01,1,NORMAL,0,0.0,0.47,0,True,TN,0.47,0.0,0.441,0.162103,-0.181049
Le2i_Coffee_room_01_video (8)_w004,Le2i_Coffee_room_01_video (8),D:\ONE_DATA\Fall detection\Le2i\data\Coffee_room_01\Coffee_room_01\Videos\video (8).avi,Coffee_room_01,1,NORMAL,0,0.0,0.47,0,True,TN,0.47,0.0,0.4447,0.218118,-0.178103
Le2i_Coffee_room_01_video (8)_w005,Le2i_Coffee_room_01_video (8),D:\ONE_DATA\Fall detection\Le2i\data\Coffee_room_01\Coffee_room_01\Videos\video (8).avi,Coffee_room_01,1,FALL,1,0.976264,0.47,1,True,TP,0.506264,0.0,0.4195,15.254096,-8.839033
Le2i_Coffee_room_01_video (8)_w006,Le2i_Coffee_room_01_video (8),D:\ONE_DATA\Fall detection\Le2i\data\Coffee_room_01\Coffee_room_01\Videos\video (8).avi,Coffee_room_01,1,FALL,1,1.0,0.47,1,True,TP,0.53,0.0,0.204,39.050438,-39.050438
Le2i_Coffee_room_01_video (8)_w007,Le2i_Coffee_room_01_video (8),D:\ONE_DATA\Fall detection\Le2i\data\Coffee_room_01\Coffee_room_01\Videos\video (8).avi,Coffee_room_01,1,NORMAL,0,1.0,0.47,1,False,FP,0.53,1.0,0.0089,39.050438,-39.050438
Le2i_Coffee_room_01_video (8)_w008,Le2i_Coffee_room_01_video (8),D:\ONE_DATA\Fall detection\Le2i\data\Coffee_room_01\Coffee_room_01\Videos\video (8).avi,Coffee_room_01,1,FALL,1,0.341016,0.47,0,False,FN,0.128984,0.658984,0.0,0.0,0.0
Le2i_Coffee_room_01_video (9)_w000,Le2i_Coffee_room_01_video (9),D:\ONE_DATA\Fall detection\Le2i\data\Coffee_room_01\Coffee_room_01\Videos\video (9).avi,Coffee_room_01,1,NORMAL,0,0.0,0.47,0,True,TN,0.47,0.0,0.4364,0.47789,-0.235412
Le2i_Coffee_room_01_video (9)_w001,Le2i_Coffee_room_01_video (9),D:\ONE_DATA\Fall detection\Le2i\data\Coffee_room_01\Coffee_room_01\Videos\video (9).avi,Coffee_room_01,1,NORMAL,0,0.0,0.47,0,True,TN,0.47,0.0,0.4292,0.47789,-0.235412
Le2i_Coffee_room_01_video (9)_w002,Le2i_Coffee_room_01_video (9),D:\ONE_DATA\Fall detection\Le2i\data\Coffee_room_01\Coffee_room_01\Videos\video (9).avi,Coffee_room_01,1,NORMAL,0,0.324671,0.47,0,True,TN,0.145329,0.0,0.4227,0.433835,-5.551994
Le2i_Coffee_room_01_video (9)_w003,Le2i_Coffee_room_01_video (9),D:\ONE_DATA\Fall detection\Le2i\data\Coffee_room_01\Coffee_room_01\Videos\video (9).avi,Coffee_room_01,1,FALL,1,1.0,0.47,1,True,TP,0.53,0.0,0.3833,118.186401,-151.03566
Le2i_Coffee_room_01_video (9)_w004,Le2i_Coffee_room_01_video (9),D:\ONE_DATA\Fall detection\Le2i\data\Coffee_room_01\Coffee_room_01\Videos\video (9).avi,Coffee_room_01,1,FALL,1,1.0,0.47,1,True,TP,0.53,0.0,0.3832,118.186401,-151.03566
Le2i_Coffee_room_01_video (9)_w005,Le2i_Coffee_room_01_video (9),D:\ONE_DATA\Fall detection\Le2i\data\Coffee_room_01\Coffee_room_01\Videos\video (9).avi,Coffee_room_01,1,FALL,1,0.914557,0.47,1,True,TP,0.444557,0.0,0.403,2.620416,-1.504083
Le2i_Coffee_room_01_video (9)_w006,Le2i_Coffee_room_01_video (9),D:\ONE_DATA\Fall detection\Le2i\data\Coffee_room_01\Coffee_room_01\Videos\video (9).avi,Coffee_room_01,1,FALL,1,0.914045,0.47,1,True,TP,0.444045,0.0,0.4037,4.764251,-5.355857
Le2i_Coffee_room_02_video (49)_w000,Le2i_Coffee_room_02_video (49),D:\ONE_DATA\Fall detection\Le2i\data\Coffee_room_02\Coffee_room_02\Videos\video (49).avi,Coffee_room_02,2,NORMAL,0,0.001398,0.49,0,True,TN,0.488602,0.0,0.385,0.410305,-0.516203
Le2i_Coffee_room_02_video (49)_w001,Le2i_Coffee_room_02_video (49),D:\ONE_DATA\Fall detection\Le2i\data\Coffee_room_02\Coffee_room_02\Videos\video (49).avi,Coffee_room_02,2,NORMAL,0,0.004164,0.49,0,True,TN,0.485836,0.0,0.4123,0.171008,-0.226127
Le2i_Coffee_room_02_video (49)_w002,Le2i_Coffee_room_02_video (49),D:\ONE_DATA\Fall detection\Le2i\data\Coffee_room_02\Coffee_room_02\Videos\video (49).avi,Coffee_room_02,2,NORMAL,0,0.004687,0.49,0,True,TN,0.485313,0.0,0.4124,0.171008,-0.227253
Le2i_Coffee_room_02_video (49)_w003,Le2i_Coffee_room_02_video (49),D:\ONE_DATA\Fall detection\Le2i\data\Coffee_room_02\Coffee_room_02\Videos\video (49).avi,Coffee_room_02,2,NORMAL,0,0.005387,0.49,0,True,TN,0.484613,0.0,0.4171,0.373035,-0.293729
Le2i_Coffee_room_02_video (49)_w004,Le2i_Coffee_room_02_video (49),D:\ONE_DATA\Fall detection\Le2i\data\Coffee_room_02\Coffee_room_02\Videos\video (49).avi,Coffee_room_02,2,NORMAL,0,0.00773,0.49,0,True,TN,0.48227,0.0,0.4232,0.53768,-0.722829
Le2i_Coffee_room_02_video (49)_w005,Le2i_Coffee_room_02_video (49),D:\ONE_DATA\Fall detection\Le2i\data\Coffee_room_02\Coffee_room_02\Videos\video (49).avi,Coffee_room_02,2,NORMAL,0,0.013499,0.49,0,True,TN,0.476501,0.0,0.4202,0.53768,-0.722829
Le2i_Coffee_room_02_video (49)_w006,Le2i_Coffee_room_02_video (49),D:\ONE_DATA\Fall detection\Le2i\data\Coffee_room_02\Coffee_room_02\Videos\video (49).avi,Coffee_room_02,2,NORMAL,0,0.013515,0.49,0,True,TN,0.476485,0.0,0.412,0.142847,-0.196437
Le2i_Coffee_room_02_video (49)_w007,Le2i_Coffee_room_02_video (49),D:\ONE_DATA\Fall detection\Le2i\data\Coffee_room_02\Coffee_room_02\Videos\video (49).avi,Coffee_room_02,2,NORMAL,0,0.021496,0.49,0,True,TN,0.468504,0.0,0.4039,0.142847,-0.08772
Le2i_Coffee_room_02_video (49)_w008,Le2i_Coffee_room_02_video (49),D:\ONE_DATA\Fall detection\Le2i\data\Coffee_room_02\Coffee_room_02\Videos\video (49).avi,Coffee_room_02,2,NORMAL,0,0.019334,0.49,0,True,TN,0.470666,0.0,0.405,0.167199,-0.08772
Le2i_Coffee_room_02_video (49)_w009,Le2i_Coffee_room_02_video (49),D:\ONE_DATA\Fall detection\Le2i\data\Coffee_room_02\Coffee_room_02\Videos\video (49).avi,Coffee_room_02,2,NORMAL,0,0.017496,0.49,0,True,TN,0.472504,0.0,0.4139,0.167199,-0.082983
Le2i_Coffee_room_02_video (49)_w010,Le2i_Coffee_room_02_video (49),D:\ONE_DATA\Fall detection\Le2i\data\Coffee_room_02\Coffee_room_02\Videos\video (49).avi,Coffee_room_02,2,NORMAL,0,0.003649,0.49,0,True,TN,0.486351,0.0,0.4095,0.134922,-0.090748
Le2i_Coffee_room_02_video (49)_w011,Le2i_Coffee_room_02_video (49),D:\ONE_DATA\Fall detection\Le2i\data\Coffee_room_02\Coffee_room_02\Videos\video (49).avi,Coffee_room_02,2,NORMAL,0,0.001708,0.49,0,True,TN,0.488292,0.0,0.4045,0.264107,-0.242688
Le2i_Coffee_room_02_video (49)_w012,Le2i_Coffee_room_02_video (49),D:\ONE_DATA\Fall detection\Le2i\data\Coffee_room_02\Coffee_room_02\Videos\video (49).avi,Coffee_room_02,2,NORMAL,0,0.003354,0.49,0,True,TN,0.486646,0.0,0.4221,0.729356,-0.81998
Le2i_Coffee_room_02_video (49)_w013,Le2i_Coffee_room_02_video (49),D:\ONE_DATA\Fall detection\Le2i\data\Coffee_room_02\Coffee_room_02\Videos\video (49).avi,Coffee_room_02,2,NORMAL,0,0.006205,0.49,0,True,TN,0.483795,0.0,0.4548,0.729356,-0.81998
Le2i_Coffee_room_02_video (49)_w014,Le2i_Coffee_room_02_video (49),D:\ONE_DATA\Fall detection\Le2i\data\Coffee_room_02\Coffee_room_02\Videos\video (49).avi,Coffee_room_02,2,NORMAL,0,0.063978,0.49,0,True,TN,0.426022,0.0,0.4784,0.256106,-0.330712
Le2i_Coffee_room_02_video (49)_w015,Le2i_Coffee_room_02_video (49),D:\ONE_DATA\Fall detection\Le2i\data\Coffee_room_02\Coffee_room_02\Videos\video (49).avi,Coffee_room_02,2,NORMAL,0,0.053515,0.49,0,True,TN,0.436485,0.0,0.4815,0.216113,-0.330712
Le2i_Coffee_room_02_video (49)_w016,Le2i_Coffee_room_02_video (49),D:\ONE_DATA\Fall detection\Le2i\data\Coffee_room_02\Coffee_room_02\Videos\video (49).avi,Coffee_room_02,2,FALL,1,0.910554,0.49,1,True,TP,0.420554,0.0,0.468,5.678802,-3.918487
Le2i_Coffee_room_02_video (49)_w017,Le2i_Coffee_room_02_video (49),D:\ONE_DATA\Fall detection\Le2i\data\Coffee_room_02\Coffee_room_02\Videos\video (49).avi,Coffee_room_02,2,FALL,1,0.700954,0.49,1,True,TP,0.210954,0.0,0.4658,5.678802,-3.918487
Le2i_Coffee_room_02_video (51)_w000,Le2i_Coffee_room_02_video (51),D:\ONE_DATA\Fall detection\Le2i\data\Coffee_room_02\Coffee_room_02\Videos\video (51).avi,Coffee_room_02,2,NORMAL,0,6.2e-05,0.49,0,True,TN,0.489938,0.0,0.1826,3.886494,-5.491753
Le2i_Coffee_room_02_video (51)_w001,Le2i_Coffee_room_02_video (51),D:\ONE_DATA\Fall detection\Le2i\data\Coffee_room_02\Coffee_room_02\Videos\video (51).avi,Coffee_room_02,2,NORMAL,0,0.000516,0.49,0,True,TN,0.489484,0.0,0.3796,0.218253,-0.184016
Le2i_Coffee_room_02_video (51)_w002,Le2i_Coffee_room_02_video (51),D:\ONE_DATA\Fall detection\Le2i\data\Coffee_room_02\Coffee_room_02\Videos\video (51).avi,Coffee_room_02,2,FALL,1,0.976852,0.49,1,True,TP,0.486852,0.0,0.4015,0.910495,-0.864811
Le2i_Coffee_room_02_video (51)_w003,Le2i_Coffee_room_02_video (51),D:\ONE_DATA\Fall detection\Le2i\data\Coffee_room_02\Coffee_room_02\Videos\video (51).avi,Coffee_room_02,2,FALL,1,0.858129,0.49,1,True,TP,0.368129,0.0,0.415,0.910495,-0.864811
Le2i_Coffee_room_02_video (51)_w004,Le2i_Coffee_room_02_video (51),D:\ONE_DATA\Fall detection\Le2i\data\Coffee_room_02\Coffee_room_02\Videos\video (51).avi,Coffee_room_02,2,FALL,1,0.759956,0.49,1,True,TP,0.269956,0.0,0.4369,0.645331,-0.794951
Le2i_Coffee_room_02_video (51)_w005,Le2i_Coffee_room_02_video (51),D:\ONE_DATA\Fall detection\Le2i\data\Coffee_room_02\Coffee_room_02\Videos\video (51).avi,Coffee_room_02,2,FALL,1,0.687515,0.49,1,True,TP,0.197515,0.0,0.4291,0.222911,-0.209899
Le2i_Coffee_room_02_video (51)_w006,Le2i_Coffee_room_02_video (51),D:\ONE_DATA\Fall detection\Le2i\data\Coffee_room_02\Coffee_room_02\Videos\video (51).avi,Coffee_room_02,2,FALL,1,0.676333,0.49,1,True,TP,0.186333,0.0,0.4302,0.216393,-0.209899
Le2i_Coffee_room_02_video (53)_w000,Le2i_Coffee_room_02_video (53),D:\ONE_DATA\Fall detection\Le2i\data\Coffee_room_02\Coffee_room_02\Videos\video (53).avi,Coffee_room_02,2,NORMAL,0,0.00057,0.49,0,True,TN,0.48943,0.0,0.1046,0.990921,-5.238832
Le2i_Coffee_room_02_video (53)_w001,Le2i_Coffee_room_02_video (53),D:\ONE_DATA\Fall detection\Le2i\data\Coffee_room_02\Coffee_room_02\Videos\video (53).avi,Coffee_room_02,2,NORMAL,0,0.063111,0.49,0,True,TN,0.426889,0.0,0.2973,0.990921,-0.70211
Le2i_Coffee_room_02_video (53)_w002,Le2i_Coffee_room_02_video (53),D:\ONE_DATA\Fall detection\Le2i\data\Coffee_room_02\Coffee_room_02\Videos\video (53).avi,Coffee_room_02,2,NORMAL,0,0.002413,0.49,0,True,TN,0.487587,0.0,0.3977,0.207872,-0.123021
Le2i_Coffee_room_02_video (53)_w003,Le2i_Coffee_room_02_video (53),D:\ONE_DATA\Fall detection\Le2i\data\Coffee_room_02\Coffee_room_02\Videos\video (53).avi,Coffee_room_02,2,NORMAL,0,0.00032,0.49,0,True,TN,0.48968,0.0,0.4098,0.110952,-0.238821
Le2i_Coffee_room_02_video (53)_w004,Le2i_Coffee_room_02_video (53),D:\ONE_DATA\Fall detection\Le2i\data\Coffee_room_02\Coffee_room_02\Videos\video (53).avi,Coffee_room_02,2,NORMAL,0,6.8e-05,0.49,0,True,TN,0.489932,0.0,0.4142,0.099567,-0.238821
Le2i_Coffee_room_02_video (53)_w005,Le2i_Coffee_room_02_video (53),D:\ONE_DATA\Fall detection\Le2i\data\Coffee_room_02\Coffee_room_02\Videos\video (53).avi,Coffee_room_02,2,NORMAL,0,4.7e-05,0.49,0,True,TN,0.489953,0.0,0.4148,0.106735,-0.116577
Le2i_Coffee_room_02_video (53)_w006,Le2i_Coffee_room_02_video (53),D:\ONE_DATA\Fall detection\Le2i\data\Coffee_room_02\Coffee_room_02\Videos\video (53).avi,Coffee_room_02,2,NORMAL,0,5.6e-05,0.49,0,True,TN,0.489944,0.0,0.4073,0.128324,-0.116089
Le2i_Coffee_room_02_video (53)_w007,Le2i_Coffee_room_02_video (53),D:\ONE_DATA\Fall detection\Le2i\data\Coffee_room_02\Coffee_room_02\Videos\video (53).avi,Coffee_room_02,2,NORMAL,0,5.1e-05,0.49,0,True,TN,0.489949,0.0,0.4212,0.22763,-0.117012
Le2i_Coffee_room_02_video (53)_w008,Le2i_Coffee_room_02_video (53),D:\ONE_DATA\Fall detection\Le2i\data\Coffee_room_02\Coffee_room_02\Videos\video (53).avi,Coffee_room_02,2,NORMAL,0,9.7e-05,0.49,0,True,TN,0.489903,0.0,0.4605,0.22763,-0.121945
Le2i_Coffee_room_02_video (53)_w009,Le2i_Coffee_room_02_video (53),D:\ONE_DATA\Fall detection\Le2i\data\Coffee_room_02\Coffee_room_02\Videos\video (53).avi,Coffee_room_02,2,FALL,1,0.844865,0.49,1,True,TP,0.354865,0.0,0.4671,0.375652,-0.474626
Le2i_Coffee_room_02_video (53)_w010,Le2i_Coffee_room_02_video (53),D:\ONE_DATA\Fall detection\Le2i\data\Coffee_room_02\Coffee_room_02\Videos\video (53).avi,Coffee_room_02,2,FALL,1,0.857381,0.49,1,True,TP,0.367381,0.0,0.4505,0.375652,-0.474626
Le2i_Coffee_room_02_video (53)_w011,Le2i_Coffee_room_02_video (53),D:\ONE_DATA\Fall detection\Le2i\data\Coffee_room_02\Coffee_room_02\Videos\video (53).avi,Coffee_room_02,2,FALL,1,0.658246,0.49,1,True,TP,0.168246,0.0,0.449,0.265154,-0.303854
Le2i_Coffee_room_02_video (53)_w012,Le2i_Coffee_room_02_video (53),D:\ONE_DATA\Fall detection\Le2i\data\Coffee_room_02\Coffee_room_02\Videos\video (53).avi,Coffee_room_02,2,FALL,1,0.657064,0.49,1,True,TP,0.167064,0.0,0.4472,0.073541,-0.057511
Le2i_Coffee_room_02_video (53)_w013,Le2i_Coffee_room_02_video (53),D:\ONE_DATA\Fall detection\Le2i\data\Coffee_room_02\Coffee_room_02\Videos\video (53).avi,Coffee_room_02,2,FALL,1,0.657071,0.49,1,True,TP,0.167071,0.0,0.446,0.064083,-0.054421
Le2i_Coffee_room_02_video (54)_w000,Le2i_Coffee_room_02_video (54),D:\ONE_DATA\Fall detection\Le2i\data\Coffee_room_02\Coffee_room_02\Videos\video (54).avi,Coffee_room_02,2,NORMAL,0,0.0,0.49,0,True,TN,0.49,0.0,0.2586,2.332951,-3.444052
Le2i_Coffee_room_02_video (54)_w001,Le2i_Coffee_room_02_video (54),D:\ONE_DATA\Fall detection\Le2i\data\Coffee_room_02\Coffee_room_02\Videos\video (54).avi,Coffee_room_02,2,NORMAL,0,6.6e-05,0.49,0,True,TN,0.489934,0.0,0.3962,0.236469,-0.238891
Le2i_Coffee_room_02_video (54)_w002,Le2i_Coffee_room_02_video (54),D:\ONE_DATA\Fall detection\Le2i\data\Coffee_room_02\Coffee_room_02\Videos\video (54).avi,Coffee_room_02,2,NORMAL,0,4.4e-05,0.49,0,True,TN,0.489956,0.0,0.3905,0.125034,-0.192086
Le2i_Coffee_room_02_video (54)_w003,Le2i_Coffee_room_02_video (54),D:\ONE_DATA\Fall detection\Le2i\data\Coffee_room_02\Coffee_room_02\Videos\video (54).avi,Coffee_room_02,2,NORMAL,0,2.4e-05,0.49,0,True,TN,0.489976,0.0,0.4179,0.165217,-0.277717
Le2i_Coffee_room_02_video (54)_w004,Le2i_Coffee_room_02_video (54),D:\ONE_DATA\Fall detection\Le2i\data\Coffee_room_02\Coffee_room_02\Videos\video (54).avi,Coffee_room_02,2,NORMAL,0,5.6e-05,0.49,0,True,TN,0.489944,0.0,0.4672,0.165217,-0.277717
Le2i_Coffee_room_02_video (54)_w005,Le2i_Coffee_room_02_video (54),D:\ONE_DATA\Fall detection\Le2i\data\Coffee_room_02\Coffee_room_02\Videos\video (54).avi,Coffee_room_02,2,FALL,1,0.932019,0.49,1,True,TP,0.442019,0.0,0.3951,11.298492,-3.214088
Le2i_Coffee_room_02_video (54)_w006,Le2i_Coffee_room_02_video (54),D:\ONE_DATA\Fall detection\Le2i\data\Coffee_room_02\Coffee_room_02\Videos\video (54).avi,Coffee_room_02,2,FALL,1,0.923271,0.49,1,True,TP,0.433271,0.0,0.1523,11.298492,-3.214088
Le2i_Coffee_room_02_video (54)_w007,Le2i_Coffee_room_02_video (54),D:\ONE_DATA\Fall detection\Le2i\data\Coffee_room_02\Coffee_room_02\Videos\video (54).avi,Coffee_room_02,2,NORMAL,0,0.371583,0.49,0,True,TN,0.118417,0.0,0.0,0.0,0.0
Le2i_Coffee_room_02_video (54)_w008,Le2i_Coffee_room_02_video (54),D:\ONE_DATA\Fall detection\Le2i\data\Coffee_room_02\Coffee_room_02\Videos\video (54).avi,Coffee_room_02,2,FALL,1,0.371583,0.49,0,False,FN,0.118417,0.628417,0.0,0.0,0.0
Le2i_Coffee_room_02_video (55)_w000,Le2i_Coffee_room_02_video (55),D:\ONE_DATA\Fall detection\Le2i\data\Coffee_room_02\Coffee_room_02\Videos\video (55).avi,Coffee_room_02,2,NORMAL,0,2e-06,0.49,0,True,TN,0.489998,0.0,0.4504,0.083094,-0.108721
Le2i_Coffee_room_02_video (55)_w001,Le2i_Coffee_room_02_video (55),D:\ONE_DATA\Fall detection\Le2i\data\Coffee_room_02\Coffee_room_02\Videos\video (55).avi,Coffee_room_02,2,NORMAL,0,1e-06,0.49,0,True,TN,0.489999,0.0,0.4411,0.270391,-0.385136
Le2i_Coffee_room_02_video (55)_w002,Le2i_Coffee_room_02_video (55),D:\ONE_DATA\Fall detection\Le2i\data\Coffee_room_02\Coffee_room_02\Videos\video (55).avi,Coffee_room_02,2,NORMAL,0,0.0,0.49,0,True,TN,0.49,0.0,0.4347,0.270391,-0.385136
Le2i_Coffee_room_02_video (55)_w003,Le2i_Coffee_room_02_video (55),D:\ONE_DATA\Fall detection\Le2i\data\Coffee_room_02\Coffee_room_02\Videos\video (55).avi,Coffee_room_02,2,NORMAL,0,0.0,0.49,0,True,TN,0.49,0.0,0.4408,0.244701,-0.13375
Le2i_Coffee_room_02_video (55)_w004,Le2i_Coffee_room_02_video (55),D:\ONE_DATA\Fall detection\Le2i\data\Coffee_room_02\Coffee_room_02\Videos\video (55).avi,Coffee_room_02,2,NORMAL,0,0.0,0.49,0,True,TN,0.49,0.0,0.4386,0.168111,-0.335265
Le2i_Coffee_room_02_video (55)_w005,Le2i_Coffee_room_02_video (55),D:\ONE_DATA\Fall detection\Le2i\data\Coffee_room_02\Coffee_room_02\Videos\video (55).avi,Coffee_room_02,2,NORMAL,0,0.0,0.49,0,True,TN,0.49,0.0,0.4337,0.294037,-0.335265
Le2i_Coffee_room_02_video (55)_w006,Le2i_Coffee_room_02_video (55),D:\ONE_DATA\Fall detection\Le2i\data\Coffee_room_02\Coffee_room_02\Videos\video (55).avi,Coffee_room_02,2,NORMAL,0,0.0,0.49,0,True,TN,0.49,0.0,0.4295,0.294037,-0.224552
Le2i_Coffee_room_02_video (55)_w007,Le2i_Coffee_room_02_video (55),D:\ONE_DATA\Fall detection\Le2i\data\Coffee_room_02\Coffee_room_02\Videos\video (55).avi,Coffee_room_02,2,NORMAL,0,0.811113,0.49,1,False,FP,0.321113,0.811113,0.4142,0.263315,-0.738065
Le2i_Coffee_room_02_video (55)_w008,Le2i_Coffee_room_02_video (55),D:\ONE_DATA\Fall detection\Le2i\data\Coffee_room_02\Coffee_room_02\Videos\video (55).avi,Coffee_room_02,2,FALL,1,0.998108,0.49,1,True,TP,0.508108,0.0,0.4098,2.170449,-1.887557
Le2i_Coffee_room_02_video (55)_w009,Le2i_Coffee_room_02_video (55),D:\ONE_DATA\Fall detection\Le2i\data\Coffee_room_02\Coffee_room_02\Videos\video (55).avi,Coffee_room_02,2,FALL,1,0.867784,0.49,1,True,TP,0.377784,0.0,0.432,2.170449,-1.887557
Le2i_Coffee_room_02_video (55)_w010,Le2i_Coffee_room_02_video (55),D:\ONE_DATA\Fall detection\Le2i\data\Coffee_room_02\Coffee_room_02\Videos\video (55).avi,Coffee_room_02,2,FALL,1,0.793035,0.49,1,True,TP,0.303035,0.0,0.4561,0.623306,-0.231641
Le2i_Coffee_room_02_video (56)_w000,Le2i_Coffee_room_02_video (56),D:\ONE_DATA\Fall detection\Le2i\data\Coffee_room_02\Coffee_room_02\Videos\video (56).avi,Coffee_room_02,2,NORMAL,0,3.8e-05,0.49,0,True,TN,0.489962,0.0,0.3807,0.159099,-0.298628
Le2i_Coffee_room_02_video (56)_w001,Le2i_Coffee_room_02_video (56),D:\ONE_DATA\Fall detection\Le2i\data\Coffee_room_02\Coffee_room_02\Videos\video (56).avi,Coffee_room_02,2,NORMAL,0,2.8e-05,0.49,0,True,TN,0.489972,0.0,0.3841,0.159099,-0.298628
Le2i_Coffee_room_02_video (56)_w002,Le2i_Coffee_room_02_video (56),D:\ONE_DATA\Fall detection\Le2i\data\Coffee_room_02\Coffee_room_02\Videos\video (56).avi,Coffee_room_02,2,NORMAL,0,2e-06,0.49,0,True,TN,0.489998,0.0,0.3966,0.149036,-0.205274
Le2i_Coffee_room_02_video (56)_w003,Le2i_Coffee_room_02_video (56),D:\ONE_DATA\Fall detection\Le2i\data\Coffee_room_02\Coffee_room_02\Videos\video (56).avi,Coffee_room_02,2,NORMAL,0,0.0,0.49,0,True,TN,0.49,0.0,0.4266,0.149036,-0.205274
Le2i_Coffee_room_02_video (56)_w004,Le2i_Coffee_room_02_video (56),D:\ONE_DATA\Fall detection\Le2i\data\Coffee_room_02\Coffee_room_02\Videos\video (56).avi,Coffee_room_02,2,NORMAL,0,1e-06,0.49,0,True,TN,0.489999,0.0,0.4395,0.101735,-0.125943
Le2i_Coffee_room_02_video (56)_w005,Le2i_Coffee_room_02_video (56),D:\ONE_DATA\Fall detection\Le2i\data\Coffee_room_02\Coffee_room_02\Videos\video (56).avi,Coffee_room_02,2,NORMAL,0,1e-06,0.49,0,True,TN,0.489999,0.0,0.4429,0.144557,-0.115729
Le2i_Coffee_room_02_video (56)_w006,Le2i_Coffee_room_02_video (56),D:\ONE_DATA\Fall detection\Le2i\data\Coffee_room_02\Coffee_room_02\Videos\video (56).avi,Coffee_room_02,2,NORMAL,0,1e-06,0.49,0,True,TN,0.489999,0.0,0.4387,0.146638,-0.154564
Le2i_Coffee_room_02_video (56)_w007,Le2i_Coffee_room_02_video (56),D:\ONE_DATA\Fall detection\Le2i\data\Coffee_room_02\Coffee_room_02\Videos\video (56).avi,Coffee_room_02,2,NORMAL,0,0.0,0.49,0,True,TN,0.49,0.0,0.4454,0.146638,-0.165657
Le2i_Coffee_room_02_video (56)_w008,Le2i_Coffee_room_02_video (56),D:\ONE_DATA\Fall detection\Le2i\data\Coffee_room_02\Coffee_room_02\Videos\video (56).avi,Coffee_room_02,2,NORMAL,0,1e-06,0.49,0,True,TN,0.489999,0.0,0.4664,0.173906,-0.165657
Le2i_Coffee_room_02_video (56)_w009,Le2i_Coffee_room_02_video (56),D:\ONE_DATA\Fall detection\Le2i\data\Coffee_room_02\Coffee_room_02\Videos\video (56).avi,Coffee_room_02,2,NORMAL,0,2e-06,0.49,0,True,TN,0.489998,0.0,0.4812,0.275913,-0.154004
Le2i_Coffee_room_02_video (56)_w010,Le2i_Coffee_room_02_video (56),D:\ONE_DATA\Fall detection\Le2i\data\Coffee_room_02\Coffee_room_02\Videos\video (56).avi,Coffee_room_02,2,NORMAL,0,1.2e-05,0.49,0,True,TN,0.489988,0.0,0.481,0.275913,-0.165268
Le2i_Coffee_room_02_video (56)_w011,Le2i_Coffee_room_02_video (56),D:\ONE_DATA\Fall detection\Le2i\data\Coffee_room_02\Coffee_room_02\Videos\video (56).avi,Coffee_room_02,2,FALL,1,0.999769,0.49,1,True,TP,0.509769,0.0,0.4639,1.407121,-1.285735
Le2i_Coffee_room_02_video (56)_w012,Le2i_Coffee_room_02_video (56),D:\ONE_DATA\Fall detection\Le2i\data\Coffee_room_02\Coffee_room_02\Videos\video (56).avi,Coffee_room_02,2,FALL,1,0.988555,0.49,1,True,TP,0.498555,0.0,0.447,1.407121,-1.285735
Le2i_Coffee_room_02_video (56)_w013,Le2i_Coffee_room_02_video (56),D:\ONE_DATA\Fall detection\Le2i\data\Coffee_room_02\Coffee_room_02\Videos\video (56).avi,Coffee_room_02,2,NORMAL,0,0.690018,0.49,1,False,FP,0.200018,0.690018,0.4381,1.086945,-0.417719
Le2i_Coffee_room_02_video (56)_w014,Le2i_Coffee_room_02_video (56),D:\ONE_DATA\Fall detection\Le2i\data\Coffee_room_02\Coffee_room_02\Videos\video (56).avi,Coffee_room_02,2,FALL,1,0.709088,0.49,1,True,TP,0.219088,0.0,0.4312,0.167162,-0.142527
Le2i_Coffee_room_02_video (56)_w015,Le2i_Coffee_room_02_video (56),D:\ONE_DATA\Fall detection\Le2i\data\Coffee_room_02\Coffee_room_02\Videos\video (56).avi,Coffee_room_02,2,FALL,1,0.713981,0.49,1,True,TP,0.223981,0.0,0.4301,0.154628,-0.163056
Le2i_Coffee_room_02_video (57)_w000,Le2i_Coffee_room_02_video (57),D:\ONE_DATA\Fall detection\Le2i\data\Coffee_room_02\Coffee_room_02\Videos\video (57).avi,Coffee_room_02,2,NORMAL,0,0.0,0.49,0,True,TN,0.49,0.0,0.4115,0.51829,-0.651775
Le2i_Coffee_room_02_video (57)_w001,Le2i_Coffee_room_02_video (57),D:\ONE_DATA\Fall detection\Le2i\data\Coffee_room_02\Coffee_room_02\Videos\video (57).avi,Coffee_room_02,2,NORMAL,0,0.0,0.49,0,True,TN,0.49,0.0,0.4095,0.219043,-0.171562
Le2i_Coffee_room_02_video (57)_w002,Le2i_Coffee_room_02_video (57),D:\ONE_DATA\Fall detection\Le2i\data\Coffee_room_02\Coffee_room_02\Videos\video (57).avi,Coffee_room_02,2,NORMAL,0,0.0,0.49,0,True,TN,0.49,0.0,0.4014,0.408937,-0.439954
Le2i_Coffee_room_02_video (57)_w003,Le2i_Coffee_room_02_video (57),D:\ONE_DATA\Fall detection\Le2i\data\Coffee_room_02\Coffee_room_02\Videos\video (57).avi,Coffee_room_02,2,NORMAL,0,0.0,0.49,0,True,TN,0.49,0.0,0.386,0.408937,-0.439954
Le2i_Coffee_room_02_video (57)_w004,Le2i_Coffee_room_02_video (57),D:\ONE_DATA\Fall detection\Le2i\data\Coffee_room_02\Coffee_room_02\Videos\video (57).avi,Coffee_room_02,2,NORMAL,0,0.0,0.49,0,True,TN,0.49,0.0,0.3728,0.200856,-0.159673
Le2i_Coffee_room_02_video (57)_w005,Le2i_Coffee_room_02_video (57),D:\ONE_DATA\Fall detection\Le2i\data\Coffee_room_02\Coffee_room_02\Videos\video (57).avi,Coffee_room_02,2,NORMAL,0,0.0,0.49,0,True,TN,0.49,0.0,0.381,0.372556,-0.351621
Le2i_Coffee_room_02_video (57)_w006,Le2i_Coffee_room_02_video (57),D:\ONE_DATA\Fall detection\Le2i\data\Coffee_room_02\Coffee_room_02\Videos\video (57).avi,Coffee_room_02,2,NORMAL,0,0.0,0.49,0,True,TN,0.49,0.0,0.384,0.372556,-0.351621
Le2i_Coffee_room_02_video (57)_w007,Le2i_Coffee_room_02_video (57),D:\ONE_DATA\Fall detection\Le2i\data\Coffee_room_02\Coffee_room_02\Videos\video (57).avi,Coffee_room_02,2,NORMAL,0,0.0,0.49,0,True,TN,0.49,0.0,0.3895,0.592523,-0.894158
Le2i_Coffee_room_02_video (57)_w008,Le2i_Coffee_room_02_video (57),D:\ONE_DATA\Fall detection\Le2i\data\Coffee_room_02\Coffee_room_02\Videos\video (57).avi,Coffee_room_02,2,NORMAL,0,3e-06,0.49,0,True,TN,0.489997,0.0,0.405,0.592523,-0.894158
Le2i_Coffee_room_02_video (57)_w009,Le2i_Coffee_room_02_video (57),D:\ONE_DATA\Fall detection\Le2i\data\Coffee_room_02\Coffee_room_02\Videos\video (57).avi,Coffee_room_02,2,NORMAL,0,0.000301,0.49,0,True,TN,0.489699,0.0,0.4022,0.14999,-0.191715
Le2i_Coffee_room_02_video (57)_w010,Le2i_Coffee_room_02_video (57),D:\ONE_DATA\Fall detection\Le2i\data\Coffee_room_02\Coffee_room_02\Videos\video (57).avi,Coffee_room_02,2,NORMAL,0,0.008729,0.49,0,True,TN,0.481271,0.0,0.3904,0.14999,-0.191715
Le2i_Coffee_room_02_video (57)_w011,Le2i_Coffee_room_02_video (57),D:\ONE_DATA\Fall detection\Le2i\data\Coffee_room_02\Coffee_room_02\Videos\video (57).avi,Coffee_room_02,2,NORMAL,0,0.007867,0.49,0,True,TN,0.482133,0.0,0.4151,0.296484,-0.218375
Le2i_Coffee_room_02_video (57)_w012,Le2i_Coffee_room_02_video (57),D:\ONE_DATA\Fall detection\Le2i\data\Coffee_room_02\Coffee_room_02\Videos\video (57).avi,Coffee_room_02,2,NORMAL,0,0.020665,0.49,0,True,TN,0.469335,0.0,0.4476,0.296484,-0.218375
Le2i_Coffee_room_02_video (57)_w013,Le2i_Coffee_room_02_video (57),D:\ONE_DATA\Fall detection\Le2i\data\Coffee_room_02\Coffee_room_02\Videos\video (57).avi,Coffee_room_02,2,NORMAL,0,0.150826,0.49,0,True,TN,0.339174,0.0,0.47,0.154418,-0.129867
Le2i_Coffee_room_02_video (57)_w014,Le2i_Coffee_room_02_video (57),D:\ONE_DATA\Fall detection\Le2i\data\Coffee_room_02\Coffee_room_02\Videos\video (57).avi,Coffee_room_02,2,NORMAL,0,0.178717,0.49,0,True,TN,0.311283,0.0,0.4895,0.154418,-0.185046
Le2i_Coffee_room_02_video (57)_w015,Le2i_Coffee_room_02_video (57),D:\ONE_DATA\Fall detection\Le2i\data\Coffee_room_02\Coffee_room_02\Videos\video (57).avi,Coffee_room_02,2,NORMAL,0,0.199709,0.49,0,True,TN,0.290291,0.0,0.4924,0.112188,-0.185046
Le2i_Coffee_room_02_video (57)_w016,Le2i_Coffee_room_02_video (57),D:\ONE_DATA\Fall detection\Le2i\data\Coffee_room_02\Coffee_room_02\Videos\video (57).avi,Coffee_room_02,2,NORMAL,0,0.052719,0.49,0,True,TN,0.437281,0.0,0.4911,0.379571,-0.576818
Le2i_Coffee_room_02_video (57)_w017,Le2i_Coffee_room_02_video (57),D:\ONE_DATA\Fall detection\Le2i\data\Coffee_room_02\Coffee_room_02\Videos\video (57).avi,Coffee_room_02,2,FALL,1,0.789191,0.49,1,True,TP,0.299191,0.0,0.4486,119.011925,-123.893753
Le2i_Coffee_room_02_video (57)_w018,Le2i_Coffee_room_02_video (57),D:\ONE_DATA\Fall detection\Le2i\data\Coffee_room_02\Coffee_room_02\Videos\video (57).avi,Coffee_room_02,2,FALL,1,0.690676,0.49,1,True,TP,0.200676,0.0,0.4246,119.011925,-123.893753
Le2i_Coffee_room_02_video (57)_w019,Le2i_Coffee_room_02_video (57),D:\ONE_DATA\Fall detection\Le2i\data\Coffee_room_02\Coffee_room_02\Videos\video (57).avi,Coffee_room_02,2,FALL,1,0.651531,0.49,1,True,TP,0.161531,0.0,0.4436,2.30912,-2.902747
Le2i_Coffee_room_02_video (57)_w020,Le2i_Coffee_room_02_video (57),D:\ONE_DATA\Fall detection\Le2i\data\Coffee_room_02\Coffee_room_02\Videos\video (57).avi,Coffee_room_02,2,FALL,1,0.604399,0.49,1,True,TP,0.114399,0.0,0.4466,0.126895,-0.259328
Le2i_Coffee_room_02_video (58)_w000,Le2i_Coffee_room_02_video (58),D:\ONE_DATA\Fall detection\Le2i\data\Coffee_room_02\Coffee_room_02\Videos\video (58).avi,Coffee_room_02,2,NORMAL,0,0.0,0.49,0,True,TN,0.49,0.0,0.2925,0.116674,-0.192357
Le2i_Coffee_room_02_video (58)_w001,Le2i_Coffee_room_02_video (58),D:\ONE_DATA\Fall detection\Le2i\data\Coffee_room_02\Coffee_room_02\Videos\video (58).avi,Coffee_room_02,2,NORMAL,0,2e-06,0.49,0,True,TN,0.489998,0.0,0.3664,0.116674,-0.192357
Le2i_Coffee_room_02_video (58)_w002,Le2i_Coffee_room_02_video (58),D:\ONE_DATA\Fall detection\Le2i\data\Coffee_room_02\Coffee_room_02\Videos\video (58).avi,Coffee_room_02,2,NORMAL,0,4e-06,0.49,0,True,TN,0.489996,0.0,0.4058,0.160269,-0.11803
Le2i_Coffee_room_02_video (58)_w003,Le2i_Coffee_room_02_video (58),D:\ONE_DATA\Fall detection\Le2i\data\Coffee_room_02\Coffee_room_02\Videos\video (58).avi,Coffee_room_02,2,NORMAL,0,0.000457,0.49,0,True,TN,0.489543,0.0,0.4103,0.160269,-0.227445
Le2i_Coffee_room_02_video (58)_w004,Le2i_Coffee_room_02_video (58),D:\ONE_DATA\Fall detection\Le2i\data\Coffee_room_02\Coffee_room_02\Videos\video (58).avi,Coffee_room_02,2,NORMAL,0,0.006461,0.49,0,True,TN,0.483539,0.0,0.4491,0.088543,-0.227445
Le2i_Coffee_room_02_video (58)_w005,Le2i_Coffee_room_02_video (58),D:\ONE_DATA\Fall detection\Le2i\data\Coffee_room_02\Coffee_room_02\Videos\video (58).avi,Coffee_room_02,2,NORMAL,0,0.036194,0.49,0,True,TN,0.453806,0.0,0.4842,0.102833,-0.134187
Le2i_Coffee_room_02_video (58)_w006,Le2i_Coffee_room_02_video (58),D:\ONE_DATA\Fall detection\Le2i\data\Coffee_room_02\Coffee_room_02\Videos\video (58).avi,Coffee_room_02,2,FALL,1,0.989162,0.49,1,True,TP,0.499162,0.0,0.4809,0.880958,-2.210634
Le2i_Coffee_room_02_video (58)_w007,Le2i_Coffee_room_02_video (58),D:\ONE_DATA\Fall detection\Le2i\data\Coffee_room_02\Coffee_room_02\Videos\video (58).avi,Coffee_room_02,2,FALL,1,0.914859,0.49,1,True,TP,0.424859,0.0,0.4727,0.880958,-2.210634
Le2i_Coffee_room_02_video (58)_w008,Le2i_Coffee_room_02_video (58),D:\ONE_DATA\Fall detection\Le2i\data\Coffee_room_02\Coffee_room_02\Videos\video (58).avi,Coffee_room_02,2,FALL,1,0.710557,0.49,1,True,TP,0.220557,0.0,0.4705,0.86448,-0.974505
Le2i_Coffee_room_02_video (58)_w009,Le2i_Coffee_room_02_video (58),D:\ONE_DATA\Fall detection\Le2i\data\Coffee_room_02\Coffee_room_02\Videos\video (58).avi,Coffee_room_02,2,FALL,1,0.608203,0.49,1,True,TP,0.118203,0.0,0.472,0.096525,-0.087106
Le2i_Coffee_room_02_video (58)_w010,Le2i_Coffee_room_02_video (58),D:\ONE_DATA\Fall detection\Le2i\data\Coffee_room_02\Coffee_room_02\Videos\video (58).avi,Coffee_room_02,2,FALL,1,0.607874,0.49,1,True,TP,0.117874,0.0,0.4718,0.122447,-0.120981
Le2i_Coffee_room_02_video (59)_w000,Le2i_Coffee_room_02_video (59),D:\ONE_DATA\Fall detection\Le2i\data\Coffee_room_02\Coffee_room_02\Videos\video (59).avi,Coffee_room_02,2,NORMAL,0,0.001799,0.49,0,True,TN,0.488201,0.0,0.4371,0.184531,-0.386514
Le2i_Coffee_room_02_video (59)_w001,Le2i_Coffee_room_02_video (59),D:\ONE_DATA\Fall detection\Le2i\data\Coffee_room_02\Coffee_room_02\Videos\video (59).avi,Coffee_room_02,2,NORMAL,0,0.009937,0.49,0,True,TN,0.480063,0.0,0.3666,0.367236,-0.386514
Le2i_Coffee_room_02_video (59)_w002,Le2i_Coffee_room_02_video (59),D:\ONE_DATA\Fall detection\Le2i\data\Coffee_room_02\Coffee_room_02\Videos\video (59).avi,Coffee_room_02,2,NORMAL,0,0.081679,0.49,0,True,TN,0.408321,0.0,0.3188,0.367236,-0.274964
Le2i_Coffee_room_02_video (59)_w003,Le2i_Coffee_room_02_video (59),D:\ONE_DATA\Fall detection\Le2i\data\Coffee_room_02\Coffee_room_02\Videos\video (59).avi,Coffee_room_02,2,NORMAL,0,0.011583,0.49,0,True,TN,0.478417,0.0,0.3503,0.254674,-0.274964
Le2i_Coffee_room_02_video (59)_w004,Le2i_Coffee_room_02_video (59),D:\ONE_DATA\Fall detection\Le2i\data\Coffee_room_02\Coffee_room_02\Videos\video (59).avi,Coffee_room_02,2,FALL,1,0.879903,0.49,1,True,TP,0.389903,0.0,0.3964,0.368655,-0.678099
Le2i_Coffee_room_02_video (59)_w005,Le2i_Coffee_room_02_video (59),D:\ONE_DATA\Fall detection\Le2i\data\Coffee_room_02\Coffee_room_02\Videos\video (59).avi,Coffee_room_02,2,FALL,1,0.814798,0.49,1,True,TP,0.324798,0.0,0.4052,0.814794,-0.678099
Le2i_Coffee_room_02_video (59)_w006,Le2i_Coffee_room_02_video (59),D:\ONE_DATA\Fall detection\Le2i\data\Coffee_room_02\Coffee_room_02\Videos\video (59).avi,Coffee_room_02,2,NORMAL,0,0.626504,0.49,1,False,FP,0.136504,0.626504,0.3999,0.814794,-0.551485
Le2i_Coffee_room_02_video (59)_w007,Le2i_Coffee_room_02_video (59),D:\ONE_DATA\Fall detection\Le2i\data\Coffee_room_02\Coffee_room_02\Videos\video (59).avi,Coffee_room_02,2,FALL,1,0.626476,0.49,1,True,TP,0.136476,0.0,0.4078,0.379194,-0.451937
Le2i_Coffee_room_02_video (59)_w008,Le2i_Coffee_room_02_video (59),D:\ONE_DATA\Fall detection\Le2i\data\Coffee_room_02\Coffee_room_02\Videos\video (59).avi,Coffee_room_02,2,FALL,1,0.614882,0.49,1,True,TP,0.124882,0.0,0.4095,0.379194,-0.451937
Le2i_Coffee_room_02_video (60)_w000,Le2i_Coffee_room_02_video (60),D:\ONE_DATA\Fall detection\Le2i\data\Coffee_room_02\Coffee_room_02\Videos\video (60).avi,Coffee_room_02,2,NORMAL,0,0.039256,0.49,0,True,TN,0.450744,0.0,0.3307,0.772284,-0.23729
Le2i_Coffee_room_02_video (60)_w001,Le2i_Coffee_room_02_video (60),D:\ONE_DATA\Fall detection\Le2i\data\Coffee_room_02\Coffee_room_02\Videos\video (60).avi,Coffee_room_02,2,NORMAL,0,0.035265,0.49,0,True,TN,0.454735,0.0,0.3254,0.772284,-0.23729
Le2i_Coffee_room_02_video (60)_w002,Le2i_Coffee_room_02_video (60),D:\ONE_DATA\Fall detection\Le2i\data\Coffee_room_02\Coffee_room_02\Videos\video (60).avi,Coffee_room_02,2,NORMAL,0,0.001116,0.49,0,True,TN,0.488884,0.0,0.3719,0.100028,-0.082444
Le2i_Coffee_room_02_video (60)_w003,Le2i_Coffee_room_02_video (60),D:\ONE_DATA\Fall detection\Le2i\data\Coffee_room_02\Coffee_room_02\Videos\video (60).avi,Coffee_room_02,2,NORMAL,0,0.000323,0.49,0,True,TN,0.489677,0.0,0.4089,0.119255,-0.082444
Le2i_Coffee_room_02_video (60)_w004,Le2i_Coffee_room_02_video (60),D:\ONE_DATA\Fall detection\Le2i\data\Coffee_room_02\Coffee_room_02\Videos\video (60).avi,Coffee_room_02,2,FALL,1,0.999993,0.49,1,True,TP,0.509993,0.0,0.3974,3.873629,-3.799595
Le2i_Coffee_room_02_video (60)_w005,Le2i_Coffee_room_02_video (60),D:\ONE_DATA\Fall detection\Le2i\data\Coffee_room_02\Coffee_room_02\Videos\video (60).avi,Coffee_room_02,2,FALL,1,0.994814,0.49,1,True,TP,0.504814,0.0,0.418,3.873629,-3.799595
Le2i_Coffee_room_02_video (60)_w006,Le2i_Coffee_room_02_video (60),D:\ONE_DATA\Fall detection\Le2i\data\Coffee_room_02\Coffee_room_02\Videos\video (60).avi,Coffee_room_02,2,NORMAL,0,0.780985,0.49,1,False,FP,0.290985,0.780985,0.4603,0.87423,-0.942747
Le2i_Coffee_room_02_video (60)_w007,Le2i_Coffee_room_02_video (60),D:\ONE_DATA\Fall detection\Le2i\data\Coffee_room_02\Coffee_room_02\Videos\video (60).avi,Coffee_room_02,2,FALL,1,0.781392,0.49,1,True,TP,0.291392,0.0,0.4624,0.972557,-0.942747
Le2i_Coffee_room_02_video (60)_w008,Le2i_Coffee_room_02_video (60),D:\ONE_DATA\Fall detection\Le2i\data\Coffee_room_02\Coffee_room_02\Videos\video (60).avi,Coffee_room_02,2,FALL,1,0.784092,0.49,1,True,TP,0.294092,0.0,0.4634,1.026972,-0.902363
Le2i_Coffee_room_02_video (60)_w009,Le2i_Coffee_room_02_video (60),D:\ONE_DATA\Fall detection\Le2i\data\Coffee_room_02\Coffee_room_02\Videos\video (60).avi,Coffee_room_02,2,FALL,1,0.803682,0.49,1,True,TP,0.313682,0.0,0.4535,7.188498,-1.189227
Le2i_Coffee_room_02_video (61)_w000,Le2i_Coffee_room_02_video (61),D:\ONE_DATA\Fall detection\Le2i\data\Coffee_room_02\Coffee_room_02\Videos\video (61).avi,Coffee_room_02,2,NORMAL,0,4.5e-05,0.49,0,True,TN,0.489955,0.0,0.2254,5.171091,-6.117588
Le2i_Coffee_room_02_video (61)_w001,Le2i_Coffee_room_02_video (61),D:\ONE_DATA\Fall detection\Le2i\data\Coffee_room_02\Coffee_room_02\Videos\video (61).avi,Coffee_room_02,2,NORMAL,0,0.00015,0.49,0,True,TN,0.48985,0.0,0.361,0.379571,-0.297391
Le2i_Coffee_room_02_video (61)_w002,Le2i_Coffee_room_02_video (61),D:\ONE_DATA\Fall detection\Le2i\data\Coffee_room_02\Coffee_room_02\Videos\video (61).avi,Coffee_room_02,2,NORMAL,0,0.000242,0.49,0,True,TN,0.489758,0.0,0.3754,0.379571,-0.297391
Le2i_Coffee_room_02_video (61)_w003,Le2i_Coffee_room_02_video (61),D:\ONE_DATA\Fall detection\Le2i\data\Coffee_room_02\Coffee_room_02\Videos\video (61).avi,Coffee_room_02,2,NORMAL,0,0.000137,0.49,0,True,TN,0.489863,0.0,0.3723,0.100153,-0.193086
Le2i_Coffee_room_02_video (61)_w004,Le2i_Coffee_room_02_video (61),D:\ONE_DATA\Fall detection\Le2i\data\Coffee_room_02\Coffee_room_02\Videos\video (61).avi,Coffee_room_02,2,NORMAL,0,8.3e-05,0.49,0,True,TN,0.489917,0.0,0.3773,0.062744,-0.087645
Le2i_Coffee_room_02_video (61)_w005,Le2i_Coffee_room_02_video (61),D:\ONE_DATA\Fall detection\Le2i\data\Coffee_room_02\Coffee_room_02\Videos\video (61).avi,Coffee_room_02,2,NORMAL,0,9.2e-05,0.49,0,True,TN,0.489908,0.0,0.3788,0.162335,-0.042672
Le2i_Coffee_room_02_video (61)_w006,Le2i_Coffee_room_02_video (61),D:\ONE_DATA\Fall detection\Le2i\data\Coffee_room_02\Coffee_room_02\Videos\video (61).avi,Coffee_room_02,2,NORMAL,0,0.000102,0.49,0,True,TN,0.489898,0.0,0.3764,0.162335,-0.023313
Le2i_Coffee_room_02_video (61)_w007,Le2i_Coffee_room_02_video (61),D:\ONE_DATA\Fall detection\Le2i\data\Coffee_room_02\Coffee_room_02\Videos\video (61).avi,Coffee_room_02,2,NORMAL,0,9.7e-05,0.49,0,True,TN,0.489903,0.0,0.3746,0.036548,-0.027016
Le2i_Coffee_room_02_video (61)_w008,Le2i_Coffee_room_02_video (61),D:\ONE_DATA\Fall detection\Le2i\data\Coffee_room_02\Coffee_room_02\Videos\video (61).avi,Coffee_room_02,2,NORMAL,0,9.3e-05,0.49,0,True,TN,0.489907,0.0,0.3897,0.069932,-0.102131
Le2i_Coffee_room_02_video (61)_w009,Le2i_Coffee_room_02_video (61),D:\ONE_DATA\Fall detection\Le2i\data\Coffee_room_02\Coffee_room_02\Videos\video (61).avi,Coffee_room_02,2,NORMAL,0,4.7e-05,0.49,0,True,TN,0.489953,0.0,0.4063,0.074668,-0.102131
Le2i_Coffee_room_02_video (61)_w010,Le2i_Coffee_room_02_video (61),D:\ONE_DATA\Fall detection\Le2i\data\Coffee_room_02\Coffee_room_02\Videos\video (61).avi,Coffee_room_02,2,NORMAL,0,2.6e-05,0.49,0,True,TN,0.489974,0.0,0.4026,0.074668,-0.053628
Le2i_Coffee_room_02_video (61)_w011,Le2i_Coffee_room_02_video (61),D:\ONE_DATA\Fall detection\Le2i\data\Coffee_room_02\Coffee_room_02\Videos\video (61).avi,Coffee_room_02,2,NORMAL,0,3.5e-05,0.49,0,True,TN,0.489965,0.0,0.4009,0.074604,-0.063208
Le2i_Coffee_room_02_video (61)_w012,Le2i_Coffee_room_02_video (61),D:\ONE_DATA\Fall detection\Le2i\data\Coffee_room_02\Coffee_room_02\Videos\video (61).avi,Coffee_room_02,2,NORMAL,0,2.4e-05,0.49,0,True,TN,0.489976,0.0,0.4054,0.157614,-0.159937
Le2i_Coffee_room_02_video (61)_w013,Le2i_Coffee_room_02_video (61),D:\ONE_DATA\Fall detection\Le2i\data\Coffee_room_02\Coffee_room_02\Videos\video (61).avi,Coffee_room_02,2,NORMAL,0,0.0,0.49,0,True,TN,0.49,0.0,0.421,0.313613,-0.459983
Le2i_Coffee_room_02_video (61)_w014,Le2i_Coffee_room_02_video (61),D:\ONE_DATA\Fall detection\Le2i\data\Coffee_room_02\Coffee_room_02\Videos\video (61).avi,Coffee_room_02,2,NORMAL,0,0.0,0.49,0,True,TN,0.49,0.0,0.4409,0.313613,-0.459983
Le2i_Coffee_room_02_video (61)_w015,Le2i_Coffee_room_02_video (61),D:\ONE_DATA\Fall detection\Le2i\data\Coffee_room_02\Coffee_room_02\Videos\video (61).avi,Coffee_room_02,2,NORMAL,0,2e-06,0.49,0,True,TN,0.489998,0.0,0.4551,0.25771,-0.183048
Le2i_Coffee_room_02_video (61)_w016,Le2i_Coffee_room_02_video (61),D:\ONE_DATA\Fall detection\Le2i\data\Coffee_room_02\Coffee_room_02\Videos\video (61).avi,Coffee_room_02,2,NORMAL,0,2.3e-05,0.49,0,True,TN,0.489977,0.0,0.467,0.120363,-0.149128
Le2i_Coffee_room_02_video (61)_w017,Le2i_Coffee_room_02_video (61),D:\ONE_DATA\Fall detection\Le2i\data\Coffee_room_02\Coffee_room_02\Videos\video (61).avi,Coffee_room_02,2,NORMAL,0,1.8e-05,0.49,0,True,TN,0.489982,0.0,0.4667,0.120363,-0.149128
Le2i_Coffee_room_02_video (61)_w018,Le2i_Coffee_room_02_video (61),D:\ONE_DATA\Fall detection\Le2i\data\Coffee_room_02\Coffee_room_02\Videos\video (61).avi,Coffee_room_02,2,NORMAL,0,2e-05,0.49,0,True,TN,0.48998,0.0,0.4679,0.112903,-0.060731
Le2i_Coffee_room_02_video (61)_w019,Le2i_Coffee_room_02_video (61),D:\ONE_DATA\Fall detection\Le2i\data\Coffee_room_02\Coffee_room_02\Videos\video (61).avi,Coffee_room_02,2,NORMAL,0,2.3e-05,0.49,0,True,TN,0.489977,0.0,0.4719,0.186082,-0.211574
Le2i_Coffee_room_02_video (61)_w020,Le2i_Coffee_room_02_video (61),D:\ONE_DATA\Fall detection\Le2i\data\Coffee_room_02\Coffee_room_02\Videos\video (61).avi,Coffee_room_02,2,NORMAL,0,2.4e-05,0.49,0,True,TN,0.489976,0.0,0.4712,0.682704,-0.43561
Le2i_Coffee_room_02_video (61)_w021,Le2i_Coffee_room_02_video (61),D:\ONE_DATA\Fall detection\Le2i\data\Coffee_room_02\Coffee_room_02\Videos\video (61).avi,Coffee_room_02,2,NORMAL,0,2e-05,0.49,0,True,TN,0.48998,0.0,0.4729,0.682704,-0.43561
Le2i_Coffee_room_02_video (61)_w022,Le2i_Coffee_room_02_video (61),D:\ONE_DATA\Fall detection\Le2i\data\Coffee_room_02\Coffee_room_02\Videos\video (61).avi,Coffee_room_02,2,NORMAL,0,1.2e-05,0.49,0,True,TN,0.489988,0.0,0.4744,0.096515,-0.196065
Le2i_Coffee_room_02_video (61)_w023,Le2i_Coffee_room_02_video (61),D:\ONE_DATA\Fall detection\Le2i\data\Coffee_room_02\Coffee_room_02\Videos\video (61).avi,Coffee_room_02,2,NORMAL,0,1.8e-05,0.49,0,True,TN,0.489982,0.0,0.4706,0.189872,-0.109001
Le2i_Coffee_room_02_video (61)_w024,Le2i_Coffee_room_02_video (61),D:\ONE_DATA\Fall detection\Le2i\data\Coffee_room_02\Coffee_room_02\Videos\video (61).avi,Coffee_room_02,2,NORMAL,0,2e-05,0.49,0,True,TN,0.48998,0.0,0.4651,0.189872,-0.109001
Le2i_Coffee_room_02_video (61)_w025,Le2i_Coffee_room_02_video (61),D:\ONE_DATA\Fall detection\Le2i\data\Coffee_room_02\Coffee_room_02\Videos\video (61).avi,Coffee_room_02,2,NORMAL,0,1.3e-05,0.49,0,True,TN,0.489987,0.0,0.4612,0.125228,-0.105869
Le2i_Coffee_room_02_video (61)_w026,Le2i_Coffee_room_02_video (61),D:\ONE_DATA\Fall detection\Le2i\data\Coffee_room_02\Coffee_room_02\Videos\video (61).avi,Coffee_room_02,2,NORMAL,0,2e-06,0.49,0,True,TN,0.489998,0.0,0.454,0.20178,-0.412096
Le2i_Coffee_room_02_video (61)_w027,Le2i_Coffee_room_02_video (61),D:\ONE_DATA\Fall detection\Le2i\data\Coffee_room_02\Coffee_room_02\Videos\video (61).avi,Coffee_room_02,2,NORMAL,0,2e-06,0.49,0,True,TN,0.489998,0.0,0.4339,0.516096,-0.412096
Le2i_Coffee_room_02_video (61)_w028,Le2i_Coffee_room_02_video (61),D:\ONE_DATA\Fall detection\Le2i\data\Coffee_room_02\Coffee_room_02\Videos\video (61).avi,Coffee_room_02,2,NORMAL,0,1e-05,0.49,0,True,TN,0.48999,0.0,0.4207,0.516096,-0.213931
Le2i_Coffee_room_02_video (61)_w029,Le2i_Coffee_room_02_video (61),D:\ONE_DATA\Fall detection\Le2i\data\Coffee_room_02\Coffee_room_02\Videos\video (61).avi,Coffee_room_02,2,NORMAL,0,0.000735,0.49,0,True,TN,0.489265,0.0,0.4215,0.138222,-0.137402
Le2i_Coffee_room_02_video (61)_w030,Le2i_Coffee_room_02_video (61),D:\ONE_DATA\Fall detection\Le2i\data\Coffee_room_02\Coffee_room_02\Videos\video (61).avi,Coffee_room_02,2,NORMAL,0,0.000922,0.49,0,True,TN,0.489078,0.0,0.4178,0.118399,-0.115975
Le2i_Coffee_room_02_video (61)_w031,Le2i_Coffee_room_02_video (61),D:\ONE_DATA\Fall detection\Le2i\data\Coffee_room_02\Coffee_room_02\Videos\video (61).avi,Coffee_room_02,2,NORMAL,0,2.7e-05,0.49,0,True,TN,0.489973,0.0,0.4191,0.118399,-0.091082
Le2i_Coffee_room_02_video (61)_w032,Le2i_Coffee_room_02_video (61),D:\ONE_DATA\Fall detection\Le2i\data\Coffee_room_02\Coffee_room_02\Videos\video (61).avi,Coffee_room_02,2,NORMAL,0,2e-06,0.49,0,True,TN,0.489998,0.0,0.4311,0.036554,-0.041584
Le2i_Coffee_room_02_video (61)_w033,Le2i_Coffee_room_02_video (61),D:\ONE_DATA\Fall detection\Le2i\data\Coffee_room_02\Coffee_room_02\Videos\video (61).avi,Coffee_room_02,2,NORMAL,0,7e-06,0.49,0,True,TN,0.489993,0.0,0.4638,0.148022,-0.147117
Le2i_Coffee_room_02_video (61)_w034,Le2i_Coffee_room_02_video (61),D:\ONE_DATA\Fall detection\Le2i\data\Coffee_room_02\Coffee_room_02\Videos\video (61).avi,Coffee_room_02,2,NORMAL,0,8.6e-05,0.49,0,True,TN,0.489914,0.0,0.4887,0.148022,-0.147117
Le2i_Coffee_room_02_video (61)_w035,Le2i_Coffee_room_02_video (61),D:\ONE_DATA\Fall detection\Le2i\data\Coffee_room_02\Coffee_room_02\Videos\video (61).avi,Coffee_room_02,2,NORMAL,0,1.3e-05,0.49,0,True,TN,0.489987,0.0,0.4838,0.112816,-0.146198
Le2i_Coffee_room_02_video (61)_w036,Le2i_Coffee_room_02_video (61),D:\ONE_DATA\Fall detection\Le2i\data\Coffee_room_02\Coffee_room_02\Videos\video (61).avi,Coffee_room_02,2,NORMAL,0,5e-06,0.49,0,True,TN,0.489995,0.0,0.4388,0.112816,-0.146198
Le2i_Coffee_room_02_video (61)_w037,Le2i_Coffee_room_02_video (61),D:\ONE_DATA\Fall detection\Le2i\data\Coffee_room_02\Coffee_room_02\Videos\video (61).avi,Coffee_room_02,2,NORMAL,0,1.3e-05,0.49,0,True,TN,0.489987,0.0,0.4073,0.111699,-0.068235
Le2i_Coffee_room_02_video (61)_w038,Le2i_Coffee_room_02_video (61),D:\ONE_DATA\Fall detection\Le2i\data\Coffee_room_02\Coffee_room_02\Videos\video (61).avi,Coffee_room_02,2,NORMAL,0,0.67025,0.49,1,False,FP,0.18025,0.67025,0.4167,0.348493,-0.270409
Le2i_Coffee_room_02_video (61)_w039,Le2i_Coffee_room_02_video (61),D:\ONE_DATA\Fall detection\Le2i\data\Coffee_room_02\Coffee_room_02\Videos\video (61).avi,Coffee_room_02,2,NORMAL,0,0.000323,0.49,0,True,TN,0.489677,0.0,0.4292,0.348493,-0.270409
Le2i_Coffee_room_02_video (61)_w040,Le2i_Coffee_room_02_video (61),D:\ONE_DATA\Fall detection\Le2i\data\Coffee_room_02\Coffee_room_02\Videos\video (61).avi,Coffee_room_02,2,NORMAL,0,0.0,0.49,0,True,TN,0.49,0.0,0.4454,0.270298,-0.217298
Le2i_Coffee_room_02_video (61)_w041,Le2i_Coffee_room_02_video (61),D:\ONE_DATA\Fall detection\Le2i\data\Coffee_room_02\Coffee_room_02\Videos\video (61).avi,Coffee_room_02,2,NORMAL,0,0.0,0.49,0,True,TN,0.49,0.0,0.4473,0.242795,-0.194469
Le2i_Coffee_room_02_video (61)_w042,Le2i_Coffee_room_02_video (61),D:\ONE_DATA\Fall detection\Le2i\data\Coffee_room_02\Coffee_room_02\Videos\video (61).avi,Coffee_room_02,2,NORMAL,0,0.0,0.49,0,True,TN,0.49,0.0,0.4486,0.242795,-0.259025
Le2i_Coffee_room_02_video (61)_w043,Le2i_Coffee_room_02_video (61),D:\ONE_DATA\Fall detection\Le2i\data\Coffee_room_02\Coffee_room_02\Videos\video (61).avi,Coffee_room_02,2,NORMAL,0,0.0,0.49,0,True,TN,0.49,0.0,0.4527,0.19648,-0.259025
Le2i_Coffee_room_02_video (61)_w044,Le2i_Coffee_room_02_video (61),D:\ONE_DATA\Fall detection\Le2i\data\Coffee_room_02\Coffee_room_02\Videos\video (61).avi,Coffee_room_02,2,NORMAL,0,0.0,0.49,0,True,TN,0.49,0.0,0.4516,0.140467,-0.195262
Le2i_Coffee_room_02_video (61)_w045,Le2i_Coffee_room_02_video (61),D:\ONE_DATA\Fall detection\Le2i\data\Coffee_room_02\Coffee_room_02\Videos\video (61).avi,Coffee_room_02,2,NORMAL,0,0.0,0.49,0,True,TN,0.49,0.0,0.4483,0.140467,-0.195262
Le2i_Coffee_room_02_video (61)_w046,Le2i_Coffee_room_02_video (61),D:\ONE_DATA\Fall detection\Le2i\data\Coffee_room_02\Coffee_room_02\Videos\video (61).avi,Coffee_room_02,2,NORMAL,0,0.0,0.49,0,True,TN,0.49,0.0,0.4469,0.095303,-0.088052
Le2i_Coffee_room_02_video (61)_w047,Le2i_Coffee_room_02_video (61),D:\ONE_DATA\Fall detection\Le2i\data\Coffee_room_02\Coffee_room_02\Videos\video (61).avi,Coffee_room_02,2,NORMAL,0,0.0,0.49,0,True,TN,0.49,0.0,0.4443,0.095303,-0.088052
Le2i_Coffee_room_02_video (61)_w048,Le2i_Coffee_room_02_video (61),D:\ONE_DATA\Fall detection\Le2i\data\Coffee_room_02\Coffee_room_02\Videos\video (61).avi,Coffee_room_02,2,NORMAL,0,0.0,0.49,0,True,TN,0.49,0.0,0.4384,0.086459,-0.123916
Le2i_Coffee_room_02_video (61)_w049,Le2i_Coffee_room_02_video (61),D:\ONE_DATA\Fall detection\Le2i\data\Coffee_room_02\Coffee_room_02\Videos\video (61).avi,Coffee_room_02,2,NORMAL,0,0.0,0.49,0,True,TN,0.49,0.0,0.4358,0.086459,-0.123916
Le2i_Coffee_room_02_video (61)_w050,Le2i_Coffee_room_02_video (61),D:\ONE_DATA\Fall detection\Le2i\data\Coffee_room_02\Coffee_room_02\Videos\video (61).avi,Coffee_room_02,2,NORMAL,0,0.0,0.49,0,True,TN,0.49,0.0,0.4368,0.061762,-0.101801
Le2i_Coffee_room_02_video (62)_w000,Le2i_Coffee_room_02_video (62),D:\ONE_DATA\Fall detection\Le2i\data\Coffee_room_02\Coffee_room_02\Videos\video (62).avi,Coffee_room_02,2,NORMAL,0,0.000254,0.49,0,True,TN,0.489746,0.0,0.3383,0.174392,-0.149294
Le2i_Coffee_room_02_video (62)_w001,Le2i_Coffee_room_02_video (62),D:\ONE_DATA\Fall detection\Le2i\data\Coffee_room_02\Coffee_room_02\Videos\video (62).avi,Coffee_room_02,2,NORMAL,0,0.000333,0.49,0,True,TN,0.489667,0.0,0.3961,0.162377,-0.131661
Le2i_Coffee_room_02_video (62)_w002,Le2i_Coffee_room_02_video (62),D:\ONE_DATA\Fall detection\Le2i\data\Coffee_room_02\Coffee_room_02\Videos\video (62).avi,Coffee_room_02,2,NORMAL,0,2e-06,0.49,0,True,TN,0.489998,0.0,0.3996,0.299087,-0.30508
Le2i_Coffee_room_02_video (62)_w003,Le2i_Coffee_room_02_video (62),D:\ONE_DATA\Fall detection\Le2i\data\Coffee_room_02\Coffee_room_02\Videos\video (62).avi,Coffee_room_02,2,NORMAL,0,0.0,0.49,0,True,TN,0.49,0.0,0.4256,0.299087,-0.30508
Le2i_Coffee_room_02_video (62)_w004,Le2i_Coffee_room_02_video (62),D:\ONE_DATA\Fall detection\Le2i\data\Coffee_room_02\Coffee_room_02\Videos\video (62).avi,Coffee_room_02,2,NORMAL,0,1e-06,0.49,0,True,TN,0.489999,0.0,0.4483,0.183797,-0.240928
Le2i_Coffee_room_02_video (62)_w005,Le2i_Coffee_room_02_video (62),D:\ONE_DATA\Fall detection\Le2i\data\Coffee_room_02\Coffee_room_02\Videos\video (62).avi,Coffee_room_02,2,NORMAL,0,0.0,0.49,0,True,TN,0.49,0.0,0.4537,0.423157,-0.345044
Le2i_Coffee_room_02_video (62)_w006,Le2i_Coffee_room_02_video (62),D:\ONE_DATA\Fall detection\Le2i\data\Coffee_room_02\Coffee_room_02\Videos\video (62).avi,Coffee_room_02,2,FALL,1,0.973642,0.49,1,True,TP,0.483642,0.0,0.45,0.618029,-1.065942
Le2i_Coffee_room_02_video (62)_w007,Le2i_Coffee_room_02_video (62),D:\ONE_DATA\Fall detection\Le2i\data\Coffee_room_02\Coffee_room_02\Videos\video (62).avi,Coffee_room_02,2,FALL,1,0.7833,0.49,1,True,TP,0.2933,0.0,0.4419,0.618029,-1.065942
Le2i_Coffee_room_02_video (62)_w008,Le2i_Coffee_room_02_video (62),D:\ONE_DATA\Fall detection\Le2i\data\Coffee_room_02\Coffee_room_02\Videos\video (62).avi,Coffee_room_02,2,FALL,1,0.688139,0.49,1,True,TP,0.198139,0.0,0.4404,0.372948,-0.365127
Le2i_Coffee_room_02_video (62)_w009,Le2i_Coffee_room_02_video (62),D:\ONE_DATA\Fall detection\Le2i\data\Coffee_room_02\Coffee_room_02\Videos\video (62).avi,Coffee_room_02,2,FALL,1,0.693169,0.49,1,True,TP,0.203169,0.0,0.4406,0.345046,-0.349389
Le2i_Coffee_room_02_video (63)_w000,Le2i_Coffee_room_02_video (63),D:\ONE_DATA\Fall detection\Le2i\data\Coffee_room_02\Coffee_room_02\Videos\video (63).avi,Coffee_room_02,2,NORMAL,0,0.001955,0.49,0,True,TN,0.488045,0.0,0.3682,0.351112,-0.380263
Le2i_Coffee_room_02_video (63)_w001,Le2i_Coffee_room_02_video (63),D:\ONE_DATA\Fall detection\Le2i\data\Coffee_room_02\Coffee_room_02\Videos\video (63).avi,Coffee_room_02,2,NORMAL,0,0.00098,0.49,0,True,TN,0.48902,0.0,0.3873,0.256375,-0.226053
Le2i_Coffee_room_02_video (63)_w002,Le2i_Coffee_room_02_video (63),D:\ONE_DATA\Fall detection\Le2i\data\Coffee_room_02\Coffee_room_02\Videos\video (63).avi,Coffee_room_02,2,NORMAL,0,0.000875,0.49,0,True,TN,0.489125,0.0,0.3916,0.286439,-0.226053
Le2i_Coffee_room_02_video (63)_w003,Le2i_Coffee_room_02_video (63),D:\ONE_DATA\Fall detection\Le2i\data\Coffee_room_02\Coffee_room_02\Videos\video (63).avi,Coffee_room_02,2,NORMAL,0,0.000715,0.49,0,True,TN,0.489285,0.0,0.3911,0.286439,-0.281584
Le2i_Coffee_room_02_video (63)_w004,Le2i_Coffee_room_02_video (63),D:\ONE_DATA\Fall detection\Le2i\data\Coffee_room_02\Coffee_room_02\Videos\video (63).avi,Coffee_room_02,2,NORMAL,0,0.000764,0.49,0,True,TN,0.489236,0.0,0.4009,0.181504,-0.292866
Le2i_Coffee_room_02_video (63)_w005,Le2i_Coffee_room_02_video (63),D:\ONE_DATA\Fall detection\Le2i\data\Coffee_room_02\Coffee_room_02\Videos\video (63).avi,Coffee_room_02,2,NORMAL,0,0.003883,0.49,0,True,TN,0.486117,0.0,0.4135,0.181504,-0.24241
Le2i_Coffee_room_02_video (63)_w006,Le2i_Coffee_room_02_video (63),D:\ONE_DATA\Fall detection\Le2i\data\Coffee_room_02\Coffee_room_02\Videos\video (63).avi,Coffee_room_02,2,NORMAL,0,0.011024,0.49,0,True,TN,0.478976,0.0,0.4134,0.174256,-0.277017
Le2i_Coffee_room_02_video (63)_w007,Le2i_Coffee_room_02_video (63),D:\ONE_DATA\Fall detection\Le2i\data\Coffee_room_02\Coffee_room_02\Videos\video (63).avi,Coffee_room_02,2,NORMAL,0,0.022787,0.49,0,True,TN,0.467213,0.0,0.4025,0.174256,-0.277017
Le2i_Coffee_room_02_video (63)_w008,Le2i_Coffee_room_02_video (63),D:\ONE_DATA\Fall detection\Le2i\data\Coffee_room_02\Coffee_room_02\Videos\video (63).avi,Coffee_room_02,2,NORMAL,0,0.011821,0.49,0,True,TN,0.478179,0.0,0.3922,0.258345,-0.158311
Le2i_Coffee_room_02_video (63)_w009,Le2i_Coffee_room_02_video (63),D:\ONE_DATA\Fall detection\Le2i\data\Coffee_room_02\Coffee_room_02\Videos\video (63).avi,Coffee_room_02,2,NORMAL,0,0.002658,0.49,0,True,TN,0.487342,0.0,0.3932,0.258345,-0.158311
Le2i_Coffee_room_02_video (63)_w010,Le2i_Coffee_room_02_video (63),D:\ONE_DATA\Fall detection\Le2i\data\Coffee_room_02\Coffee_room_02\Videos\video (63).avi,Coffee_room_02,2,NORMAL,0,0.001225,0.49,0,True,TN,0.488775,0.0,0.395,0.153229,-0.168929
Le2i_Coffee_room_02_video (63)_w011,Le2i_Coffee_room_02_video (63),D:\ONE_DATA\Fall detection\Le2i\data\Coffee_room_02\Coffee_room_02\Videos\video (63).avi,Coffee_room_02,2,NORMAL,0,0.001094,0.49,0,True,TN,0.488906,0.0,0.4049,0.25669,-0.266296
Le2i_Coffee_room_02_video (63)_w012,Le2i_Coffee_room_02_video (63),D:\ONE_DATA\Fall detection\Le2i\data\Coffee_room_02\Coffee_room_02\Videos\video (63).avi,Coffee_room_02,2,NORMAL,0,0.002361,0.49,0,True,TN,0.487639,0.0,0.4197,0.25669,-0.266296
Le2i_Coffee_room_02_video (63)_w013,Le2i_Coffee_room_02_video (63),D:\ONE_DATA\Fall detection\Le2i\data\Coffee_room_02\Coffee_room_02\Videos\video (63).avi,Coffee_room_02,2,NORMAL,0,0.023996,0.49,0,True,TN,0.466004,0.0,0.4011,0.378767,-0.216614
Le2i_Coffee_room_02_video (63)_w014,Le2i_Coffee_room_02_video (63),D:\ONE_DATA\Fall detection\Le2i\data\Coffee_room_02\Coffee_room_02\Videos\video (63).avi,Coffee_room_02,2,NORMAL,0,0.042656,0.49,0,True,TN,0.447344,0.0,0.3839,0.378767,-0.286626
Le2i_Coffee_room_02_video (63)_w015,Le2i_Coffee_room_02_video (63),D:\ONE_DATA\Fall detection\Le2i\data\Coffee_room_02\Coffee_room_02\Videos\video (63).avi,Coffee_room_02,2,NORMAL,0,0.047409,0.49,0,True,TN,0.442591,0.0,0.4048,0.304677,-0.249377
Le2i_Coffee_room_02_video (63)_w016,Le2i_Coffee_room_02_video (63),D:\ONE_DATA\Fall detection\Le2i\data\Coffee_room_02\Coffee_room_02\Videos\video (63).avi,Coffee_room_02,2,NORMAL,0,0.01776,0.49,0,True,TN,0.47224,0.0,0.409,0.179926,-0.325418
Le2i_Coffee_room_02_video (63)_w017,Le2i_Coffee_room_02_video (63),D:\ONE_DATA\Fall detection\Le2i\data\Coffee_room_02\Coffee_room_02\Videos\video (63).avi,Coffee_room_02,2,NORMAL,0,0.004535,0.49,0,True,TN,0.485465,0.0,0.3924,0.098077,-0.325418
Le2i_Coffee_room_02_video (63)_w018,Le2i_Coffee_room_02_video (63),D:\ONE_DATA\Fall detection\Le2i\data\Coffee_room_02\Coffee_room_02\Videos\video (63).avi,Coffee_room_02,2,NORMAL,0,0.000799,0.49,0,True,TN,0.489201,0.0,0.3818,0.259145,-0.171437
Le2i_Coffee_room_02_video (63)_w019,Le2i_Coffee_room_02_video (63),D:\ONE_DATA\Fall detection\Le2i\data\Coffee_room_02\Coffee_room_02\Videos\video (63).avi,Coffee_room_02,2,NORMAL,0,0.611462,0.49,1,False,FP,0.121462,0.611462,0.3492,0.572802,-0.538321
Le2i_Coffee_room_02_video (63)_w020,Le2i_Coffee_room_02_video (63),D:\ONE_DATA\Fall detection\Le2i\data\Coffee_room_02\Coffee_room_02\Videos\video (63).avi,Coffee_room_02,2,NORMAL,0,0.618122,0.49,1,False,FP,0.128122,0.618122,0.3361,0.572802,-0.538321
Le2i_Coffee_room_02_video (63)_w021,Le2i_Coffee_room_02_video (63),D:\ONE_DATA\Fall detection\Le2i\data\Coffee_room_02\Coffee_room_02\Videos\video (63).avi,Coffee_room_02,2,NORMAL,0,0.658377,0.49,1,False,FP,0.168377,0.658377,0.3625,0.373582,-0.401609
Le2i_Coffee_room_02_video (64)_w000,Le2i_Coffee_room_02_video (64),D:\ONE_DATA\Fall detection\Le2i\data\Coffee_room_02\Coffee_room_02\Videos\video (64).avi,Coffee_room_02,2,NORMAL,0,0.031697,0.49,0,True,TN,0.458303,0.0,0.4288,0.14693,-0.223266
Le2i_Coffee_room_02_video (64)_w001,Le2i_Coffee_room_02_video (64),D:\ONE_DATA\Fall detection\Le2i\data\Coffee_room_02\Coffee_room_02\Videos\video (64).avi,Coffee_room_02,2,NORMAL,0,0.008072,0.49,0,True,TN,0.481928,0.0,0.4513,0.618036,-0.391712
Le2i_Coffee_room_02_video (64)_w002,Le2i_Coffee_room_02_video (64),D:\ONE_DATA\Fall detection\Le2i\data\Coffee_room_02\Coffee_room_02\Videos\video (64).avi,Coffee_room_02,2,NORMAL,0,0.001839,0.49,0,True,TN,0.488161,0.0,0.457,0.618036,-0.536377
Le2i_Coffee_room_02_video (64)_w003,Le2i_Coffee_room_02_video (64),D:\ONE_DATA\Fall detection\Le2i\data\Coffee_room_02\Coffee_room_02\Videos\video (64).avi,Coffee_room_02,2,NORMAL,0,0.000654,0.49,0,True,TN,0.489346,0.0,0.4658,0.433893,-0.536377
Le2i_Coffee_room_02_video (64)_w004,Le2i_Coffee_room_02_video (64),D:\ONE_DATA\Fall detection\Le2i\data\Coffee_room_02\Coffee_room_02\Videos\video (64).avi,Coffee_room_02,2,FALL,1,0.120271,0.49,0,False,FN,0.369729,0.879729,0.4762,1.389889,-1.482558
Le2i_Coffee_room_02_video (64)_w005,Le2i_Coffee_room_02_video (64),D:\ONE_DATA\Fall detection\Le2i\data\Coffee_room_02\Coffee_room_02\Videos\video (64).avi,Coffee_room_02,2,FALL,1,0.879763,0.49,1,True,TP,0.389763,0.0,0.4659,1.389889,-1.482558
Le2i_Coffee_room_02_video (64)_w006,Le2i_Coffee_room_02_video (64),D:\ONE_DATA\Fall detection\Le2i\data\Coffee_room_02\Coffee_room_02\Videos\video (64).avi,Coffee_room_02,2,FALL,1,0.675556,0.49,1,True,TP,0.185556,0.0,0.4569,0.548134,-0.409772
Le2i_Coffee_room_02_video (65)_w000,Le2i_Coffee_room_02_video (65),D:\ONE_DATA\Fall detection\Le2i\data\Coffee_room_02\Coffee_room_02\Videos\video (65).avi,Coffee_room_02,2,NORMAL,0,0.008569,0.49,0,True,TN,0.481431,0.0,0.4792,0.112019,-0.096436
Le2i_Coffee_room_02_video (65)_w001,Le2i_Coffee_room_02_video (65),D:\ONE_DATA\Fall detection\Le2i\data\Coffee_room_02\Coffee_room_02\Videos\video (65).avi,Coffee_room_02,2,NORMAL,0,0.003308,0.49,0,True,TN,0.486692,0.0,0.4649,0.112019,-0.094125
Le2i_Coffee_room_02_video (65)_w002,Le2i_Coffee_room_02_video (65),D:\ONE_DATA\Fall detection\Le2i\data\Coffee_room_02\Coffee_room_02\Videos\video (65).avi,Coffee_room_02,2,NORMAL,0,3e-06,0.49,0,True,TN,0.489997,0.0,0.4337,0.49046,-0.310951
Le2i_Coffee_room_02_video (65)_w003,Le2i_Coffee_room_02_video (65),D:\ONE_DATA\Fall detection\Le2i\data\Coffee_room_02\Coffee_room_02\Videos\video (65).avi,Coffee_room_02,2,NORMAL,0,0.0,0.49,0,True,TN,0.49,0.0,0.4171,0.685675,-0.561461
Le2i_Coffee_room_02_video (65)_w004,Le2i_Coffee_room_02_video (65),D:\ONE_DATA\Fall detection\Le2i\data\Coffee_room_02\Coffee_room_02\Videos\video (65).avi,Coffee_room_02,2,NORMAL,0,0.0,0.49,0,True,TN,0.49,0.0,0.415,0.685675,-0.550472
Le2i_Coffee_room_02_video (65)_w005,Le2i_Coffee_room_02_video (65),D:\ONE_DATA\Fall detection\Le2i\data\Coffee_room_02\Coffee_room_02\Videos\video (65).avi,Coffee_room_02,2,NORMAL,0,8e-06,0.49,0,True,TN,0.489992,0.0,0.3973,0.454129,-0.550472
Le2i_Coffee_room_02_video (65)_w006,Le2i_Coffee_room_02_video (65),D:\ONE_DATA\Fall detection\Le2i\data\Coffee_room_02\Coffee_room_02\Videos\video (65).avi,Coffee_room_02,2,NORMAL,0,5.2e-05,0.49,0,True,TN,0.489948,0.0,0.3756,0.101,-0.159104
Le2i_Coffee_room_02_video (65)_w007,Le2i_Coffee_room_02_video (65),D:\ONE_DATA\Fall detection\Le2i\data\Coffee_room_02\Coffee_room_02\Videos\video (65).avi,Coffee_room_02,2,NORMAL,0,2.8e-05,0.49,0,True,TN,0.489972,0.0,0.3798,0.101,-0.118596
Le2i_Coffee_room_02_video (65)_w008,Le2i_Coffee_room_02_video (65),D:\ONE_DATA\Fall detection\Le2i\data\Coffee_room_02\Coffee_room_02\Videos\video (65).avi,Coffee_room_02,2,NORMAL,0,2.4e-05,0.49,0,True,TN,0.489976,0.0,0.4234,0.092114,-0.118596
Le2i_Coffee_room_02_video (65)_w009,Le2i_Coffee_room_02_video (65),D:\ONE_DATA\Fall detection\Le2i\data\Coffee_room_02\Coffee_room_02\Videos\video (65).avi,Coffee_room_02,2,NORMAL,0,2.5e-05,0.49,0,True,TN,0.489975,0.0,0.4381,0.129243,-0.08266
Le2i_Coffee_room_02_video (65)_w010,Le2i_Coffee_room_02_video (65),D:\ONE_DATA\Fall detection\Le2i\data\Coffee_room_02\Coffee_room_02\Videos\video (65).avi,Coffee_room_02,2,NORMAL,0,2e-05,0.49,0,True,TN,0.48998,0.0,0.3904,0.129243,-0.08266
Le2i_Coffee_room_02_video (65)_w011,Le2i_Coffee_room_02_video (65),D:\ONE_DATA\Fall detection\Le2i\data\Coffee_room_02\Coffee_room_02\Videos\video (65).avi,Coffee_room_02,2,NORMAL,0,1.8e-05,0.49,0,True,TN,0.489982,0.0,0.392,0.193251,-0.150495
Le2i_Coffee_room_02_video (65)_w012,Le2i_Coffee_room_02_video (65),D:\ONE_DATA\Fall detection\Le2i\data\Coffee_room_02\Coffee_room_02\Videos\video (65).avi,Coffee_room_02,2,NORMAL,0,2.1e-05,0.49,0,True,TN,0.489979,0.0,0.4384,0.193251,-0.150495
Le2i_Coffee_room_02_video (65)_w013,Le2i_Coffee_room_02_video (65),D:\ONE_DATA\Fall detection\Le2i\data\Coffee_room_02\Coffee_room_02\Videos\video (65).avi,Coffee_room_02,2,NORMAL,0,5.6e-05,0.49,0,True,TN,0.489944,0.0,0.4549,0.099392,-0.100641
Le2i_Coffee_room_02_video (65)_w014,Le2i_Coffee_room_02_video (65),D:\ONE_DATA\Fall detection\Le2i\data\Coffee_room_02\Coffee_room_02\Videos\video (65).avi,Coffee_room_02,2,NORMAL,0,0.000117,0.49,0,True,TN,0.489883,0.0,0.4507,0.478314,-0.618813
Le2i_Coffee_room_02_video (65)_w015,Le2i_Coffee_room_02_video (65),D:\ONE_DATA\Fall detection\Le2i\data\Coffee_room_02\Coffee_room_02\Videos\video (65).avi,Coffee_room_02,2,NORMAL,0,8e-06,0.49,0,True,TN,0.489992,0.0,0.4473,0.948734,-1.19552
Le2i_Coffee_room_02_video (65)_w016,Le2i_Coffee_room_02_video (65),D:\ONE_DATA\Fall detection\Le2i\data\Coffee_room_02\Coffee_room_02\Videos\video (65).avi,Coffee_room_02,2,NORMAL,0,3.2e-05,0.49,0,True,TN,0.489968,0.0,0.468,0.948734,-1.19552
Le2i_Coffee_room_02_video (65)_w017,Le2i_Coffee_room_02_video (65),D:\ONE_DATA\Fall detection\Le2i\data\Coffee_room_02\Coffee_room_02\Videos\video (65).avi,Coffee_room_02,2,NORMAL,0,0.106312,0.49,0,True,TN,0.383688,0.0,0.4914,0.112596,-0.078311
Le2i_Coffee_room_02_video (65)_w018,Le2i_Coffee_room_02_video (65),D:\ONE_DATA\Fall detection\Le2i\data\Coffee_room_02\Coffee_room_02\Videos\video (65).avi,Coffee_room_02,2,NORMAL,0,0.143812,0.49,0,True,TN,0.346188,0.0,0.4915,0.092248,-0.038373
Le2i_Coffee_room_02_video (65)_w019,Le2i_Coffee_room_02_video (65),D:\ONE_DATA\Fall detection\Le2i\data\Coffee_room_02\Coffee_room_02\Videos\video (65).avi,Coffee_room_02,2,NORMAL,0,0.057693,0.49,0,True,TN,0.432307,0.0,0.492,0.1141,-0.163172
Le2i_Coffee_room_02_video (65)_w020,Le2i_Coffee_room_02_video (65),D:\ONE_DATA\Fall detection\Le2i\data\Coffee_room_02\Coffee_room_02\Videos\video (65).avi,Coffee_room_02,2,NORMAL,0,0.001156,0.49,0,True,TN,0.488844,0.0,0.4823,0.46549,-0.454663
Le2i_Coffee_room_02_video (65)_w021,Le2i_Coffee_room_02_video (65),D:\ONE_DATA\Fall detection\Le2i\data\Coffee_room_02\Coffee_room_02\Videos\video (65).avi,Coffee_room_02,2,NORMAL,0,0.001087,0.49,0,True,TN,0.488913,0.0,0.4785,0.46549,-0.454663
Le2i_Coffee_room_02_video (65)_w022,Le2i_Coffee_room_02_video (65),D:\ONE_DATA\Fall detection\Le2i\data\Coffee_room_02\Coffee_room_02\Videos\video (65).avi,Coffee_room_02,2,NORMAL,0,0.056282,0.49,0,True,TN,0.433718,0.0,0.4849,0.438372,-0.422139
Le2i_Coffee_room_02_video (65)_w023,Le2i_Coffee_room_02_video (65),D:\ONE_DATA\Fall detection\Le2i\data\Coffee_room_02\Coffee_room_02\Videos\video (65).avi,Coffee_room_02,2,NORMAL,0,0.075587,0.49,0,True,TN,0.414413,0.0,0.485,0.146012,-0.127048
Le2i_Coffee_room_02_video (65)_w024,Le2i_Coffee_room_02_video (65),D:\ONE_DATA\Fall detection\Le2i\data\Coffee_room_02\Coffee_room_02\Videos\video (65).avi,Coffee_room_02,2,NORMAL,0,0.04279,0.49,0,True,TN,0.44721,0.0,0.4825,0.146012,-0.101409
Le2i_Coffee_room_02_video (65)_w025,Le2i_Coffee_room_02_video (65),D:\ONE_DATA\Fall detection\Le2i\data\Coffee_room_02\Coffee_room_02\Videos\video (65).avi,Coffee_room_02,2,NORMAL,0,0.019703,0.49,0,True,TN,0.470297,0.0,0.4733,0.093176,-0.112737
Le2i_Coffee_room_02_video (65)_w026,Le2i_Coffee_room_02_video (65),D:\ONE_DATA\Fall detection\Le2i\data\Coffee_room_02\Coffee_room_02\Videos\video (65).avi,Coffee_room_02,2,NORMAL,0,0.006473,0.49,0,True,TN,0.483527,0.0,0.4724,0.15699,-0.12064
Le2i_Coffee_room_02_video (66)_w000,Le2i_Coffee_room_02_video (66),D:\ONE_DATA\Fall detection\Le2i\data\Coffee_room_02\Coffee_room_02\Videos\video (66).avi,Coffee_room_02,2,NORMAL,0,0.00521,0.49,0,True,TN,0.48479,0.0,0.4004,0.154599,-0.229436
Le2i_Coffee_room_02_video (66)_w001,Le2i_Coffee_room_02_video (66),D:\ONE_DATA\Fall detection\Le2i\data\Coffee_room_02\Coffee_room_02\Videos\video (66).avi,Coffee_room_02,2,NORMAL,0,0.009346,0.49,0,True,TN,0.480654,0.0,0.3886,0.154599,-0.320403
Le2i_Coffee_room_02_video (66)_w002,Le2i_Coffee_room_02_video (66),D:\ONE_DATA\Fall detection\Le2i\data\Coffee_room_02\Coffee_room_02\Videos\video (66).avi,Coffee_room_02,2,NORMAL,0,0.001182,0.49,0,True,TN,0.488818,0.0,0.4011,0.147089,-0.320403
Le2i_Coffee_room_02_video (66)_w003,Le2i_Coffee_room_02_video (66),D:\ONE_DATA\Fall detection\Le2i\data\Coffee_room_02\Coffee_room_02\Videos\video (66).avi,Coffee_room_02,2,NORMAL,0,9.5e-05,0.49,0,True,TN,0.489905,0.0,0.4142,0.090241,-0.105531
Le2i_Coffee_room_02_video (66)_w004,Le2i_Coffee_room_02_video (66),D:\ONE_DATA\Fall detection\Le2i\data\Coffee_room_02\Coffee_room_02\Videos\video (66).avi,Coffee_room_02,2,NORMAL,0,3.4e-05,0.49,0,True,TN,0.489966,0.0,0.4231,0.087045,-0.065889
Le2i_Coffee_room_02_video (66)_w005,Le2i_Coffee_room_02_video (66),D:\ONE_DATA\Fall detection\Le2i\data\Coffee_room_02\Coffee_room_02\Videos\video (66).avi,Coffee_room_02,2,NORMAL,0,4.1e-05,0.49,0,True,TN,0.489959,0.0,0.4263,0.155213,-0.117193
Le2i_Coffee_room_02_video (66)_w006,Le2i_Coffee_room_02_video (66),D:\ONE_DATA\Fall detection\Le2i\data\Coffee_room_02\Coffee_room_02\Videos\video (66).avi,Coffee_room_02,2,NORMAL,0,5.6e-05,0.49,0,True,TN,0.489944,0.0,0.4419,0.155213,-0.191741
Le2i_Coffee_room_02_video (66)_w007,Le2i_Coffee_room_02_video (66),D:\ONE_DATA\Fall detection\Le2i\data\Coffee_room_02\Coffee_room_02\Videos\video (66).avi,Coffee_room_02,2,NORMAL,0,0.00034,0.49,0,True,TN,0.48966,0.0,0.4737,0.140305,-0.191741
Le2i_Coffee_room_02_video (66)_w008,Le2i_Coffee_room_02_video (66),D:\ONE_DATA\Fall detection\Le2i\data\Coffee_room_02\Coffee_room_02\Videos\video (66).avi,Coffee_room_02,2,NORMAL,0,0.042796,0.49,0,True,TN,0.447204,0.0,0.4895,0.13154,-0.136734
Le2i_Coffee_room_02_video (66)_w009,Le2i_Coffee_room_02_video (66),D:\ONE_DATA\Fall detection\Le2i\data\Coffee_room_02\Coffee_room_02\Videos\video (66).avi,Coffee_room_02,2,NORMAL,0,0.079412,0.49,0,True,TN,0.410588,0.0,0.4722,0.183855,-0.145324
Le2i_Coffee_room_02_video (67)_w000,Le2i_Coffee_room_02_video (67),D:\ONE_DATA\Fall detection\Le2i\data\Coffee_room_02\Coffee_room_02\Videos\video (67).avi,Coffee_room_02,2,NORMAL,0,0.000285,0.49,0,True,TN,0.489715,0.0,0.2015,1.099469,-6.06518
Le2i_Coffee_room_02_video (67)_w001,Le2i_Coffee_room_02_video (67),D:\ONE_DATA\Fall detection\Le2i\data\Coffee_room_02\Coffee_room_02\Videos\video (67).avi,Coffee_room_02,2,NORMAL,0,0.004518,0.49,0,True,TN,0.485482,0.0,0.3687,0.177375,-0.157155
Le2i_Coffee_room_02_video (67)_w002,Le2i_Coffee_room_02_video (67),D:\ONE_DATA\Fall detection\Le2i\data\Coffee_room_02\Coffee_room_02\Videos\video (67).avi,Coffee_room_02,2,NORMAL,0,0.000585,0.49,0,True,TN,0.489415,0.0,0.4085,0.121784,-0.227984
Le2i_Coffee_room_02_video (67)_w003,Le2i_Coffee_room_02_video (67),D:\ONE_DATA\Fall detection\Le2i\data\Coffee_room_02\Coffee_room_02\Videos\video (67).avi,Coffee_room_02,2,NORMAL,0,7.4e-05,0.49,0,True,TN,0.489926,0.0,0.4054,0.087529,-0.227984
Le2i_Coffee_room_02_video (67)_w004,Le2i_Coffee_room_02_video (67),D:\ONE_DATA\Fall detection\Le2i\data\Coffee_room_02\Coffee_room_02\Videos\video (67).avi,Coffee_room_02,2,NORMAL,0,3e-05,0.49,0,True,TN,0.48997,0.0,0.4103,0.087529,-0.274421
Le2i_Coffee_room_02_video (67)_w005,Le2i_Coffee_room_02_video (67),D:\ONE_DATA\Fall detection\Le2i\data\Coffee_room_02\Coffee_room_02\Videos\video (67).avi,Coffee_room_02,2,NORMAL,0,5.1e-05,0.49,0,True,TN,0.489949,0.0,0.4222,0.09039,-0.274421
Le2i_Coffee_room_02_video (67)_w006,Le2i_Coffee_room_02_video (67),D:\ONE_DATA\Fall detection\Le2i\data\Coffee_room_02\Coffee_room_02\Videos\video (67).avi,Coffee_room_02,2,NORMAL,0,4.4e-05,0.49,0,True,TN,0.489956,0.0,0.4456,0.318077,-0.114135
Le2i_Coffee_room_02_video (67)_w007,Le2i_Coffee_room_02_video (67),D:\ONE_DATA\Fall detection\Le2i\data\Coffee_room_02\Coffee_room_02\Videos\video (67).avi,Coffee_room_02,2,NORMAL,0,4.8e-05,0.49,0,True,TN,0.489952,0.0,0.4741,0.259156,-0.158207
Le2i_Coffee_room_02_video (67)_w008,Le2i_Coffee_room_02_video (67),D:\ONE_DATA\Fall detection\Le2i\data\Coffee_room_02\Coffee_room_02\Videos\video (67).avi,Coffee_room_02,2,NORMAL,0,7.2e-05,0.49,0,True,TN,0.489928,0.0,0.4892,0.133503,-0.180386
Le2i_Coffee_room_02_video (67)_w009,Le2i_Coffee_room_02_video (67),D:\ONE_DATA\Fall detection\Le2i\data\Coffee_room_02\Coffee_room_02\Videos\video (67).avi,Coffee_room_02,2,NORMAL,0,0.000533,0.49,0,True,TN,0.489467,0.0,0.4911,0.129906,-0.180386
Le2i_Coffee_room_02_video (67)_w010,Le2i_Coffee_room_02_video (67),D:\ONE_DATA\Fall detection\Le2i\data\Coffee_room_02\Coffee_room_02\Videos\video (67).avi,Coffee_room_02,2,NORMAL,0,0.009646,0.49,0,True,TN,0.480354,0.0,0.484,0.129906,-0.13731
Le2i_Coffee_room_02_video (67)_w011,Le2i_Coffee_room_02_video (67),D:\ONE_DATA\Fall detection\Le2i\data\Coffee_room_02\Coffee_room_02\Videos\video (67).avi,Coffee_room_02,2,NORMAL,0,0.147983,0.49,0,True,TN,0.342017,0.0,0.3886,0.483776,-0.131399
Le2i_Coffee_room_02_video (68)_w000,Le2i_Coffee_room_02_video (68),D:\ONE_DATA\Fall detection\Le2i\data\Coffee_room_02\Coffee_room_02\Videos\video (68).avi,Coffee_room_02,2,NORMAL,0,0.010584,0.49,0,True,TN,0.479416,0.0,0.4596,0.16752,-0.198724
Le2i_Coffee_room_02_video (68)_w001,Le2i_Coffee_room_02_video (68),D:\ONE_DATA\Fall detection\Le2i\data\Coffee_room_02\Coffee_room_02\Videos\video (68).avi,Coffee_room_02,2,NORMAL,0,0.001026,0.49,0,True,TN,0.488974,0.0,0.4259,0.268464,-0.618523
Le2i_Coffee_room_02_video (68)_w002,Le2i_Coffee_room_02_video (68),D:\ONE_DATA\Fall detection\Le2i\data\Coffee_room_02\Coffee_room_02\Videos\video (68).avi,Coffee_room_02,2,NORMAL,0,0.122993,0.49,0,True,TN,0.367007,0.0,0.2983,2.975493,-1.435212
Le2i_Coffee_room_02_video (68)_w003,Le2i_Coffee_room_02_video (68),D:\ONE_DATA\Fall detection\Le2i\data\Coffee_room_02\Coffee_room_02\Videos\video (68).avi,Coffee_room_02,2,NORMAL,0,0.005565,0.49,0,True,TN,0.484435,0.0,0.0957,2.975493,-2.73913
Le2i_Coffee_room_02_video (68)_w004,Le2i_Coffee_room_02_video (68),D:\ONE_DATA\Fall detection\Le2i\data\Coffee_room_02\Coffee_room_02\Videos\video (68).avi,Coffee_room_02,2,NORMAL,0,0.0,0.49,0,True,TN,0.49,0.0,0.1604,1.76358,-2.73913
Le2i_Coffee_room_02_video (68)_w005,Le2i_Coffee_room_02_video (68),D:\ONE_DATA\Fall detection\Le2i\data\Coffee_room_02\Coffee_room_02\Videos\video (68).avi,Coffee_room_02,2,NORMAL,0,1.8e-05,0.49,0,True,TN,0.489982,0.0,0.3514,1.011896,-0.594099
Le2i_Coffee_room_02_video (68)_w006,Le2i_Coffee_room_02_video (68),D:\ONE_DATA\Fall detection\Le2i\data\Coffee_room_02\Coffee_room_02\Videos\video (68).avi,Coffee_room_02,2,NORMAL,0,4.1e-05,0.49,0,True,TN,0.489959,0.0,0.3939,0.268934,-0.210057
Le2i_Coffee_room_02_video (68)_w007,Le2i_Coffee_room_02_video (68),D:\ONE_DATA\Fall detection\Le2i\data\Coffee_room_02\Coffee_room_02\Videos\video (68).avi,Coffee_room_02,2,NORMAL,0,1.7e-05,0.49,0,True,TN,0.489983,0.0,0.4052,0.21129,-0.398779
Le2i_Coffee_room_02_video (68)_w008,Le2i_Coffee_room_02_video (68),D:\ONE_DATA\Fall detection\Le2i\data\Coffee_room_02\Coffee_room_02\Videos\video (68).avi,Coffee_room_02,2,NORMAL,0,1.1e-05,0.49,0,True,TN,0.489989,0.0,0.4138,0.21129,-0.398779
Le2i_Coffee_room_02_video (68)_w009,Le2i_Coffee_room_02_video (68),D:\ONE_DATA\Fall detection\Le2i\data\Coffee_room_02\Coffee_room_02\Videos\video (68).avi,Coffee_room_02,2,NORMAL,0,1.5e-05,0.49,0,True,TN,0.489985,0.0,0.3897,0.121207,-0.113851
Le2i_Coffee_room_02_video (68)_w010,Le2i_Coffee_room_02_video (68),D:\ONE_DATA\Fall detection\Le2i\data\Coffee_room_02\Coffee_room_02\Videos\video (68).avi,Coffee_room_02,2,NORMAL,0,1e-05,0.49,0,True,TN,0.48999,0.0,0.3634,0.107053,-0.11535
Le2i_Coffee_room_02_video (68)_w011,Le2i_Coffee_room_02_video (68),D:\ONE_DATA\Fall detection\Le2i\data\Coffee_room_02\Coffee_room_02\Videos\video (68).avi,Coffee_room_02,2,NORMAL,0,0.000241,0.49,0,True,TN,0.489759,0.0,0.311,3.999182,-3.999182
Le2i_Coffee_room_02_video (68)_w012,Le2i_Coffee_room_02_video (68),D:\ONE_DATA\Fall detection\Le2i\data\Coffee_room_02\Coffee_room_02\Videos\video (68).avi,Coffee_room_02,2,NORMAL,0,0.000199,0.49,0,True,TN,0.489801,0.0,0.2719,3.999182,-3.999182
Le2i_Coffee_room_02_video (68)_w013,Le2i_Coffee_room_02_video (68),D:\ONE_DATA\Fall detection\Le2i\data\Coffee_room_02\Coffee_room_02\Videos\video (68).avi,Coffee_room_02,2,NORMAL,0,0.0,0.49,0,True,TN,0.49,0.0,0.35,1.221994,-3.6814
Le2i_Coffee_room_02_video (68)_w014,Le2i_Coffee_room_02_video (68),D:\ONE_DATA\Fall detection\Le2i\data\Coffee_room_02\Coffee_room_02\Videos\video (68).avi,Coffee_room_02,2,NORMAL,0,3e-06,0.49,0,True,TN,0.489997,0.0,0.4436,0.252965,-0.196234
Le2i_Coffee_room_02_video (68)_w015,Le2i_Coffee_room_02_video (68),D:\ONE_DATA\Fall detection\Le2i\data\Coffee_room_02\Coffee_room_02\Videos\video (68).avi,Coffee_room_02,2,NORMAL,0,4e-06,0.49,0,True,TN,0.489996,0.0,0.4732,0.28161,-0.435136
Le2i_Coffee_room_02_video (68)_w016,Le2i_Coffee_room_02_video (68),D:\ONE_DATA\Fall detection\Le2i\data\Coffee_room_02\Coffee_room_02\Videos\video (68).avi,Coffee_room_02,2,NORMAL,0,5.1e-05,0.49,0,True,TN,0.489949,0.0,0.4692,0.752769,-0.521222
Le2i_Coffee_room_02_video (68)_w017,Le2i_Coffee_room_02_video (68),D:\ONE_DATA\Fall detection\Le2i\data\Coffee_room_02\Coffee_room_02\Videos\video (68).avi,Coffee_room_02,2,NORMAL,0,0.000298,0.49,0,True,TN,0.489702,0.0,0.4451,0.752769,-0.521222
Le2i_Coffee_room_02_video (68)_w018,Le2i_Coffee_room_02_video (68),D:\ONE_DATA\Fall detection\Le2i\data\Coffee_room_02\Coffee_room_02\Videos\video (68).avi,Coffee_room_02,2,NORMAL,0,0.000247,0.49,0,True,TN,0.489753,0.0,0.4391,0.423366,-0.728109
Le2i_Coffee_room_02_video (68)_w019,Le2i_Coffee_room_02_video (68),D:\ONE_DATA\Fall detection\Le2i\data\Coffee_room_02\Coffee_room_02\Videos\video (68).avi,Coffee_room_02,2,NORMAL,0,0.000174,0.49,0,True,TN,0.489826,0.0,0.459,0.383657,-0.728109
Le2i_Coffee_room_02_video (68)_w020,Le2i_Coffee_room_02_video (68),D:\ONE_DATA\Fall detection\Le2i\data\Coffee_room_02\Coffee_room_02\Videos\video (68).avi,Coffee_room_02,2,NORMAL,0,0.014669,0.49,0,True,TN,0.475331,0.0,0.471,0.367505,-0.371986
Le2i_Coffee_room_02_video (68)_w021,Le2i_Coffee_room_02_video (68),D:\ONE_DATA\Fall detection\Le2i\data\Coffee_room_02\Coffee_room_02\Videos\video (68).avi,Coffee_room_02,2,NORMAL,0,0.003575,0.49,0,True,TN,0.486425,0.0,0.4794,0.165537,-0.096929
Le2i_Coffee_room_02_video (68)_w022,Le2i_Coffee_room_02_video (68),D:\ONE_DATA\Fall detection\Le2i\data\Coffee_room_02\Coffee_room_02\Videos\video (68).avi,Coffee_room_02,2,NORMAL,0,0.005804,0.49,0,True,TN,0.484196,0.0,0.4828,0.059386,-0.218693
Le2i_Coffee_room_02_video (68)_w023,Le2i_Coffee_room_02_video (68),D:\ONE_DATA\Fall detection\Le2i\data\Coffee_room_02\Coffee_room_02\Videos\video (68).avi,Coffee_room_02,2,NORMAL,0,0.005029,0.49,0,True,TN,0.484971,0.0,0.4831,0.070934,-0.218693
Le2i_Coffee_room_02_video (68)_w024,Le2i_Coffee_room_02_video (68),D:\ONE_DATA\Fall detection\Le2i\data\Coffee_room_02\Coffee_room_02\Videos\video (68).avi,Coffee_room_02,2,NORMAL,0,0.004704,0.49,0,True,TN,0.485296,0.0,0.4816,0.146232,-0.092125
Le2i_Coffee_room_02_video (68)_w025,Le2i_Coffee_room_02_video (68),D:\ONE_DATA\Fall detection\Le2i\data\Coffee_room_02\Coffee_room_02\Videos\video (68).avi,Coffee_room_02,2,NORMAL,0,0.00298,0.49,0,True,TN,0.48702,0.0,0.4813,0.185898,-0.112205
Le2i_Coffee_room_02_video (68)_w026,Le2i_Coffee_room_02_video (68),D:\ONE_DATA\Fall detection\Le2i\data\Coffee_room_02\Coffee_room_02\Videos\video (68).avi,Coffee_room_02,2,NORMAL,0,0.003257,0.49,0,True,TN,0.486743,0.0,0.4826,0.185898,-0.112205
Le2i_Coffee_room_02_video (68)_w027,Le2i_Coffee_room_02_video (68),D:\ONE_DATA\Fall detection\Le2i\data\Coffee_room_02\Coffee_room_02\Videos\video (68).avi,Coffee_room_02,2,NORMAL,0,0.003214,0.49,0,True,TN,0.486786,0.0,0.4802,0.506068,-0.352582
Le2i_Coffee_room_02_video (68)_w028,Le2i_Coffee_room_02_video (68),D:\ONE_DATA\Fall detection\Le2i\data\Coffee_room_02\Coffee_room_02\Videos\video (68).avi,Coffee_room_02,2,NORMAL,0,0.011855,0.49,0,True,TN,0.478145,0.0,0.4799,0.629352,-0.441549
Le2i_Coffee_room_02_video (68)_w029,Le2i_Coffee_room_02_video (68),D:\ONE_DATA\Fall detection\Le2i\data\Coffee_room_02\Coffee_room_02\Videos\video (68).avi,Coffee_room_02,2,NORMAL,0,0.001201,0.49,0,True,TN,0.488799,0.0,0.4873,0.629352,-0.441549
Le2i_Coffee_room_02_video (68)_w030,Le2i_Coffee_room_02_video (68),D:\ONE_DATA\Fall detection\Le2i\data\Coffee_room_02\Coffee_room_02\Videos\video (68).avi,Coffee_room_02,2,NORMAL,0,6e-06,0.49,0,True,TN,0.489994,0.0,0.4854,0.11738,-0.136691
Le2i_Coffee_room_02_video (68)_w031,Le2i_Coffee_room_02_video (68),D:\ONE_DATA\Fall detection\Le2i\data\Coffee_room_02\Coffee_room_02\Videos\video (68).avi,Coffee_room_02,2,NORMAL,0,0.0,0.49,0,True,TN,0.49,0.0,0.4265,0.10312,-0.17257
Le2i_Coffee_room_02_video (68)_w032,Le2i_Coffee_room_02_video (68),D:\ONE_DATA\Fall detection\Le2i\data\Coffee_room_02\Coffee_room_02\Videos\video (68).avi,Coffee_room_02,2,NORMAL,0,0.0,0.49,0,True,TN,0.49,0.0,0.3621,0.10312,-0.17257
Le2i_Coffee_room_02_video (68)_w033,Le2i_Coffee_room_02_video (68),D:\ONE_DATA\Fall detection\Le2i\data\Coffee_room_02\Coffee_room_02\Videos\video (68).avi,Coffee_room_02,2,NORMAL,0,0.0,0.49,0,True,TN,0.49,0.0,0.3372,0.157304,-0.110788
Le2i_Coffee_room_02_video (68)_w034,Le2i_Coffee_room_02_video (68),D:\ONE_DATA\Fall detection\Le2i\data\Coffee_room_02\Coffee_room_02\Videos\video (68).avi,Coffee_room_02,2,NORMAL,0,1e-06,0.49,0,True,TN,0.489999,0.0,0.3521,0.625603,-0.779451
Le2i_Coffee_room_02_video (68)_w035,Le2i_Coffee_room_02_video (68),D:\ONE_DATA\Fall detection\Le2i\data\Coffee_room_02\Coffee_room_02\Videos\video (68).avi,Coffee_room_02,2,NORMAL,0,0.000316,0.49,0,True,TN,0.489684,0.0,0.3991,0.625603,-0.834302
Le2i_Coffee_room_02_video (68)_w036,Le2i_Coffee_room_02_video (68),D:\ONE_DATA\Fall detection\Le2i\data\Coffee_room_02\Coffee_room_02\Videos\video (68).avi,Coffee_room_02,2,NORMAL,0,0.000274,0.49,0,True,TN,0.489726,0.0,0.37,0.422724,-0.834302
Le2i_Coffee_room_02_video (68)_w037,Le2i_Coffee_room_02_video (68),D:\ONE_DATA\Fall detection\Le2i\data\Coffee_room_02\Coffee_room_02\Videos\video (68).avi,Coffee_room_02,2,NORMAL,0,0.0,0.49,0,True,TN,0.49,0.0,0.2386,6.203511,-5.713223
Le2i_Coffee_room_02_video (68)_w038,Le2i_Coffee_room_02_video (68),D:\ONE_DATA\Fall detection\Le2i\data\Coffee_room_02\Coffee_room_02\Videos\video (68).avi,Coffee_room_02,2,NORMAL,0,0.0,0.49,0,True,TN,0.49,0.0,0.1446,6.203511,-5.713223
Le2i_Coffee_room_02_video (68)_w039,Le2i_Coffee_room_02_video (68),D:\ONE_DATA\Fall detection\Le2i\data\Coffee_room_02\Coffee_room_02\Videos\video (68).avi,Coffee_room_02,2,NORMAL,0,8e-06,0.49,0,True,TN,0.489992,0.0,0.2492,1.175134,-0.878504
Le2i_Coffee_room_02_video (68)_w040,Le2i_Coffee_room_02_video (68),D:\ONE_DATA\Fall detection\Le2i\data\Coffee_room_02\Coffee_room_02\Videos\video (68).avi,Coffee_room_02,2,NORMAL,0,6e-06,0.49,0,True,TN,0.489994,0.0,0.3736,0.509838,-0.419705
Le2i_Coffee_room_02_video (68)_w041,Le2i_Coffee_room_02_video (68),D:\ONE_DATA\Fall detection\Le2i\data\Coffee_room_02\Coffee_room_02\Videos\video (68).avi,Coffee_room_02,2,NORMAL,0,1e-06,0.49,0,True,TN,0.489999,0.0,0.3911,0.318671,-0.213551
Le2i_Coffee_room_02_video (68)_w042,Le2i_Coffee_room_02_video (68),D:\ONE_DATA\Fall detection\Le2i\data\Coffee_room_02\Coffee_room_02\Videos\video (68).avi,Coffee_room_02,2,NORMAL,0,0.0,0.49,0,True,TN,0.49,0.0,0.42,0.202328,-0.191757
Le2i_Coffee_room_02_video (68)_w043,Le2i_Coffee_room_02_video (68),D:\ONE_DATA\Fall detection\Le2i\data\Coffee_room_02\Coffee_room_02\Videos\video (68).avi,Coffee_room_02,2,NORMAL,0,0.0,0.49,0,True,TN,0.49,0.0,0.4363,0.239797,-0.206756
Le2i_Coffee_room_02_video (68)_w044,Le2i_Coffee_room_02_video (68),D:\ONE_DATA\Fall detection\Le2i\data\Coffee_room_02\Coffee_room_02\Videos\video (68).avi,Coffee_room_02,2,NORMAL,0,0.0,0.49,0,True,TN,0.49,0.0,0.4571,0.239797,-0.206756
Le2i_Coffee_room_02_video (68)_w045,Le2i_Coffee_room_02_video (68),D:\ONE_DATA\Fall detection\Le2i\data\Coffee_room_02\Coffee_room_02\Videos\video (68).avi,Coffee_room_02,2,NORMAL,0,4e-06,0.49,0,True,TN,0.489996,0.0,0.4845,0.654621,-0.796684
Le2i_Coffee_room_02_video (68)_w046,Le2i_Coffee_room_02_video (68),D:\ONE_DATA\Fall detection\Le2i\data\Coffee_room_02\Coffee_room_02\Videos\video (68).avi,Coffee_room_02,2,NORMAL,0,1e-06,0.49,0,True,TN,0.489999,0.0,0.4794,0.856821,-0.796684
Le2i_Coffee_room_02_video (68)_w047,Le2i_Coffee_room_02_video (68),D:\ONE_DATA\Fall detection\Le2i\data\Coffee_room_02\Coffee_room_02\Videos\video (68).avi,Coffee_room_02,2,NORMAL,0,0.0,0.49,0,True,TN,0.49,0.0,0.471,0.856821,-0.468625
Le2i_Coffee_room_02_video (68)_w048,Le2i_Coffee_room_02_video (68),D:\ONE_DATA\Fall detection\Le2i\data\Coffee_room_02\Coffee_room_02\Videos\video (68).avi,Coffee_room_02,2,NORMAL,0,2e-06,0.49,0,True,TN,0.489998,0.0,0.4633,0.138197,-0.386704
Le2i_Coffee_room_02_video (68)_w049,Le2i_Coffee_room_02_video (68),D:\ONE_DATA\Fall detection\Le2i\data\Coffee_room_02\Coffee_room_02\Videos\video (68).avi,Coffee_room_02,2,NORMAL,0,2e-06,0.49,0,True,TN,0.489998,0.0,0.4615,0.715822,-0.624164
Le2i_Coffee_room_02_video (68)_w050,Le2i_Coffee_room_02_video (68),D:\ONE_DATA\Fall detection\Le2i\data\Coffee_room_02\Coffee_room_02\Videos\video (68).avi,Coffee_room_02,2,NORMAL,0,0.0,0.49,0,True,TN,0.49,0.0,0.4559,1.152651,-1.512444
Le2i_Coffee_room_02_video (68)_w051,Le2i_Coffee_room_02_video (68),D:\ONE_DATA\Fall detection\Le2i\data\Coffee_room_02\Coffee_room_02\Videos\video (68).avi,Coffee_room_02,2,NORMAL,0,1e-06,0.49,0,True,TN,0.489999,0.0,0.4333,1.152651,-1.512444
Le2i_Coffee_room_02_video (68)_w052,Le2i_Coffee_room_02_video (68),D:\ONE_DATA\Fall detection\Le2i\data\Coffee_room_02\Coffee_room_02\Videos\video (68).avi,Coffee_room_02,2,NORMAL,0,0.000107,0.49,0,True,TN,0.489893,0.0,0.422,0.272027,-0.284469
Le2i_Coffee_room_02_video (68)_w053,Le2i_Coffee_room_02_video (68),D:\ONE_DATA\Fall detection\Le2i\data\Coffee_room_02\Coffee_room_02\Videos\video (68).avi,Coffee_room_02,2,NORMAL,0,0.003429,0.49,0,True,TN,0.486571,0.0,0.4176,0.272027,-0.284469
Le2i_Coffee_room_02_video (68)_w054,Le2i_Coffee_room_02_video (68),D:\ONE_DATA\Fall detection\Le2i\data\Coffee_room_02\Coffee_room_02\Videos\video (68).avi,Coffee_room_02,2,NORMAL,0,0.00762,0.49,0,True,TN,0.48238,0.0,0.4492,0.151944,-0.148887
Le2i_Coffee_room_02_video (68)_w055,Le2i_Coffee_room_02_video (68),D:\ONE_DATA\Fall detection\Le2i\data\Coffee_room_02\Coffee_room_02\Videos\video (68).avi,Coffee_room_02,2,NORMAL,0,0.002451,0.49,0,True,TN,0.487549,0.0,0.4847,0.111881,-0.249767
Le2i_Coffee_room_02_video (68)_w056,Le2i_Coffee_room_02_video (68),D:\ONE_DATA\Fall detection\Le2i\data\Coffee_room_02\Coffee_room_02\Videos\video (68).avi,Coffee_room_02,2,NORMAL,0,0.005808,0.49,0,True,TN,0.484192,0.0,0.4843,0.111881,-0.249767
Le2i_Coffee_room_02_video (68)_w057,Le2i_Coffee_room_02_video (68),D:\ONE_DATA\Fall detection\Le2i\data\Coffee_room_02\Coffee_room_02\Videos\video (68).avi,Coffee_room_02,2,NORMAL,0,0.008151,0.49,0,True,TN,0.481849,0.0,0.4857,0.069899,-0.045414
Le2i_Coffee_room_02_video (68)_w058,Le2i_Coffee_room_02_video (68),D:\ONE_DATA\Fall detection\Le2i\data\Coffee_room_02\Coffee_room_02\Videos\video (68).avi,Coffee_room_02,2,NORMAL,0,0.009312,0.49,0,True,TN,0.480688,0.0,0.486,0.063056,-0.056669
Le2i_Coffee_room_02_video (68)_w059,Le2i_Coffee_room_02_video (68),D:\ONE_DATA\Fall detection\Le2i\data\Coffee_room_02\Coffee_room_02\Videos\video (68).avi,Coffee_room_02,2,NORMAL,0,0.010959,0.49,0,True,TN,0.479041,0.0,0.4861,0.057389,-0.056669
Le2i_Coffee_room_02_video (68)_w060,Le2i_Coffee_room_02_video (68),D:\ONE_DATA\Fall detection\Le2i\data\Coffee_room_02\Coffee_room_02\Videos\video (68).avi,Coffee_room_02,2,NORMAL,0,0.011401,0.49,0,True,TN,0.478599,0.0,0.4862,0.057389,-0.045462
Le2i_Coffee_room_02_video (68)_w061,Le2i_Coffee_room_02_video (68),D:\ONE_DATA\Fall detection\Le2i\data\Coffee_room_02\Coffee_room_02\Videos\video (68).avi,Coffee_room_02,2,NORMAL,0,0.008263,0.49,0,True,TN,0.481737,0.0,0.4861,0.054461,-0.044631
Le2i_Coffee_room_02_video (68)_w062,Le2i_Coffee_room_02_video (68),D:\ONE_DATA\Fall detection\Le2i\data\Coffee_room_02\Coffee_room_02\Videos\video (68).avi,Coffee_room_02,2,NORMAL,0,0.006328,0.49,0,True,TN,0.483672,0.0,0.4857,0.054461,-0.044631
Le2i_Coffee_room_02_video (69)_w000,Le2i_Coffee_room_02_video (69),D:\ONE_DATA\Fall detection\Le2i\data\Coffee_room_02\Coffee_room_02\Videos\video (69).avi,Coffee_room_02,2,NORMAL,0,0.007793,0.49,0,True,TN,0.482207,0.0,0.3099,0.500307,-0.136152
Le2i_Coffee_room_02_video (69)_w001,Le2i_Coffee_room_02_video (69),D:\ONE_DATA\Fall detection\Le2i\data\Coffee_room_02\Coffee_room_02\Videos\video (69).avi,Coffee_room_02,2,NORMAL,0,0.000871,0.49,0,True,TN,0.489129,0.0,0.3645,0.281798,-0.390668
Le2i_Coffee_room_02_video (69)_w002,Le2i_Coffee_room_02_video (69),D:\ONE_DATA\Fall detection\Le2i\data\Coffee_room_02\Coffee_room_02\Videos\video (69).avi,Coffee_room_02,2,NORMAL,0,0.000155,0.49,0,True,TN,0.489845,0.0,0.4277,0.413178,-0.44141
Le2i_Coffee_room_02_video (69)_w003,Le2i_Coffee_room_02_video (69),D:\ONE_DATA\Fall detection\Le2i\data\Coffee_room_02\Coffee_room_02\Videos\video (69).avi,Coffee_room_02,2,NORMAL,0,0.000205,0.49,0,True,TN,0.489795,0.0,0.4644,0.413178,-0.44141
Le2i_Coffee_room_02_video (69)_w004,Le2i_Coffee_room_02_video (69),D:\ONE_DATA\Fall detection\Le2i\data\Coffee_room_02\Coffee_room_02\Videos\video (69).avi,Coffee_room_02,2,NORMAL,0,0.001723,0.49,0,True,TN,0.488277,0.0,0.477,0.277545,-0.29341
Le2i_Coffee_room_02_video (69)_w005,Le2i_Coffee_room_02_video (69),D:\ONE_DATA\Fall detection\Le2i\data\Coffee_room_02\Coffee_room_02\Videos\video (69).avi,Coffee_room_02,2,NORMAL,0,0.024195,0.49,0,True,TN,0.465805,0.0,0.4743,0.62327,-0.399671
Le2i_Coffee_room_02_video (69)_w006,Le2i_Coffee_room_02_video (69),D:\ONE_DATA\Fall detection\Le2i\data\Coffee_room_02\Coffee_room_02\Videos\video (69).avi,Coffee_room_02,2,NORMAL,0,0.047606,0.49,0,True,TN,0.442394,0.0,0.4736,0.62327,-0.399671
Le2i_Coffee_room_02_video (69)_w007,Le2i_Coffee_room_02_video (69),D:\ONE_DATA\Fall detection\Le2i\data\Coffee_room_02\Coffee_room_02\Videos\video (69).avi,Coffee_room_02,2,NORMAL,0,0.039626,0.49,0,True,TN,0.450374,0.0,0.4687,0.307711,-0.252763
Le2i_Coffee_room_02_video (69)_w008,Le2i_Coffee_room_02_video (69),D:\ONE_DATA\Fall detection\Le2i\data\Coffee_room_02\Coffee_room_02\Videos\video (69).avi,Coffee_room_02,2,NORMAL,0,0.108339,0.49,0,True,TN,0.381661,0.0,0.4676,0.183424,-0.252763
Le2i_Coffee_room_02_video (69)_w009,Le2i_Coffee_room_02_video (69),D:\ONE_DATA\Fall detection\Le2i\data\Coffee_room_02\Coffee_room_02\Videos\video (69).avi,Coffee_room_02,2,NORMAL,0,0.05983,0.49,0,True,TN,0.43017,0.0,0.4762,0.183424,-0.19343
Le2i_Coffee_room_02_video (69)_w010,Le2i_Coffee_room_02_video (69),D:\ONE_DATA\Fall detection\Le2i\data\Coffee_room_02\Coffee_room_02\Videos\video (69).avi,Coffee_room_02,2,NORMAL,0,0.040763,0.49,0,True,TN,0.449237,0.0,0.4836,0.784089,-0.518312
Le2i_Coffee_room_02_video (69)_w011,Le2i_Coffee_room_02_video (69),D:\ONE_DATA\Fall detection\Le2i\data\Coffee_room_02\Coffee_room_02\Videos\video (69).avi,Coffee_room_02,2,NORMAL,0,0.051931,0.49,0,True,TN,0.438069,0.0,0.4738,0.784089,-0.518312
Le2i_Coffee_room_02_video (69)_w012,Le2i_Coffee_room_02_video (69),D:\ONE_DATA\Fall detection\Le2i\data\Coffee_room_02\Coffee_room_02\Videos\video (69).avi,Coffee_room_02,2,NORMAL,0,0.021449,0.49,0,True,TN,0.468551,0.0,0.4581,0.30253,-0.430937
Le2i_Coffee_room_02_video (69)_w013,Le2i_Coffee_room_02_video (69),D:\ONE_DATA\Fall detection\Le2i\data\Coffee_room_02\Coffee_room_02\Videos\video (69).avi,Coffee_room_02,2,NORMAL,0,0.038037,0.49,0,True,TN,0.451963,0.0,0.4601,0.181585,-0.419281
Le2i_Coffee_room_02_video (69)_w014,Le2i_Coffee_room_02_video (69),D:\ONE_DATA\Fall detection\Le2i\data\Coffee_room_02\Coffee_room_02\Videos\video (69).avi,Coffee_room_02,2,NORMAL,0,0.037994,0.49,0,True,TN,0.452006,0.0,0.4627,0.155877,-0.419281
Le2i_Coffee_room_02_video (69)_w015,Le2i_Coffee_room_02_video (69),D:\ONE_DATA\Fall detection\Le2i\data\Coffee_room_02\Coffee_room_02\Videos\video (69).avi,Coffee_room_02,2,NORMAL,0,0.029695,0.49,0,True,TN,0.460305,0.0,0.442,0.343906,-0.391332
Le2i_Coffee_room_02_video (69)_w016,Le2i_Coffee_room_02_video (69),D:\ONE_DATA\Fall detection\Le2i\data\Coffee_room_02\Coffee_room_02\Videos\video (69).avi,Coffee_room_02,2,NORMAL,0,0.016698,0.49,0,True,TN,0.473302,0.0,0.4309,0.402572,-0.391332
Le2i_Coffee_room_02_video (69)_w017,Le2i_Coffee_room_02_video (69),D:\ONE_DATA\Fall detection\Le2i\data\Coffee_room_02\Coffee_room_02\Videos\video (69).avi,Coffee_room_02,2,NORMAL,0,0.020227,0.49,0,True,TN,0.469773,0.0,0.4068,0.402572,-0.296182
Le2i_Coffee_room_02_video (69)_w018,Le2i_Coffee_room_02_video (69),D:\ONE_DATA\Fall detection\Le2i\data\Coffee_room_02\Coffee_room_02\Videos\video (69).avi,Coffee_room_02,2,NORMAL,0,0.013565,0.49,0,True,TN,0.476435,0.0,0.3857,0.194401,-0.196788
Le2i_Coffee_room_02_video (69)_w019,Le2i_Coffee_room_02_video (69),D:\ONE_DATA\Fall detection\Le2i\data\Coffee_room_02\Coffee_room_02\Videos\video (69).avi,Coffee_room_02,2,NORMAL,0,0.002465,0.49,0,True,TN,0.487535,0.0,0.4251,0.194401,-0.285293
Le2i_Coffee_room_02_video (69)_w020,Le2i_Coffee_room_02_video (69),D:\ONE_DATA\Fall detection\Le2i\data\Coffee_room_02\Coffee_room_02\Videos\video (69).avi,Coffee_room_02,2,NORMAL,0,7.5e-05,0.49,0,True,TN,0.489925,0.0,0.469,0.292763,-0.285293
Le2i_Coffee_room_02_video (69)_w021,Le2i_Coffee_room_02_video (69),D:\ONE_DATA\Fall detection\Le2i\data\Coffee_room_02\Coffee_room_02\Videos\video (69).avi,Coffee_room_02,2,NORMAL,0,2e-05,0.49,0,True,TN,0.48998,0.0,0.4544,0.344467,-0.503109
Le2i_Coffee_room_02_video (69)_w022,Le2i_Coffee_room_02_video (69),D:\ONE_DATA\Fall detection\Le2i\data\Coffee_room_02\Coffee_room_02\Videos\video (69).avi,Coffee_room_02,2,NORMAL,0,8.3e-05,0.49,0,True,TN,0.489917,0.0,0.4356,0.344467,-0.503109
Le2i_Coffee_room_02_video (69)_w023,Le2i_Coffee_room_02_video (69),D:\ONE_DATA\Fall detection\Le2i\data\Coffee_room_02\Coffee_room_02\Videos\video (69).avi,Coffee_room_02,2,NORMAL,0,0.000187,0.49,0,True,TN,0.489813,0.0,0.4376,0.282149,-0.440372
Le2i_Coffee_room_02_video (69)_w024,Le2i_Coffee_room_02_video (69),D:\ONE_DATA\Fall detection\Le2i\data\Coffee_room_02\Coffee_room_02\Videos\video (69).avi,Coffee_room_02,2,NORMAL,0,0.00114,0.49,0,True,TN,0.48886,0.0,0.4402,0.101413,-0.143302
Le2i_Coffee_room_02_video (69)_w025,Le2i_Coffee_room_02_video (69),D:\ONE_DATA\Fall detection\Le2i\data\Coffee_room_02\Coffee_room_02\Videos\video (69).avi,Coffee_room_02,2,NORMAL,0,0.009333,0.49,0,True,TN,0.480667,0.0,0.4268,0.161816,-0.149253
Le2i_Coffee_room_02_video (69)_w026,Le2i_Coffee_room_02_video (69),D:\ONE_DATA\Fall detection\Le2i\data\Coffee_room_02\Coffee_room_02\Videos\video (69).avi,Coffee_room_02,2,NORMAL,0,0.041018,0.49,0,True,TN,0.448982,0.0,0.4321,0.25683,-0.243382
Le2i_Coffee_room_02_video (69)_w027,Le2i_Coffee_room_02_video (69),D:\ONE_DATA\Fall detection\Le2i\data\Coffee_room_02\Coffee_room_02\Videos\video (69).avi,Coffee_room_02,2,NORMAL,0,0.119339,0.49,0,True,TN,0.370661,0.0,0.465,0.25683,-0.325766
Le2i_Coffee_room_02_video (69)_w028,Le2i_Coffee_room_02_video (69),D:\ONE_DATA\Fall detection\Le2i\data\Coffee_room_02\Coffee_room_02\Videos\video (69).avi,Coffee_room_02,2,NORMAL,0,0.134932,0.49,0,True,TN,0.355068,0.0,0.477,0.255146,-0.325766
Le2i_Coffee_room_02_video (69)_w029,Le2i_Coffee_room_02_video (69),D:\ONE_DATA\Fall detection\Le2i\data\Coffee_room_02\Coffee_room_02\Videos\video (69).avi,Coffee_room_02,2,NORMAL,0,0.151217,0.49,0,True,TN,0.338783,0.0,0.475,0.15656,-0.149088
Le2i_Coffee_room_02_video (69)_w030,Le2i_Coffee_room_02_video (69),D:\ONE_DATA\Fall detection\Le2i\data\Coffee_room_02\Coffee_room_02\Videos\video (69).avi,Coffee_room_02,2,NORMAL,0,0.05178,0.49,0,True,TN,0.43822,0.0,0.4707,0.244378,-0.363889
Le2i_Coffee_room_02_video (69)_w031,Le2i_Coffee_room_02_video (69),D:\ONE_DATA\Fall detection\Le2i\data\Coffee_room_02\Coffee_room_02\Videos\video (69).avi,Coffee_room_02,2,NORMAL,0,0.010557,0.49,0,True,TN,0.479443,0.0,0.477,0.244378,-0.363889
Le2i_Coffee_room_02_video (69)_w032,Le2i_Coffee_room_02_video (69),D:\ONE_DATA\Fall detection\Le2i\data\Coffee_room_02\Coffee_room_02\Videos\video (69).avi,Coffee_room_02,2,NORMAL,0,0.003079,0.49,0,True,TN,0.486921,0.0,0.4771,0.481719,-0.55182
Le2i_Coffee_room_02_video (69)_w033,Le2i_Coffee_room_02_video (69),D:\ONE_DATA\Fall detection\Le2i\data\Coffee_room_02\Coffee_room_02\Videos\video (69).avi,Coffee_room_02,2,NORMAL,0,0.002572,0.49,0,True,TN,0.487428,0.0,0.4594,0.481719,-0.55182
Le2i_Coffee_room_02_video (69)_w034,Le2i_Coffee_room_02_video (69),D:\ONE_DATA\Fall detection\Le2i\data\Coffee_room_02\Coffee_room_02\Videos\video (69).avi,Coffee_room_02,2,NORMAL,0,0.034046,0.49,0,True,TN,0.455954,0.0,0.4413,0.357958,-0.417067
Le2i_Coffee_room_02_video (69)_w035,Le2i_Coffee_room_02_video (69),D:\ONE_DATA\Fall detection\Le2i\data\Coffee_room_02\Coffee_room_02\Videos\video (69).avi,Coffee_room_02,2,NORMAL,0,0.021825,0.49,0,True,TN,0.468175,0.0,0.435,0.357958,-0.417067
Le2i_Coffee_room_02_video (69)_w036,Le2i_Coffee_room_02_video (69),D:\ONE_DATA\Fall detection\Le2i\data\Coffee_room_02\Coffee_room_02\Videos\video (69).avi,Coffee_room_02,2,NORMAL,0,0.015124,0.49,0,True,TN,0.474876,0.0,0.4278,0.1942,-0.333445
Le2i_Coffee_room_02_video (69)_w037,Le2i_Coffee_room_02_video (69),D:\ONE_DATA\Fall detection\Le2i\data\Coffee_room_02\Coffee_room_02\Videos\video (69).avi,Coffee_room_02,2,NORMAL,0,0.008063,0.49,0,True,TN,0.481937,0.0,0.4297,0.3544,-0.350697
Le2i_Coffee_room_02_video (69)_w038,Le2i_Coffee_room_02_video (69),D:\ONE_DATA\Fall detection\Le2i\data\Coffee_room_02\Coffee_room_02\Videos\video (69).avi,Coffee_room_02,2,NORMAL,0,0.003498,0.49,0,True,TN,0.486502,0.0,0.4359,0.3544,-0.350697
Le2i_Coffee_room_02_video (69)_w039,Le2i_Coffee_room_02_video (69),D:\ONE_DATA\Fall detection\Le2i\data\Coffee_room_02\Coffee_room_02\Videos\video (69).avi,Coffee_room_02,2,NORMAL,0,0.004962,0.49,0,True,TN,0.485038,0.0,0.4328,0.307107,-0.196232
Le2i_Coffee_room_02_video (69)_w040,Le2i_Coffee_room_02_video (69),D:\ONE_DATA\Fall detection\Le2i\data\Coffee_room_02\Coffee_room_02\Videos\video (69).avi,Coffee_room_02,2,NORMAL,0,0.006945,0.49,0,True,TN,0.483055,0.0,0.4329,0.307107,-0.143012
Le2i_Coffee_room_02_video (69)_w041,Le2i_Coffee_room_02_video (69),D:\ONE_DATA\Fall detection\Le2i\data\Coffee_room_02\Coffee_room_02\Videos\video (69).avi,Coffee_room_02,2,NORMAL,0,0.007146,0.49,0,True,TN,0.482854,0.0,0.4501,0.305116,-0.188334
Le2i_Coffee_room_02_video (69)_w042,Le2i_Coffee_room_02_video (69),D:\ONE_DATA\Fall detection\Le2i\data\Coffee_room_02\Coffee_room_02\Videos\video (69).avi,Coffee_room_02,2,NORMAL,0,0.00788,0.49,0,True,TN,0.48212,0.0,0.4508,0.305116,-0.188334
Le2i_Coffee_room_02_video (69)_w043,Le2i_Coffee_room_02_video (69),D:\ONE_DATA\Fall detection\Le2i\data\Coffee_room_02\Coffee_room_02\Videos\video (69).avi,Coffee_room_02,2,NORMAL,0,0.003924,0.49,0,True,TN,0.486076,0.0,0.4219,0.154509,-0.173197
Le2i_Coffee_room_02_video (69)_w044,Le2i_Coffee_room_02_video (69),D:\ONE_DATA\Fall detection\Le2i\data\Coffee_room_02\Coffee_room_02\Videos\video (69).avi,Coffee_room_02,2,NORMAL,0,0.005402,0.49,0,True,TN,0.484598,0.0,0.3971,0.154509,-0.140401
Le2i_Coffee_room_02_video (69)_w045,Le2i_Coffee_room_02_video (69),D:\ONE_DATA\Fall detection\Le2i\data\Coffee_room_02\Coffee_room_02\Videos\video (69).avi,Coffee_room_02,2,NORMAL,0,0.002276,0.49,0,True,TN,0.487724,0.0,0.4232,0.195527,-0.241353
Le2i_Coffee_room_02_video (69)_w046,Le2i_Coffee_room_02_video (69),D:\ONE_DATA\Fall detection\Le2i\data\Coffee_room_02\Coffee_room_02\Videos\video (69).avi,Coffee_room_02,2,NORMAL,0,0.000186,0.49,0,True,TN,0.489814,0.0,0.4542,0.387693,-0.295928
Le2i_Coffee_room_02_video (69)_w047,Le2i_Coffee_room_02_video (69),D:\ONE_DATA\Fall detection\Le2i\data\Coffee_room_02\Coffee_room_02\Videos\video (69).avi,Coffee_room_02,2,NORMAL,0,0.000148,0.49,0,True,TN,0.489852,0.0,0.4537,0.387693,-0.36125
Le2i_Coffee_room_02_video (69)_w048,Le2i_Coffee_room_02_video (69),D:\ONE_DATA\Fall detection\Le2i\data\Coffee_room_02\Coffee_room_02\Videos\video (69).avi,Coffee_room_02,2,NORMAL,0,0.000125,0.49,0,True,TN,0.489875,0.0,0.4631,0.232867,-0.36125
Le2i_Coffee_room_02_video (69)_w049,Le2i_Coffee_room_02_video (69),D:\ONE_DATA\Fall detection\Le2i\data\Coffee_room_02\Coffee_room_02\Videos\video (69).avi,Coffee_room_02,2,NORMAL,0,5.3e-05,0.49,0,True,TN,0.489947,0.0,0.4651,0.204248,-0.31304
Le2i_Coffee_room_02_video (70)_w000,Le2i_Coffee_room_02_video (70),D:\ONE_DATA\Fall detection\Le2i\data\Coffee_room_02\Coffee_room_02\Videos\video (70).avi,Coffee_room_02,2,NORMAL,0,0.0,0.49,0,True,TN,0.49,0.0,0.4159,0.416092,-0.427011
Le2i_Coffee_room_02_video (70)_w001,Le2i_Coffee_room_02_video (70),D:\ONE_DATA\Fall detection\Le2i\data\Coffee_room_02\Coffee_room_02\Videos\video (70).avi,Coffee_room_02,2,NORMAL,0,0.0,0.49,0,True,TN,0.49,0.0,0.409,0.668249,-0.89393
Le2i_Coffee_room_02_video (70)_w002,Le2i_Coffee_room_02_video (70),D:\ONE_DATA\Fall detection\Le2i\data\Coffee_room_02\Coffee_room_02\Videos\video (70).avi,Coffee_room_02,2,NORMAL,0,0.0,0.49,0,True,TN,0.49,0.0,0.4222,0.668249,-0.89393
Le2i_Coffee_room_02_video (70)_w003,Le2i_Coffee_room_02_video (70),D:\ONE_DATA\Fall detection\Le2i\data\Coffee_room_02\Coffee_room_02\Videos\video (70).avi,Coffee_room_02,2,NORMAL,0,6e-06,0.49,0,True,TN,0.489994,0.0,0.4369,0.34574,-0.362168
Le2i_Coffee_room_02_video (70)_w004,Le2i_Coffee_room_02_video (70),D:\ONE_DATA\Fall detection\Le2i\data\Coffee_room_02\Coffee_room_02\Videos\video (70).avi,Coffee_room_02,2,NORMAL,0,0.001853,0.49,0,True,TN,0.488147,0.0,0.4386,0.34574,-0.362168
Le2i_Coffee_room_02_video (70)_w005,Le2i_Coffee_room_02_video (70),D:\ONE_DATA\Fall detection\Le2i\data\Coffee_room_02\Coffee_room_02\Videos\video (70).avi,Coffee_room_02,2,NORMAL,0,0.173415,0.49,0,True,TN,0.316585,0.0,0.4102,0.317186,-0.178459
Le2i_Coffee_room_02_video (70)_w006,Le2i_Coffee_room_02_video (70),D:\ONE_DATA\Fall detection\Le2i\data\Coffee_room_02\Coffee_room_02\Videos\video (70).avi,Coffee_room_02,2,NORMAL,0,0.086899,0.49,0,True,TN,0.403101,0.0,0.379,0.421029,-0.632783
Le2i_Coffee_room_02_video (70)_w007,Le2i_Coffee_room_02_video (70),D:\ONE_DATA\Fall detection\Le2i\data\Coffee_room_02\Coffee_room_02\Videos\video (70).avi,Coffee_room_02,2,NORMAL,0,0.604399,0.49,1,False,FP,0.114399,0.604399,0.1937,227.555954,-137.110428
Le2i_Coffee_room_02_video (70)_w008,Le2i_Coffee_room_02_video (70),D:\ONE_DATA\Fall detection\Le2i\data\Coffee_room_02\Coffee_room_02\Videos\video (70).avi,Coffee_room_02,2,NORMAL,0,0.604399,0.49,1,False,FP,0.114399,0.604399,0.0223,227.555954,-137.110428
Le2i_Coffee_room_02_video (70)_w009,Le2i_Coffee_room_02_video (70),D:\ONE_DATA\Fall detection\Le2i\data\Coffee_room_02\Coffee_room_02\Videos\video (70).avi,Coffee_room_02,2,NORMAL,0,0.604399,0.49,1,False,FP,0.114399,0.604399,0.0169,88.999969,-112.004852
Le2i_Coffee_room_02_video (70)_w010,Le2i_Coffee_room_02_video (70),D:\ONE_DATA\Fall detection\Le2i\data\Coffee_room_02\Coffee_room_02\Videos\video (70).avi,Coffee_room_02,2,NORMAL,0,0.604399,0.49,1,False,FP,0.114399,0.604399,0.0171,88.999969,-112.004852
Le2i_Coffee_room_02_video (70)_w011,Le2i_Coffee_room_02_video (70),D:\ONE_DATA\Fall detection\Le2i\data\Coffee_room_02\Coffee_room_02\Videos\video (70).avi,Coffee_room_02,2,NORMAL,0,0.604399,0.49,1,False,FP,0.114399,0.604399,0.0331,76.136856,-101.684967
Le2i_Coffee_room_02_video (70)_w012,Le2i_Coffee_room_02_video (70),D:\ONE_DATA\Fall detection\Le2i\data\Coffee_room_02\Coffee_room_02\Videos\video (70).avi,Coffee_room_02,2,NORMAL,0,0.604399,0.49,1,False,FP,0.114399,0.604399,0.1875,76.136856,-76.779381
Le2i_Coffee_room_02_video (70)_w013,Le2i_Coffee_room_02_video (70),D:\ONE_DATA\Fall detection\Le2i\data\Coffee_room_02\Coffee_room_02\Videos\video (70).avi,Coffee_room_02,2,NORMAL,0,7.3e-05,0.49,0,True,TN,0.489927,0.0,0.341,0.195604,-0.322353
Le2i_Coffee_room_02_video (70)_w014,Le2i_Coffee_room_02_video (70),D:\ONE_DATA\Fall detection\Le2i\data\Coffee_room_02\Coffee_room_02\Videos\video (70).avi,Coffee_room_02,2,NORMAL,0,7e-05,0.49,0,True,TN,0.48993,0.0,0.3665,0.195604,-0.322353
Le2i_Coffee_room_02_video (70)_w015,Le2i_Coffee_room_02_video (70),D:\ONE_DATA\Fall detection\Le2i\data\Coffee_room_02\Coffee_room_02\Videos\video (70).avi,Coffee_room_02,2,NORMAL,0,5.5e-05,0.49,0,True,TN,0.489945,0.0,0.3812,0.097865,-0.128647
Le2i_Coffee_room_02_video (70)_w016,Le2i_Coffee_room_02_video (70),D:\ONE_DATA\Fall detection\Le2i\data\Coffee_room_02\Coffee_room_02\Videos\video (70).avi,Coffee_room_02,2,NORMAL,0,3e-06,0.49,0,True,TN,0.489997,0.0,0.383,0.124012,-0.130443
Le2i_Coffee_room_02_video (70)_w017,Le2i_Coffee_room_02_video (70),D:\ONE_DATA\Fall detection\Le2i\data\Coffee_room_02\Coffee_room_02\Videos\video (70).avi,Coffee_room_02,2,NORMAL,0,1e-06,0.49,0,True,TN,0.489999,0.0,0.3862,0.124357,-0.130443
Le2i_Coffee_room_02_video (70)_w018,Le2i_Coffee_room_02_video (70),D:\ONE_DATA\Fall detection\Le2i\data\Coffee_room_02\Coffee_room_02\Videos\video (70).avi,Coffee_room_02,2,NORMAL,0,3e-06,0.49,0,True,TN,0.489997,0.0,0.4341,0.124357,-0.126964
Le2i_Coffee_room_02_video (70)_w019,Le2i_Coffee_room_02_video (70),D:\ONE_DATA\Fall detection\Le2i\data\Coffee_room_02\Coffee_room_02\Videos\video (70).avi,Coffee_room_02,2,NORMAL,0,7e-06,0.49,0,True,TN,0.489993,0.0,0.4768,0.208765,-0.152519
Le2i_Coffee_room_02_video (70)_w020,Le2i_Coffee_room_02_video (70),D:\ONE_DATA\Fall detection\Le2i\data\Coffee_room_02\Coffee_room_02\Videos\video (70).avi,Coffee_room_02,2,NORMAL,0,1.3e-05,0.49,0,True,TN,0.489987,0.0,0.4749,0.211341,-0.168556
Le2i_Coffee_room_02_video (70)_w021,Le2i_Coffee_room_02_video (70),D:\ONE_DATA\Fall detection\Le2i\data\Coffee_room_02\Coffee_room_02\Videos\video (70).avi,Coffee_room_02,2,NORMAL,0,5.2e-05,0.49,0,True,TN,0.489948,0.0,0.4639,0.101705,-0.152039
Le2i_Coffee_room_02_video (70)_w022,Le2i_Coffee_room_02_video (70),D:\ONE_DATA\Fall detection\Le2i\data\Coffee_room_02\Coffee_room_02\Videos\video (70).avi,Coffee_room_02,2,NORMAL,0,0.00014,0.49,0,True,TN,0.48986,0.0,0.4657,0.101018,-0.128708
Le2i_Coffee_room_02_video (70)_w023,Le2i_Coffee_room_02_video (70),D:\ONE_DATA\Fall detection\Le2i\data\Coffee_room_02\Coffee_room_02\Videos\video (70).avi,Coffee_room_02,2,NORMAL,0,0.0025,0.49,0,True,TN,0.4875,0.0,0.4731,0.051017,-0.051487
Le2i_Coffee_room_02_video (70)_w024,Le2i_Coffee_room_02_video (70),D:\ONE_DATA\Fall detection\Le2i\data\Coffee_room_02\Coffee_room_02\Videos\video (70).avi,Coffee_room_02,2,NORMAL,0,0.001428,0.49,0,True,TN,0.488572,0.0,0.4477,0.087685,-0.095075
Le2i_Coffee_room_02_video (70)_w025,Le2i_Coffee_room_02_video (70),D:\ONE_DATA\Fall detection\Le2i\data\Coffee_room_02\Coffee_room_02\Videos\video (70).avi,Coffee_room_02,2,NORMAL,0,0.000824,0.49,0,True,TN,0.489176,0.0,0.4041,0.087685,-0.095075
Le2i_Coffee_room_02_video (70)_w026,Le2i_Coffee_room_02_video (70),D:\ONE_DATA\Fall detection\Le2i\data\Coffee_room_02\Coffee_room_02\Videos\video (70).avi,Coffee_room_02,2,NORMAL,0,0.001988,0.49,0,True,TN,0.488012,0.0,0.3815,0.067684,-0.064956
Le2i_Coffee_room_02_video (70)_w027,Le2i_Coffee_room_02_video (70),D:\ONE_DATA\Fall detection\Le2i\data\Coffee_room_02\Coffee_room_02\Videos\video (70).avi,Coffee_room_02,2,NORMAL,0,0.009729,0.49,0,True,TN,0.480271,0.0,0.3938,0.062339,-0.078883
Le2i_Coffee_room_02_video (70)_w028,Le2i_Coffee_room_02_video (70),D:\ONE_DATA\Fall detection\Le2i\data\Coffee_room_02\Coffee_room_02\Videos\video (70).avi,Coffee_room_02,2,NORMAL,0,0.008674,0.49,0,True,TN,0.481326,0.0,0.4097,0.364924,-0.332458
Le2i_Coffee_room_02_video (70)_w029,Le2i_Coffee_room_02_video (70),D:\ONE_DATA\Fall detection\Le2i\data\Coffee_room_02\Coffee_room_02\Videos\video (70).avi,Coffee_room_02,2,NORMAL,0,0.002337,0.49,0,True,TN,0.487663,0.0,0.4292,0.431951,-0.691664
Le2i_Coffee_room_02_video (70)_w030,Le2i_Coffee_room_02_video (70),D:\ONE_DATA\Fall detection\Le2i\data\Coffee_room_02\Coffee_room_02\Videos\video (70).avi,Coffee_room_02,2,NORMAL,0,0.02031,0.49,0,True,TN,0.46969,0.0,0.4654,0.431951,-0.691664
Le2i_Coffee_room_02_video (70)_w031,Le2i_Coffee_room_02_video (70),D:\ONE_DATA\Fall detection\Le2i\data\Coffee_room_02\Coffee_room_02\Videos\video (70).avi,Coffee_room_02,2,NORMAL,0,0.009564,0.49,0,True,TN,0.480436,0.0,0.4835,0.074029,-0.048532
Le2i_Home_01_video (1)_w000,Le2i_Home_01_video (1),D:\ONE_DATA\Fall detection\Le2i\data\Home_01\Home_01\Videos\video (1).avi,Home_01,3,NORMAL,0,1e-06,0.73,0,True,TN,0.729999,0.0,0.4372,0.25143,-0.301544
Le2i_Home_01_video (1)_w001,Le2i_Home_01_video (1),D:\ONE_DATA\Fall detection\Le2i\data\Home_01\Home_01\Videos\video (1).avi,Home_01,3,NORMAL,0,0.0,0.73,0,True,TN,0.73,0.0,0.4188,0.9244,-0.7695
Le2i_Home_01_video (1)_w002,Le2i_Home_01_video (1),D:\ONE_DATA\Fall detection\Le2i\data\Home_01\Home_01\Videos\video (1).avi,Home_01,3,NORMAL,0,0.0,0.73,0,True,TN,0.73,0.0,0.3953,0.9244,-0.7695
Le2i_Home_01_video (1)_w003,Le2i_Home_01_video (1),D:\ONE_DATA\Fall detection\Le2i\data\Home_01\Home_01\Videos\video (1).avi,Home_01,3,NORMAL,0,0.0,0.73,0,True,TN,0.73,0.0,0.409,0.44734,-0.479924
Le2i_Home_01_video (1)_w004,Le2i_Home_01_video (1),D:\ONE_DATA\Fall detection\Le2i\data\Home_01\Home_01\Videos\video (1).avi,Home_01,3,NORMAL,0,1.2e-05,0.73,0,True,TN,0.729988,0.0,0.4272,0.227344,-0.493443
Le2i_Home_01_video (1)_w005,Le2i_Home_01_video (1),D:\ONE_DATA\Fall detection\Le2i\data\Home_01\Home_01\Videos\video (1).avi,Home_01,3,FALL,1,0.965743,0.73,1,True,TP,0.235743,0.0,0.4281,0.966572,-0.789695
Le2i_Home_01_video (1)_w006,Le2i_Home_01_video (1),D:\ONE_DATA\Fall detection\Le2i\data\Home_01\Home_01\Videos\video (1).avi,Home_01,3,FALL,1,0.769602,0.73,1,True,TP,0.039602,0.0,0.436,0.966572,-0.789695
Le2i_Home_01_video (1)_w007,Le2i_Home_01_video (1),D:\ONE_DATA\Fall detection\Le2i\data\Home_01\Home_01\Videos\video (1).avi,Home_01,3,FALL,1,0.757039,0.73,1,True,TP,0.027039,0.0,0.4398,0.703778,-0.51967
Le2i_Home_01_video (1)_w008,Le2i_Home_01_video (1),D:\ONE_DATA\Fall detection\Le2i\data\Home_01\Home_01\Videos\video (1).avi,Home_01,3,FALL,1,0.756667,0.73,1,True,TP,0.026667,0.0,0.4399,0.412325,-0.547372
Le2i_Home_01_video (10)_w000,Le2i_Home_01_video (10),D:\ONE_DATA\Fall detection\Le2i\data\Home_01\Home_01\Videos\video (10).avi,Home_01,3,NORMAL,0,0.000233,0.73,0,True,TN,0.729767,0.0,0.0088,1.543659,-2.233897
Le2i_Home_01_video (10)_w001,Le2i_Home_01_video (10),D:\ONE_DATA\Fall detection\Le2i\data\Home_01\Home_01\Videos\video (10).avi,Home_01,3,NORMAL,0,1e-06,0.73,0,True,TN,0.729999,0.0,0.1727,2.233897,-2.261911
Le2i_Home_01_video (10)_w002,Le2i_Home_01_video (10),D:\ONE_DATA\Fall detection\Le2i\data\Home_01\Home_01\Videos\video (10).avi,Home_01,3,NORMAL,0,0.0,0.73,0,True,TN,0.73,0.0,0.3957,2.055396,-2.261911
Le2i_Home_01_video (10)_w003,Le2i_Home_01_video (10),D:\ONE_DATA\Fall detection\Le2i\data\Home_01\Home_01\Videos\video (10).avi,Home_01,3,NORMAL,0,0.0,0.73,0,True,TN,0.73,0.0,0.4728,0.851586,-0.616589
Le2i_Home_01_video (10)_w004,Le2i_Home_01_video (10),D:\ONE_DATA\Fall detection\Le2i\data\Home_01\Home_01\Videos\video (10).avi,Home_01,3,FALL,1,0.99996,0.73,1,True,TP,0.26996,0.0,0.3581,77.562737,-39.437042
Le2i_Home_01_video (10)_w005,Le2i_Home_01_video (10),D:\ONE_DATA\Fall detection\Le2i\data\Home_01\Home_01\Videos\video (10).avi,Home_01,3,FALL,1,0.997692,0.73,1,True,TP,0.267692,0.0,0.2002,77.562737,-39.437042
Le2i_Home_01_video (10)_w006,Le2i_Home_01_video (10),D:\ONE_DATA\Fall detection\Le2i\data\Home_01\Home_01\Videos\video (10).avi,Home_01,3,FALL,1,0.999915,0.73,1,True,TP,0.269915,0.0,0.1606,37.750126,-47.619305
Le2i_Home_01_video (10)_w007,Le2i_Home_01_video (10),D:\ONE_DATA\Fall detection\Le2i\data\Home_01\Home_01\Videos\video (10).avi,Home_01,3,FALL,1,1.0,0.73,1,True,TP,0.27,0.0,0.2964,260.371765,-209.998032
Le2i_Home_01_video (10)_w008,Le2i_Home_01_video (10),D:\ONE_DATA\Fall detection\Le2i\data\Home_01\Home_01\Videos\video (10).avi,Home_01,3,FALL,1,1.0,0.73,1,True,TP,0.27,0.0,0.4547,260.371765,-209.998032
Le2i_Home_01_video (10)_w009,Le2i_Home_01_video (10),D:\ONE_DATA\Fall detection\Le2i\data\Home_01\Home_01\Videos\video (10).avi,Home_01,3,FALL,1,1e-06,0.73,0,False,FN,0.729999,0.999999,0.4686,1.259238,-0.561754
Le2i_Home_01_video (10)_w010,Le2i_Home_01_video (10),D:\ONE_DATA\Fall detection\Le2i\data\Home_01\Home_01\Videos\video (10).avi,Home_01,3,FALL,1,1e-06,0.73,0,False,FN,0.729999,0.999999,0.3904,0.483543,-0.561754
Le2i_Home_01_video (11)_w000,Le2i_Home_01_video (11),D:\ONE_DATA\Fall detection\Le2i\data\Home_01\Home_01\Videos\video (11).avi,Home_01,3,NORMAL,0,0.628011,0.73,0,True,TN,0.101989,0.0,0.0,0.0,0.0
Le2i_Home_01_video (11)_w001,Le2i_Home_01_video (11),D:\ONE_DATA\Fall detection\Le2i\data\Home_01\Home_01\Videos\video (11).avi,Home_01,3,NORMAL,0,0.000145,0.73,0,True,TN,0.729855,0.0,0.1297,1.837564,-2.046242
Le2i_Home_01_video (11)_w002,Le2i_Home_01_video (11),D:\ONE_DATA\Fall detection\Le2i\data\Home_01\Home_01\Videos\video (11).avi,Home_01,3,NORMAL,0,1e-06,0.73,0,True,TN,0.729999,0.0,0.3574,1.837564,-2.046242
Le2i_Home_01_video (11)_w003,Le2i_Home_01_video (11),D:\ONE_DATA\Fall detection\Le2i\data\Home_01\Home_01\Videos\video (11).avi,Home_01,3,NORMAL,0,0.0,0.73,0,True,TN,0.73,0.0,0.4687,0.3349,-0.289867
Le2i_Home_01_video (11)_w004,Le2i_Home_01_video (11),D:\ONE_DATA\Fall detection\Le2i\data\Home_01\Home_01\Videos\video (11).avi,Home_01,3,FALL,1,0.99999,0.73,1,True,TP,0.26999,0.0,0.3425,88.071579,-88.071579
Le2i_Home_01_video (11)_w005,Le2i_Home_01_video (11),D:\ONE_DATA\Fall detection\Le2i\data\Home_01\Home_01\Videos\video (11).avi,Home_01,3,FALL,1,0.99997,0.73,1,True,TP,0.26997,0.0,0.1015,88.071579,-88.071579
Le2i_Home_01_video (11)_w006,Le2i_Home_01_video (11),D:\ONE_DATA\Fall detection\Le2i\data\Home_01\Home_01\Videos\video (11).avi,Home_01,3,FALL,1,0.999636,0.73,1,True,TP,0.269636,0.0,0.02,52.959049,-29.604099
Le2i_Home_01_video (11)_w007,Le2i_Home_01_video (11),D:\ONE_DATA\Fall detection\Le2i\data\Home_01\Home_01\Videos\video (11).avi,Home_01,3,FALL,1,0.999612,0.73,1,True,TP,0.269612,0.0,0.02,52.959049,-29.604099
Le2i_Home_01_video (11)_w008,Le2i_Home_01_video (11),D:\ONE_DATA\Fall detection\Le2i\data\Home_01\Home_01\Videos\video (11).avi,Home_01,3,FALL,1,0.070436,0.73,0,False,FN,0.659564,0.929564,0.2302,9.864078,-19.811529
Le2i_Home_01_video (11)_w009,Le2i_Home_01_video (11),D:\ONE_DATA\Fall detection\Le2i\data\Home_01\Home_01\Videos\video (11).avi,Home_01,3,FALL,1,0.004451,0.73,0,False,FN,0.725549,0.995549,0.4666,9.864078,-19.811529
Le2i_Home_01_video (11)_w010,Le2i_Home_01_video (11),D:\ONE_DATA\Fall detection\Le2i\data\Home_01\Home_01\Videos\video (11).avi,Home_01,3,FALL,1,2e-06,0.73,0,False,FN,0.729998,0.999998,0.3888,0.258781,-0.374381
Le2i_Home_01_video (12)_w000,Le2i_Home_01_video (12),D:\ONE_DATA\Fall detection\Le2i\data\Home_01\Home_01\Videos\video (12).avi,Home_01,3,NORMAL,0,0.178215,0.73,0,True,TN,0.551785,0.0,0.0278,4.781564,-4.781564
Le2i_Home_01_video (12)_w001,Le2i_Home_01_video (12),D:\ONE_DATA\Fall detection\Le2i\data\Home_01\Home_01\Videos\video (12).avi,Home_01,3,NORMAL,0,0.014702,0.73,0,True,TN,0.715298,0.0,0.1746,4.781564,-4.781564
Le2i_Home_01_video (12)_w002,Le2i_Home_01_video (12),D:\ONE_DATA\Fall detection\Le2i\data\Home_01\Home_01\Videos\video (12).avi,Home_01,3,NORMAL,0,0.0,0.73,0,True,TN,0.73,0.0,0.395,1.522279,-2.72078
Le2i_Home_01_video (12)_w003,Le2i_Home_01_video (12),D:\ONE_DATA\Fall detection\Le2i\data\Home_01\Home_01\Videos\video (12).avi,Home_01,3,NORMAL,0,0.0,0.73,0,True,TN,0.73,0.0,0.4707,0.227872,-0.276587
Le2i_Home_01_video (12)_w004,Le2i_Home_01_video (12),D:\ONE_DATA\Fall detection\Le2i\data\Home_01\Home_01\Videos\video (12).avi,Home_01,3,NORMAL,0,0.0,0.73,0,True,TN,0.73,0.0,0.4779,0.20544,-0.335882
Le2i_Home_01_video (12)_w005,Le2i_Home_01_video (12),D:\ONE_DATA\Fall detection\Le2i\data\Home_01\Home_01\Videos\video (12).avi,Home_01,3,FALL,1,0.998616,0.73,1,True,TP,0.268616,0.0,0.4553,3.513152,-3.460516
Le2i_Home_01_video (12)_w006,Le2i_Home_01_video (12),D:\ONE_DATA\Fall detection\Le2i\data\Home_01\Home_01\Videos\video (12).avi,Home_01,3,FALL,1,0.898755,0.73,1,True,TP,0.168755,0.0,0.4221,3.513152,-3.460516
Le2i_Home_01_video (13)_w000,Le2i_Home_01_video (13),D:\ONE_DATA\Fall detection\Le2i\data\Home_01\Home_01\Videos\video (13).avi,Home_01,3,NORMAL,0,5e-06,0.73,0,True,TN,0.729995,0.0,0.1002,1.721327,-1.794888
Le2i_Home_01_video (13)_w001,Le2i_Home_01_video (13),D:\ONE_DATA\Fall detection\Le2i\data\Home_01\Home_01\Videos\video (13).avi,Home_01,3,NORMAL,0,0.0,0.73,0,True,TN,0.73,0.0,0.3326,1.721327,-1.794888
Le2i_Home_01_video (13)_w002,Le2i_Home_01_video (13),D:\ONE_DATA\Fall detection\Le2i\data\Home_01\Home_01\Videos\video (13).avi,Home_01,3,NORMAL,0,0.0,0.73,0,True,TN,0.73,0.0,0.4673,0.161325,-0.170668
Le2i_Home_01_video (13)_w003,Le2i_Home_01_video (13),D:\ONE_DATA\Fall detection\Le2i\data\Home_01\Home_01\Videos\video (13).avi,Home_01,3,NORMAL,0,0.0,0.73,0,True,TN,0.73,0.0,0.4774,0.172719,-0.290214
Le2i_Home_01_video (13)_w004,Le2i_Home_01_video (13),D:\ONE_DATA\Fall detection\Le2i\data\Home_01\Home_01\Videos\video (13).avi,Home_01,3,NORMAL,0,1e-06,0.73,0,True,TN,0.729999,0.0,0.4853,0.296165,-0.693085
Le2i_Home_01_video (13)_w005,Le2i_Home_01_video (13),D:\ONE_DATA\Fall detection\Le2i\data\Home_01\Home_01\Videos\video (13).avi,Home_01,3,FALL,1,0.999982,0.73,1,True,TP,0.269982,0.0,0.3619,30.44523,-34.493092
Le2i_Home_01_video (13)_w006,Le2i_Home_01_video (13),D:\ONE_DATA\Fall detection\Le2i\data\Home_01\Home_01\Videos\video (13).avi,Home_01,3,FALL,1,0.986419,0.73,1,True,TP,0.256419,0.0,0.1842,30.44523,-34.493092
Le2i_Home_01_video (13)_w007,Le2i_Home_01_video (13),D:\ONE_DATA\Fall detection\Le2i\data\Home_01\Home_01\Videos\video (13).avi,Home_01,3,FALL,1,0.90379,0.73,1,True,TP,0.17379,0.0,0.1264,11.140942,-14.257156
Le2i_Home_01_video (14)_w000,Le2i_Home_01_video (14),D:\ONE_DATA\Fall detection\Le2i\data\Home_01\Home_01\Videos\video (14).avi,Home_01,3,NORMAL,0,0.628011,0.73,0,True,TN,0.101989,0.0,0.0,0.0,0.0
Le2i_Home_01_video (14)_w001,Le2i_Home_01_video (14),D:\ONE_DATA\Fall detection\Le2i\data\Home_01\Home_01\Videos\video (14).avi,Home_01,3,NORMAL,0,0.628011,0.73,0,True,TN,0.101989,0.0,0.0,0.0,0.0
Le2i_Home_01_video (14)_w002,Le2i_Home_01_video (14),D:\ONE_DATA\Fall detection\Le2i\data\Home_01\Home_01\Videos\video (14).avi,Home_01,3,NORMAL,0,0.628011,0.73,0,True,TN,0.101989,0.0,0.0,0.0,0.0
Le2i_Home_01_video (14)_w003,Le2i_Home_01_video (14),D:\ONE_DATA\Fall detection\Le2i\data\Home_01\Home_01\Videos\video (14).avi,Home_01,3,NORMAL,0,2e-06,0.73,0,True,TN,0.729998,0.0,0.0987,1.426446,-2.028074
Le2i_Home_01_video (14)_w004,Le2i_Home_01_video (14),D:\ONE_DATA\Fall detection\Le2i\data\Home_01\Home_01\Videos\video (14).avi,Home_01,3,NORMAL,0,0.0,0.73,0,True,TN,0.73,0.0,0.3275,1.426446,-2.028074
Le2i_Home_01_video (14)_w005,Le2i_Home_01_video (14),D:\ONE_DATA\Fall detection\Le2i\data\Home_01\Home_01\Videos\video (14).avi,Home_01,3,NORMAL,0,0.0,0.73,0,True,TN,0.73,0.0,0.4707,0.165064,-0.230734
Le2i_Home_01_video (14)_w006,Le2i_Home_01_video (14),D:\ONE_DATA\Fall detection\Le2i\data\Home_01\Home_01\Videos\video (14).avi,Home_01,3,FALL,1,0.999563,0.73,1,True,TP,0.269563,0.0,0.3751,13.047371,-22.790787
Le2i_Home_01_video (14)_w007,Le2i_Home_01_video (14),D:\ONE_DATA\Fall detection\Le2i\data\Home_01\Home_01\Videos\video (14).avi,Home_01,3,FALL,1,0.99927,0.73,1,True,TP,0.26927,0.0,0.1845,16.777718,-22.790787
Le2i_Home_01_video (14)_w008,Le2i_Home_01_video (14),D:\ONE_DATA\Fall detection\Le2i\data\Home_01\Home_01\Videos\video (14).avi,Home_01,3,FALL,1,0.999582,0.73,1,True,TP,0.269582,0.0,0.0513,16.777718,-16.239689
Le2i_Home_01_video (14)_w009,Le2i_Home_01_video (14),D:\ONE_DATA\Fall detection\Le2i\data\Home_01\Home_01\Videos\video (14).avi,Home_01,3,FALL,1,0.984061,0.73,1,True,TP,0.254061,0.0,0.0141,18.678667,-18.678667
Le2i_Home_01_video (15)_w000,Le2i_Home_01_video (15),D:\ONE_DATA\Fall detection\Le2i\data\Home_01\Home_01\Videos\video (15).avi,Home_01,3,NORMAL,0,0.628011,0.73,0,True,TN,0.101989,0.0,0.0,0.0,0.0
Le2i_Home_01_video (15)_w001,Le2i_Home_01_video (15),D:\ONE_DATA\Fall detection\Le2i\data\Home_01\Home_01\Videos\video (15).avi,Home_01,3,NORMAL,0,0.628011,0.73,0,True,TN,0.101989,0.0,0.0,0.0,0.0
Le2i_Home_01_video (15)_w002,Le2i_Home_01_video (15),D:\ONE_DATA\Fall detection\Le2i\data\Home_01\Home_01\Videos\video (15).avi,Home_01,3,NORMAL,0,1e-06,0.73,0,True,TN,0.729999,0.0,0.1624,1.302718,-1.943995
Le2i_Home_01_video (15)_w003,Le2i_Home_01_video (15),D:\ONE_DATA\Fall detection\Le2i\data\Home_01\Home_01\Videos\video (15).avi,Home_01,3,NORMAL,0,0.0,0.73,0,True,TN,0.73,0.0,0.3982,1.302718,-1.943995
Le2i_Home_01_video (15)_w004,Le2i_Home_01_video (15),D:\ONE_DATA\Fall detection\Le2i\data\Home_01\Home_01\Videos\video (15).avi,Home_01,3,NORMAL,0,0.0,0.73,0,True,TN,0.73,0.0,0.4784,0.293314,-0.199399
Le2i_Home_01_video (15)_w005,Le2i_Home_01_video (15),D:\ONE_DATA\Fall detection\Le2i\data\Home_01\Home_01\Videos\video (15).avi,Home_01,3,NORMAL,0,0.993291,0.73,1,False,FP,0.263291,0.993291,0.4588,20.030689,-31.681686
Le2i_Home_01_video (15)_w006,Le2i_Home_01_video (15),D:\ONE_DATA\Fall detection\Le2i\data\Home_01\Home_01\Videos\video (15).avi,Home_01,3,FALL,1,0.990326,0.73,1,True,TP,0.260326,0.0,0.2275,24.838776,-31.681686
Le2i_Home_01_video (15)_w007,Le2i_Home_01_video (15),D:\ONE_DATA\Fall detection\Le2i\data\Home_01\Home_01\Videos\video (15).avi,Home_01,3,NORMAL,0,0.943363,0.73,1,False,FP,0.213363,0.943363,0.0164,24.838776,-7.599957
Le2i_Home_01_video (16)_w000,Le2i_Home_01_video (16),D:\ONE_DATA\Fall detection\Le2i\data\Home_01\Home_01\Videos\video (16).avi,Home_01,3,NORMAL,0,0.419421,0.73,0,True,TN,0.310579,0.0,0.3952,0.227656,-0.219882
Le2i_Home_01_video (16)_w001,Le2i_Home_01_video (16),D:\ONE_DATA\Fall detection\Le2i\data\Home_01\Home_01\Videos\video (16).avi,Home_01,3,NORMAL,0,0.394176,0.73,0,True,TN,0.335824,0.0,0.3903,0.257215,-0.219882
Le2i_Home_01_video (16)_w002,Le2i_Home_01_video (16),D:\ONE_DATA\Fall detection\Le2i\data\Home_01\Home_01\Videos\video (16).avi,Home_01,3,NORMAL,0,0.761421,0.73,1,False,FP,0.031421,0.761421,0.3933,0.336275,-0.596563
Le2i_Home_01_video (16)_w003,Le2i_Home_01_video (16),D:\ONE_DATA\Fall detection\Le2i\data\Home_01\Home_01\Videos\video (16).avi,Home_01,3,NORMAL,0,0.699117,0.73,0,True,TN,0.030883,0.0,0.407,0.662892,-0.787032
Le2i_Home_01_video (16)_w004,Le2i_Home_01_video (16),D:\ONE_DATA\Fall detection\Le2i\data\Home_01\Home_01\Videos\video (16).avi,Home_01,3,NORMAL,0,0.644846,0.73,0,True,TN,0.085154,0.0,0.416,0.363386,-0.787032
Le2i_Home_01_video (16)_w005,Le2i_Home_01_video (16),D:\ONE_DATA\Fall detection\Le2i\data\Home_01\Home_01\Videos\video (16).avi,Home_01,3,NORMAL,0,0.635494,0.73,0,True,TN,0.094506,0.0,0.4118,0.478266,-0.446346
Le2i_Home_01_video (16)_w006,Le2i_Home_01_video (16),D:\ONE_DATA\Fall detection\Le2i\data\Home_01\Home_01\Videos\video (16).avi,Home_01,3,FALL,1,0.856638,0.73,1,True,TP,0.126638,0.0,0.3661,13.764584,-13.764584
Le2i_Home_01_video (16)_w007,Le2i_Home_01_video (16),D:\ONE_DATA\Fall detection\Le2i\data\Home_01\Home_01\Videos\video (16).avi,Home_01,3,FALL,1,0.839365,0.73,1,True,TP,0.109365,0.0,0.3153,13.764584,-13.764584
Le2i_Home_01_video (16)_w008,Le2i_Home_01_video (16),D:\ONE_DATA\Fall detection\Le2i\data\Home_01\Home_01\Videos\video (16).avi,Home_01,3,FALL,1,0.102913,0.73,0,False,FN,0.627087,0.897087,0.2975,9.807456,-10.290413
Le2i_Home_01_video (17)_w000,Le2i_Home_01_video (17),D:\ONE_DATA\Fall detection\Le2i\data\Home_01\Home_01\Videos\video (17).avi,Home_01,3,NORMAL,0,0.66956,0.73,0,True,TN,0.06044,0.0,0.3953,0.351846,-0.367618
Le2i_Home_01_video (17)_w001,Le2i_Home_01_video (17),D:\ONE_DATA\Fall detection\Le2i\data\Home_01\Home_01\Videos\video (17).avi,Home_01,3,NORMAL,0,0.676027,0.73,0,True,TN,0.053973,0.0,0.3902,0.351846,-0.367618
Le2i_Home_01_video (17)_w002,Le2i_Home_01_video (17),D:\ONE_DATA\Fall detection\Le2i\data\Home_01\Home_01\Videos\video (17).avi,Home_01,3,NORMAL,0,0.677291,0.73,0,True,TN,0.052709,0.0,0.3773,0.538785,-0.256034
Le2i_Home_01_video (17)_w003,Le2i_Home_01_video (17),D:\ONE_DATA\Fall detection\Le2i\data\Home_01\Home_01\Videos\video (17).avi,Home_01,3,NORMAL,0,0.685732,0.73,0,True,TN,0.044268,0.0,0.3817,0.538785,-0.288722
Le2i_Home_01_video (17)_w004,Le2i_Home_01_video (17),D:\ONE_DATA\Fall detection\Le2i\data\Home_01\Home_01\Videos\video (17).avi,Home_01,3,NORMAL,0,0.677116,0.73,0,True,TN,0.052884,0.0,0.3902,0.476491,-0.55754
Le2i_Home_01_video (17)_w005,Le2i_Home_01_video (17),D:\ONE_DATA\Fall detection\Le2i\data\Home_01\Home_01\Videos\video (17).avi,Home_01,3,FALL,1,0.85836,0.73,1,True,TP,0.12836,0.0,0.3575,11.912844,-11.285403
Le2i_Home_01_video (17)_w006,Le2i_Home_01_video (17),D:\ONE_DATA\Fall detection\Le2i\data\Home_01\Home_01\Videos\video (17).avi,Home_01,3,FALL,1,0.853672,0.73,1,True,TP,0.123672,0.0,0.3479,11.912844,-11.285403
Le2i_Home_01_video (17)_w007,Le2i_Home_01_video (17),D:\ONE_DATA\Fall detection\Le2i\data\Home_01\Home_01\Videos\video (17).avi,Home_01,3,FALL,1,0.000135,0.73,0,False,FN,0.729865,0.999865,0.3706,3.89918,-4.861753
Le2i_Home_01_video (18)_w000,Le2i_Home_01_video (18),D:\ONE_DATA\Fall detection\Le2i\data\Home_01\Home_01\Videos\video (18).avi,Home_01,3,NORMAL,0,6e-06,0.73,0,True,TN,0.729994,0.0,0.4188,0.176119,-0.113915
Le2i_Home_01_video (18)_w001,Le2i_Home_01_video (18),D:\ONE_DATA\Fall detection\Le2i\data\Home_01\Home_01\Videos\video (18).avi,Home_01,3,NORMAL,0,9e-06,0.73,0,True,TN,0.729991,0.0,0.4106,0.128021,-0.449396
Le2i_Home_01_video (18)_w002,Le2i_Home_01_video (18),D:\ONE_DATA\Fall detection\Le2i\data\Home_01\Home_01\Videos\video (18).avi,Home_01,3,NORMAL,0,0.000488,0.73,0,True,TN,0.729512,0.0,0.3824,8.221052,-7.891829
Le2i_Home_01_video (18)_w003,Le2i_Home_01_video (18),D:\ONE_DATA\Fall detection\Le2i\data\Home_01\Home_01\Videos\video (18).avi,Home_01,3,NORMAL,0,0.076162,0.73,0,True,TN,0.653838,0.0,0.3364,28.19982,-34.285442
Le2i_Home_01_video (18)_w004,Le2i_Home_01_video (18),D:\ONE_DATA\Fall detection\Le2i\data\Home_01\Home_01\Videos\video (18).avi,Home_01,3,FALL,1,0.949117,0.73,1,True,TP,0.219117,0.0,0.3022,28.19982,-8.436882
Le2i_Home_01_video (18)_w005,Le2i_Home_01_video (18),D:\ONE_DATA\Fall detection\Le2i\data\Home_01\Home_01\Videos\video (18).avi,Home_01,3,FALL,1,0.981901,0.73,1,True,TP,0.251901,0.0,0.327,19.884325,-15.575728
Le2i_Home_01_video (18)_w006,Le2i_Home_01_video (18),D:\ONE_DATA\Fall detection\Le2i\data\Home_01\Home_01\Videos\video (18).avi,Home_01,3,FALL,1,0.879477,0.73,1,True,TP,0.149477,0.0,0.3778,19.884325,-15.575728
Le2i_Home_01_video (19)_w000,Le2i_Home_01_video (19),D:\ONE_DATA\Fall detection\Le2i\data\Home_01\Home_01\Videos\video (19).avi,Home_01,3,NORMAL,0,1.5e-05,0.73,0,True,TN,0.729985,0.0,0.4003,0.322932,-0.346478
Le2i_Home_01_video (19)_w001,Le2i_Home_01_video (19),D:\ONE_DATA\Fall detection\Le2i\data\Home_01\Home_01\Videos\video (19).avi,Home_01,3,NORMAL,0,0.0,0.73,0,True,TN,0.73,0.0,0.3963,3.305006,-7.869219
Le2i_Home_01_video (19)_w002,Le2i_Home_01_video (19),D:\ONE_DATA\Fall detection\Le2i\data\Home_01\Home_01\Videos\video (19).avi,Home_01,3,NORMAL,0,0.942264,0.73,1,False,FP,0.212264,0.942264,0.3318,39.284828,-38.673729
Le2i_Home_01_video (19)_w003,Le2i_Home_01_video (19),D:\ONE_DATA\Fall detection\Le2i\data\Home_01\Home_01\Videos\video (19).avi,Home_01,3,NORMAL,0,0.953103,0.73,1,False,FP,0.223103,0.953103,0.3281,39.284828,-38.673729
Le2i_Home_01_video (19)_w004,Le2i_Home_01_video (19),D:\ONE_DATA\Fall detection\Le2i\data\Home_01\Home_01\Videos\video (19).avi,Home_01,3,FALL,1,0.872767,0.73,1,True,TP,0.142767,0.0,0.2448,12.785802,-13.846209
Le2i_Home_01_video (19)_w005,Le2i_Home_01_video (19),D:\ONE_DATA\Fall detection\Le2i\data\Home_01\Home_01\Videos\video (19).avi,Home_01,3,FALL,1,0.886698,0.73,1,True,TP,0.156698,0.0,0.1753,12.785802,-13.846209
Le2i_Home_01_video (2)_w000,Le2i_Home_01_video (2),D:\ONE_DATA\Fall detection\Le2i\data\Home_01\Home_01\Videos\video (2).avi,Home_01,3,NORMAL,0,0.0,0.73,0,True,TN,0.73,0.0,0.394,10.485104,-11.973117
Le2i_Home_01_video (2)_w001,Le2i_Home_01_video (2),D:\ONE_DATA\Fall detection\Le2i\data\Home_01\Home_01\Videos\video (2).avi,Home_01,3,NORMAL,0,0.0,0.73,0,True,TN,0.73,0.0,0.3845,10.485104,-11.973117
Le2i_Home_01_video (2)_w002,Le2i_Home_01_video (2),D:\ONE_DATA\Fall detection\Le2i\data\Home_01\Home_01\Videos\video (2).avi,Home_01,3,NORMAL,0,0.0,0.73,0,True,TN,0.73,0.0,0.3954,7.615782,-3.82161
Le2i_Home_01_video (2)_w003,Le2i_Home_01_video (2),D:\ONE_DATA\Fall detection\Le2i\data\Home_01\Home_01\Videos\video (2).avi,Home_01,3,NORMAL,0,1.1e-05,0.73,0,True,TN,0.729989,0.0,0.4118,0.757912,-0.721624
Le2i_Home_01_video (2)_w004,Le2i_Home_01_video (2),D:\ONE_DATA\Fall detection\Le2i\data\Home_01\Home_01\Videos\video (2).avi,Home_01,3,FALL,1,0.927818,0.73,1,True,TP,0.197818,0.0,0.3532,12.773046,-12.773046
Le2i_Home_01_video (2)_w005,Le2i_Home_01_video (2),D:\ONE_DATA\Fall detection\Le2i\data\Home_01\Home_01\Videos\video (2).avi,Home_01,3,FALL,1,0.754926,0.73,1,True,TP,0.024926,0.0,0.3514,12.773046,-12.773046
Le2i_Home_01_video (2)_w006,Le2i_Home_01_video (2),D:\ONE_DATA\Fall detection\Le2i\data\Home_01\Home_01\Videos\video (2).avi,Home_01,3,FALL,1,0.764021,0.73,1,True,TP,0.034021,0.0,0.4111,0.717061,-0.660454
Le2i_Home_01_video (2)_w007,Le2i_Home_01_video (2),D:\ONE_DATA\Fall detection\Le2i\data\Home_01\Home_01\Videos\video (2).avi,Home_01,3,FALL,1,0.764946,0.73,1,True,TP,0.034946,0.0,0.4047,0.547184,-0.660454
Le2i_Home_01_video (20)_w000,Le2i_Home_01_video (20),D:\ONE_DATA\Fall detection\Le2i\data\Home_01\Home_01\Videos\video (20).avi,Home_01,3,NORMAL,0,3e-05,0.73,0,True,TN,0.72997,0.0,0.4137,0.42615,-0.236891
Le2i_Home_01_video (20)_w001,Le2i_Home_01_video (20),D:\ONE_DATA\Fall detection\Le2i\data\Home_01\Home_01\Videos\video (20).avi,Home_01,3,NORMAL,0,1e-05,0.73,0,True,TN,0.72999,0.0,0.3912,0.873029,-0.909829
Le2i_Home_01_video (20)_w002,Le2i_Home_01_video (20),D:\ONE_DATA\Fall detection\Le2i\data\Home_01\Home_01\Videos\video (20).avi,Home_01,3,NORMAL,0,0.0,0.73,0,True,TN,0.73,0.0,0.3541,7.149255,-3.905265
Le2i_Home_01_video (20)_w003,Le2i_Home_01_video (20),D:\ONE_DATA\Fall detection\Le2i\data\Home_01\Home_01\Videos\video (20).avi,Home_01,3,NORMAL,0,0.0,0.73,0,True,TN,0.73,0.0,0.3614,7.149255,-6.808631
Le2i_Home_01_video (20)_w004,Le2i_Home_01_video (20),D:\ONE_DATA\Fall detection\Le2i\data\Home_01\Home_01\Videos\video (20).avi,Home_01,3,NORMAL,0,0.0,0.73,0,True,TN,0.73,0.0,0.399,10.452539,-15.458312
Le2i_Home_01_video (20)_w005,Le2i_Home_01_video (20),D:\ONE_DATA\Fall detection\Le2i\data\Home_01\Home_01\Videos\video (20).avi,Home_01,3,FALL,1,0.831805,0.73,1,True,TP,0.101805,0.0,0.3176,10.452539,-15.458312
Le2i_Home_01_video (20)_w006,Le2i_Home_01_video (20),D:\ONE_DATA\Fall detection\Le2i\data\Home_01\Home_01\Videos\video (20).avi,Home_01,3,NORMAL,0,0.820635,0.73,1,False,FP,0.090635,0.820635,0.3053,8.54468,-8.54468
Le2i_Home_01_video (21)_w000,Le2i_Home_01_video (21),D:\ONE_DATA\Fall detection\Le2i\data\Home_01\Home_01\Videos\video (21).avi,Home_01,3,NORMAL,0,3e-05,0.73,0,True,TN,0.72997,0.0,0.4137,0.42615,-0.236891
Le2i_Home_01_video (21)_w001,Le2i_Home_01_video (21),D:\ONE_DATA\Fall detection\Le2i\data\Home_01\Home_01\Videos\video (21).avi,Home_01,3,NORMAL,0,1e-05,0.73,0,True,TN,0.72999,0.0,0.3912,0.873029,-0.909829
Le2i_Home_01_video (21)_w002,Le2i_Home_01_video (21),D:\ONE_DATA\Fall detection\Le2i\data\Home_01\Home_01\Videos\video (21).avi,Home_01,3,NORMAL,0,0.0,0.73,0,True,TN,0.73,0.0,0.3541,7.149255,-3.905265
Le2i_Home_01_video (21)_w003,Le2i_Home_01_video (21),D:\ONE_DATA\Fall detection\Le2i\data\Home_01\Home_01\Videos\video (21).avi,Home_01,3,NORMAL,0,0.0,0.73,0,True,TN,0.73,0.0,0.3614,7.149255,-6.808631
Le2i_Home_01_video (21)_w004,Le2i_Home_01_video (21),D:\ONE_DATA\Fall detection\Le2i\data\Home_01\Home_01\Videos\video (21).avi,Home_01,3,NORMAL,0,0.0,0.73,0,True,TN,0.73,0.0,0.399,10.452539,-15.458312
Le2i_Home_01_video (21)_w005,Le2i_Home_01_video (21),D:\ONE_DATA\Fall detection\Le2i\data\Home_01\Home_01\Videos\video (21).avi,Home_01,3,NORMAL,0,0.831805,0.73,1,False,FP,0.101805,0.831805,0.3176,10.452539,-15.458312
Le2i_Home_01_video (21)_w006,Le2i_Home_01_video (21),D:\ONE_DATA\Fall detection\Le2i\data\Home_01\Home_01\Videos\video (21).avi,Home_01,3,NORMAL,0,0.820635,0.73,1,False,FP,0.090635,0.820635,0.3053,8.54468,-8.54468
Le2i_Home_01_video (22)_w000,Le2i_Home_01_video (22),D:\ONE_DATA\Fall detection\Le2i\data\Home_01\Home_01\Videos\video (22).avi,Home_01,3,NORMAL,0,2.7e-05,0.73,0,True,TN,0.729973,0.0,0.3813,0.471733,-0.42315
Le2i_Home_01_video (22)_w001,Le2i_Home_01_video (22),D:\ONE_DATA\Fall detection\Le2i\data\Home_01\Home_01\Videos\video (22).avi,Home_01,3,NORMAL,0,1.1e-05,0.73,0,True,TN,0.729989,0.0,0.408,0.487158,-0.436282
Le2i_Home_01_video (22)_w002,Le2i_Home_01_video (22),D:\ONE_DATA\Fall detection\Le2i\data\Home_01\Home_01\Videos\video (22).avi,Home_01,3,NORMAL,0,0.0,0.73,0,True,TN,0.73,0.0,0.3701,8.819821,-22.906008
Le2i_Home_01_video (22)_w003,Le2i_Home_01_video (22),D:\ONE_DATA\Fall detection\Le2i\data\Home_01\Home_01\Videos\video (22).avi,Home_01,3,NORMAL,0,0.0,0.73,0,True,TN,0.73,0.0,0.3412,9.88769,-22.906008
Le2i_Home_01_video (22)_w004,Le2i_Home_01_video (22),D:\ONE_DATA\Fall detection\Le2i\data\Home_01\Home_01\Videos\video (22).avi,Home_01,3,NORMAL,0,0.544459,0.73,0,True,TN,0.185541,0.0,0.3303,13.763229,-13.278073
Le2i_Home_01_video (22)_w005,Le2i_Home_01_video (22),D:\ONE_DATA\Fall detection\Le2i\data\Home_01\Home_01\Videos\video (22).avi,Home_01,3,FALL,1,0.893015,0.73,1,True,TP,0.163015,0.0,0.2016,13.763229,-13.278073
Le2i_Home_01_video (22)_w006,Le2i_Home_01_video (22),D:\ONE_DATA\Fall detection\Le2i\data\Home_01\Home_01\Videos\video (22).avi,Home_01,3,FALL,1,0.954001,0.73,1,True,TP,0.224001,0.0,0.0593,7.979847,-10.554117
Le2i_Home_01_video (22)_w007,Le2i_Home_01_video (22),D:\ONE_DATA\Fall detection\Le2i\data\Home_01\Home_01\Videos\video (22).avi,Home_01,3,FALL,1,0.925756,0.73,1,True,TP,0.195756,0.0,0.008,6.017555,-6.017555
Le2i_Home_01_video (23)_w000,Le2i_Home_01_video (23),D:\ONE_DATA\Fall detection\Le2i\data\Home_01\Home_01\Videos\video (23).avi,Home_01,3,NORMAL,0,1.1e-05,0.73,0,True,TN,0.729989,0.0,0.4006,0.360066,-0.312196
Le2i_Home_01_video (23)_w001,Le2i_Home_01_video (23),D:\ONE_DATA\Fall detection\Le2i\data\Home_01\Home_01\Videos\video (23).avi,Home_01,3,NORMAL,0,1.9e-05,0.73,0,True,TN,0.729981,0.0,0.3937,0.438277,-0.436393
Le2i_Home_01_video (23)_w002,Le2i_Home_01_video (23),D:\ONE_DATA\Fall detection\Le2i\data\Home_01\Home_01\Videos\video (23).avi,Home_01,3,NORMAL,0,1e-06,0.73,0,True,TN,0.729999,0.0,0.3984,2.14938,-3.713453
Le2i_Home_01_video (23)_w003,Le2i_Home_01_video (23),D:\ONE_DATA\Fall detection\Le2i\data\Home_01\Home_01\Videos\video (23).avi,Home_01,3,NORMAL,0,0.0,0.73,0,True,TN,0.73,0.0,0.3794,16.116488,-23.153551
Le2i_Home_01_video (23)_w004,Le2i_Home_01_video (23),D:\ONE_DATA\Fall detection\Le2i\data\Home_01\Home_01\Videos\video (23).avi,Home_01,3,NORMAL,0,0.0,0.73,0,True,TN,0.73,0.0,0.3611,16.116488,-23.153551
Le2i_Home_01_video (23)_w005,Le2i_Home_01_video (23),D:\ONE_DATA\Fall detection\Le2i\data\Home_01\Home_01\Videos\video (23).avi,Home_01,3,NORMAL,0,0.859164,0.73,1,False,FP,0.129164,0.859164,0.3397,11.287455,-11.287455
Le2i_Home_01_video (23)_w006,Le2i_Home_01_video (23),D:\ONE_DATA\Fall detection\Le2i\data\Home_01\Home_01\Videos\video (23).avi,Home_01,3,NORMAL,0,0.9556,0.73,1,False,FP,0.2256,0.9556,0.2472,11.287455,-11.993891
Le2i_Home_01_video (23)_w007,Le2i_Home_01_video (23),D:\ONE_DATA\Fall detection\Le2i\data\Home_01\Home_01\Videos\video (23).avi,Home_01,3,FALL,1,0.867577,0.73,1,True,TP,0.137577,0.0,0.1726,7.844924,-6.848778
Le2i_Home_01_video (24)_w000,Le2i_Home_01_video (24),D:\ONE_DATA\Fall detection\Le2i\data\Home_01\Home_01\Videos\video (24).avi,Home_01,3,NORMAL,0,1e-06,0.73,0,True,TN,0.729999,0.0,0.4223,0.324548,-0.321381
Le2i_Home_01_video (24)_w001,Le2i_Home_01_video (24),D:\ONE_DATA\Fall detection\Le2i\data\Home_01\Home_01\Videos\video (24).avi,Home_01,3,NORMAL,0,0.0,0.73,0,True,TN,0.73,0.0,0.4027,3.901388,-5.567277
Le2i_Home_01_video (24)_w002,Le2i_Home_01_video (24),D:\ONE_DATA\Fall detection\Le2i\data\Home_01\Home_01\Videos\video (24).avi,Home_01,3,NORMAL,0,0.0,0.73,0,True,TN,0.73,0.0,0.3906,30.63332,-47.209717
Le2i_Home_01_video (24)_w003,Le2i_Home_01_video (24),D:\ONE_DATA\Fall detection\Le2i\data\Home_01\Home_01\Videos\video (24).avi,Home_01,3,NORMAL,0,0.0,0.73,0,True,TN,0.73,0.0,0.4039,30.63332,-47.209717
Le2i_Home_01_video (24)_w004,Le2i_Home_01_video (24),D:\ONE_DATA\Fall detection\Le2i\data\Home_01\Home_01\Videos\video (24).avi,Home_01,3,FALL,1,0.982207,0.73,1,True,TP,0.252207,0.0,0.3611,9.964032,-8.825446
Le2i_Home_01_video (24)_w005,Le2i_Home_01_video (24),D:\ONE_DATA\Fall detection\Le2i\data\Home_01\Home_01\Videos\video (24).avi,Home_01,3,FALL,1,0.83606,0.73,1,True,TP,0.10606,0.0,0.3228,9.964032,-8.825446
Le2i_Home_01_video (25)_w000,Le2i_Home_01_video (25),D:\ONE_DATA\Fall detection\Le2i\data\Home_01\Home_01\Videos\video (25).avi,Home_01,3,NORMAL,0,1e-06,0.73,0,True,TN,0.729999,0.0,0.4007,0.335942,-0.328977
Le2i_Home_01_video (25)_w001,Le2i_Home_01_video (25),D:\ONE_DATA\Fall detection\Le2i\data\Home_01\Home_01\Videos\video (25).avi,Home_01,3,NORMAL,0,2e-06,0.73,0,True,TN,0.729998,0.0,0.3964,0.32369,-0.343797
Le2i_Home_01_video (25)_w002,Le2i_Home_01_video (25),D:\ONE_DATA\Fall detection\Le2i\data\Home_01\Home_01\Videos\video (25).avi,Home_01,3,NORMAL,0,0.0,0.73,0,True,TN,0.73,0.0,0.3814,1.516299,-1.383091
Le2i_Home_01_video (25)_w003,Le2i_Home_01_video (25),D:\ONE_DATA\Fall detection\Le2i\data\Home_01\Home_01\Videos\video (25).avi,Home_01,3,NORMAL,0,0.0,0.73,0,True,TN,0.73,0.0,0.3919,1.516299,-1.383091
Le2i_Home_01_video (25)_w004,Le2i_Home_01_video (25),D:\ONE_DATA\Fall detection\Le2i\data\Home_01\Home_01\Videos\video (25).avi,Home_01,3,NORMAL,0,0.0,0.73,0,True,TN,0.73,0.0,0.4173,1.451236,-1.040856
Le2i_Home_01_video (25)_w005,Le2i_Home_01_video (25),D:\ONE_DATA\Fall detection\Le2i\data\Home_01\Home_01\Videos\video (25).avi,Home_01,3,NORMAL,0,0.015903,0.73,0,True,TN,0.714097,0.0,0.4059,5.443889,-2.50983
Le2i_Home_01_video (25)_w006,Le2i_Home_01_video (25),D:\ONE_DATA\Fall detection\Le2i\data\Home_01\Home_01\Videos\video (25).avi,Home_01,3,FALL,1,0.93641,0.73,1,True,TP,0.20641,0.0,0.318,12.653342,-7.573478
Le2i_Home_01_video (26)_w000,Le2i_Home_01_video (26),D:\ONE_DATA\Fall detection\Le2i\data\Home_01\Home_01\Videos\video (26).avi,Home_01,3,NORMAL,0,5e-06,0.73,0,True,TN,0.729995,0.0,0.3873,0.418132,-0.40247
Le2i_Home_01_video (26)_w001,Le2i_Home_01_video (26),D:\ONE_DATA\Fall detection\Le2i\data\Home_01\Home_01\Videos\video (26).avi,Home_01,3,NORMAL,0,0.0,0.73,0,True,TN,0.73,0.0,0.3863,1.106725,-1.400515
Le2i_Home_01_video (26)_w002,Le2i_Home_01_video (26),D:\ONE_DATA\Fall detection\Le2i\data\Home_01\Home_01\Videos\video (26).avi,Home_01,3,NORMAL,0,0.0,0.73,0,True,TN,0.73,0.0,0.3825,1.358201,-1.400515
Le2i_Home_01_video (26)_w003,Le2i_Home_01_video (26),D:\ONE_DATA\Fall detection\Le2i\data\Home_01\Home_01\Videos\video (26).avi,Home_01,3,NORMAL,0,0.0,0.73,0,True,TN,0.73,0.0,0.4019,1.358201,-1.214785
Le2i_Home_01_video (26)_w004,Le2i_Home_01_video (26),D:\ONE_DATA\Fall detection\Le2i\data\Home_01\Home_01\Videos\video (26).avi,Home_01,3,FALL,1,0.99683,0.73,1,True,TP,0.26683,0.0,0.3985,10.344041,-15.650091
Le2i_Home_01_video (26)_w005,Le2i_Home_01_video (26),D:\ONE_DATA\Fall detection\Le2i\data\Home_01\Home_01\Videos\video (26).avi,Home_01,3,FALL,1,0.880351,0.73,1,True,TP,0.150351,0.0,0.3871,10.344041,-15.650091
Le2i_Home_01_video (26)_w006,Le2i_Home_01_video (26),D:\ONE_DATA\Fall detection\Le2i\data\Home_01\Home_01\Videos\video (26).avi,Home_01,3,FALL,1,0.770651,0.73,1,True,TP,0.040651,0.0,0.4025,0.580359,-0.913217
Le2i_Home_01_video (27)_w000,Le2i_Home_01_video (27),D:\ONE_DATA\Fall detection\Le2i\data\Home_01\Home_01\Videos\video (27).avi,Home_01,3,NORMAL,0,7e-06,0.73,0,True,TN,0.729993,0.0,0.3701,0.144275,-0.138947
Le2i_Home_01_video (27)_w001,Le2i_Home_01_video (27),D:\ONE_DATA\Fall detection\Le2i\data\Home_01\Home_01\Videos\video (27).avi,Home_01,3,NORMAL,0,6e-06,0.73,0,True,TN,0.729994,0.0,0.3774,0.705049,-0.604497
Le2i_Home_01_video (27)_w002,Le2i_Home_01_video (27),D:\ONE_DATA\Fall detection\Le2i\data\Home_01\Home_01\Videos\video (27).avi,Home_01,3,NORMAL,0,0.0,0.73,0,True,TN,0.73,0.0,0.3733,1.658924,-1.641043
Le2i_Home_01_video (27)_w003,Le2i_Home_01_video (27),D:\ONE_DATA\Fall detection\Le2i\data\Home_01\Home_01\Videos\video (27).avi,Home_01,3,NORMAL,0,0.0,0.73,0,True,TN,0.73,0.0,0.3864,1.912517,-2.020726
Le2i_Home_01_video (27)_w004,Le2i_Home_01_video (27),D:\ONE_DATA\Fall detection\Le2i\data\Home_01\Home_01\Videos\video (27).avi,Home_01,3,NORMAL,0,0.0,0.73,0,True,TN,0.73,0.0,0.4184,1.912517,-2.020726
Le2i_Home_01_video (27)_w005,Le2i_Home_01_video (27),D:\ONE_DATA\Fall detection\Le2i\data\Home_01\Home_01\Videos\video (27).avi,Home_01,3,NORMAL,0,0.999477,0.73,1,False,FP,0.269477,0.999477,0.436,2.356868,-2.911295
Le2i_Home_01_video (27)_w006,Le2i_Home_01_video (27),D:\ONE_DATA\Fall detection\Le2i\data\Home_01\Home_01\Videos\video (27).avi,Home_01,3,NORMAL,0,0.989659,0.73,1,False,FP,0.259659,0.989659,0.4246,9.768919,-13.291708
Le2i_Home_01_video (27)_w007,Le2i_Home_01_video (27),D:\ONE_DATA\Fall detection\Le2i\data\Home_01\Home_01\Videos\video (27).avi,Home_01,3,FALL,1,0.795272,0.73,1,True,TP,0.065272,0.0,0.4093,9.768919,-13.291708
Le2i_Home_01_video (28)_w000,Le2i_Home_01_video (28),D:\ONE_DATA\Fall detection\Le2i\data\Home_01\Home_01\Videos\video (28).avi,Home_01,3,NORMAL,0,3e-06,0.73,0,True,TN,0.729997,0.0,0.4363,0.117605,-0.153977
Le2i_Home_01_video (28)_w001,Le2i_Home_01_video (28),D:\ONE_DATA\Fall detection\Le2i\data\Home_01\Home_01\Videos\video (28).avi,Home_01,3,NORMAL,0,0.0,0.73,0,True,TN,0.73,0.0,0.4362,0.408821,-1.043784
Le2i_Home_01_video (28)_w002,Le2i_Home_01_video (28),D:\ONE_DATA\Fall detection\Le2i\data\Home_01\Home_01\Videos\video (28).avi,Home_01,3,NORMAL,0,0.0,0.73,0,True,TN,0.73,0.0,0.4284,1.597846,-1.619399
Le2i_Home_01_video (28)_w003,Le2i_Home_01_video (28),D:\ONE_DATA\Fall detection\Le2i\data\Home_01\Home_01\Videos\video (28).avi,Home_01,3,NORMAL,0,0.0,0.73,0,True,TN,0.73,0.0,0.4052,1.597846,-1.422979
Le2i_Home_01_video (28)_w004,Le2i_Home_01_video (28),D:\ONE_DATA\Fall detection\Le2i\data\Home_01\Home_01\Videos\video (28).avi,Home_01,3,NORMAL,0,3e-06,0.73,0,True,TN,0.729997,0.0,0.3852,0.776606,-0.374208
Le2i_Home_01_video (28)_w005,Le2i_Home_01_video (28),D:\ONE_DATA\Fall detection\Le2i\data\Home_01\Home_01\Videos\video (28).avi,Home_01,3,NORMAL,0,0.000128,0.73,0,True,TN,0.729872,0.0,0.395,2.850018,-2.643701
Le2i_Home_01_video (28)_w006,Le2i_Home_01_video (28),D:\ONE_DATA\Fall detection\Le2i\data\Home_01\Home_01\Videos\video (28).avi,Home_01,3,FALL,1,1.0,0.73,1,True,TP,0.27,0.0,0.3402,115.41481,-134.061401
Le2i_Home_01_video (29)_w000,Le2i_Home_01_video (29),D:\ONE_DATA\Fall detection\Le2i\data\Home_01\Home_01\Videos\video (29).avi,Home_01,3,NORMAL,0,3e-06,0.73,0,True,TN,0.729997,0.0,0.4173,0.460878,-0.376664
Le2i_Home_01_video (29)_w001,Le2i_Home_01_video (29),D:\ONE_DATA\Fall detection\Le2i\data\Home_01\Home_01\Videos\video (29).avi,Home_01,3,NORMAL,0,4e-06,0.73,0,True,TN,0.729996,0.0,0.4152,0.460878,-0.509531
Le2i_Home_01_video (29)_w002,Le2i_Home_01_video (29),D:\ONE_DATA\Fall detection\Le2i\data\Home_01\Home_01\Videos\video (29).avi,Home_01,3,NORMAL,0,0.0,0.73,0,True,TN,0.73,0.0,0.4038,3.22004,-2.977499
Le2i_Home_01_video (29)_w003,Le2i_Home_01_video (29),D:\ONE_DATA\Fall detection\Le2i\data\Home_01\Home_01\Videos\video (29).avi,Home_01,3,NORMAL,0,0.0,0.73,0,True,TN,0.73,0.0,0.3832,3.22004,-2.977499
Le2i_Home_01_video (29)_w004,Le2i_Home_01_video (29),D:\ONE_DATA\Fall detection\Le2i\data\Home_01\Home_01\Videos\video (29).avi,Home_01,3,NORMAL,0,6e-06,0.73,0,True,TN,0.729994,0.0,0.4055,0.661884,-0.542404
Le2i_Home_01_video (29)_w005,Le2i_Home_01_video (29),D:\ONE_DATA\Fall detection\Le2i\data\Home_01\Home_01\Videos\video (29).avi,Home_01,3,FALL,1,0.999961,0.73,1,True,TP,0.269961,0.0,0.3589,9.326508,-56.174984
Le2i_Home_01_video (29)_w006,Le2i_Home_01_video (29),D:\ONE_DATA\Fall detection\Le2i\data\Home_01\Home_01\Videos\video (29).avi,Home_01,3,FALL,1,0.999338,0.73,1,True,TP,0.269338,0.0,0.2306,21.340433,-56.174984
Le2i_Home_01_video (29)_w007,Le2i_Home_01_video (29),D:\ONE_DATA\Fall detection\Le2i\data\Home_01\Home_01\Videos\video (29).avi,Home_01,3,FALL,1,0.855322,0.73,1,True,TP,0.125322,0.0,0.2066,21.340433,-12.397881
Le2i_Home_01_video (29)_w008,Le2i_Home_01_video (29),D:\ONE_DATA\Fall detection\Le2i\data\Home_01\Home_01\Videos\video (29).avi,Home_01,3,FALL,1,0.871883,0.73,1,True,TP,0.141883,0.0,0.2449,4.761917,-6.202497
Le2i_Home_01_video (3)_w000,Le2i_Home_01_video (3),D:\ONE_DATA\Fall detection\Le2i\data\Home_01\Home_01\Videos\video (3).avi,Home_01,3,NORMAL,0,0.0,0.73,0,True,TN,0.73,0.0,0.394,10.485104,-11.973117
Le2i_Home_01_video (3)_w001,Le2i_Home_01_video (3),D:\ONE_DATA\Fall detection\Le2i\data\Home_01\Home_01\Videos\video (3).avi,Home_01,3,NORMAL,0,0.0,0.73,0,True,TN,0.73,0.0,0.3845,10.485104,-11.973117
Le2i_Home_01_video (3)_w002,Le2i_Home_01_video (3),D:\ONE_DATA\Fall detection\Le2i\data\Home_01\Home_01\Videos\video (3).avi,Home_01,3,NORMAL,0,0.0,0.73,0,True,TN,0.73,0.0,0.3954,7.615782,-3.82161
Le2i_Home_01_video (3)_w003,Le2i_Home_01_video (3),D:\ONE_DATA\Fall detection\Le2i\data\Home_01\Home_01\Videos\video (3).avi,Home_01,3,NORMAL,0,1.1e-05,0.73,0,True,TN,0.729989,0.0,0.4118,0.757912,-0.721624
Le2i_Home_01_video (3)_w004,Le2i_Home_01_video (3),D:\ONE_DATA\Fall detection\Le2i\data\Home_01\Home_01\Videos\video (3).avi,Home_01,3,FALL,1,0.927818,0.73,1,True,TP,0.197818,0.0,0.3532,12.773046,-12.773046
Le2i_Home_01_video (3)_w005,Le2i_Home_01_video (3),D:\ONE_DATA\Fall detection\Le2i\data\Home_01\Home_01\Videos\video (3).avi,Home_01,3,FALL,1,0.754926,0.73,1,True,TP,0.024926,0.0,0.3514,12.773046,-12.773046
Le2i_Home_01_video (3)_w006,Le2i_Home_01_video (3),D:\ONE_DATA\Fall detection\Le2i\data\Home_01\Home_01\Videos\video (3).avi,Home_01,3,FALL,1,0.764021,0.73,1,True,TP,0.034021,0.0,0.4111,0.717061,-0.660454
Le2i_Home_01_video (3)_w007,Le2i_Home_01_video (3),D:\ONE_DATA\Fall detection\Le2i\data\Home_01\Home_01\Videos\video (3).avi,Home_01,3,FALL,1,0.764946,0.73,1,True,TP,0.034946,0.0,0.4047,0.547184,-0.660454
Le2i_Home_01_video (30)_w000,Le2i_Home_01_video (30),D:\ONE_DATA\Fall detection\Le2i\data\Home_01\Home_01\Videos\video (30).avi,Home_01,3,NORMAL,0,0.0,0.73,0,True,TN,0.73,0.0,0.3615,6.338644,-2.847898
Le2i_Home_01_video (30)_w001,Le2i_Home_01_video (30),D:\ONE_DATA\Fall detection\Le2i\data\Home_01\Home_01\Videos\video (30).avi,Home_01,3,NORMAL,0,0.0,0.73,0,True,TN,0.73,0.0,0.3795,6.338644,-2.847898
Le2i_Home_01_video (30)_w002,Le2i_Home_01_video (30),D:\ONE_DATA\Fall detection\Le2i\data\Home_01\Home_01\Videos\video (30).avi,Home_01,3,NORMAL,0,0.0,0.73,0,True,TN,0.73,0.0,0.4075,1.157841,-1.270864
Le2i_Home_01_video (30)_w003,Le2i_Home_01_video (30),D:\ONE_DATA\Fall detection\Le2i\data\Home_01\Home_01\Videos\video (30).avi,Home_01,3,NORMAL,0,1.1e-05,0.73,0,True,TN,0.729989,0.0,0.4279,0.762485,-0.361328
Le2i_Home_01_video (30)_w004,Le2i_Home_01_video (30),D:\ONE_DATA\Fall detection\Le2i\data\Home_01\Home_01\Videos\video (30).avi,Home_01,3,FALL,1,0.808454,0.73,1,True,TP,0.078454,0.0,0.4108,0.701625,-0.856209
Le2i_Home_01_video (30)_w005,Le2i_Home_01_video (30),D:\ONE_DATA\Fall detection\Le2i\data\Home_01\Home_01\Videos\video (30).avi,Home_01,3,FALL,1,0.694023,0.73,0,False,FN,0.035977,0.305977,0.3928,0.701625,-0.856209
Le2i_Home_01_video (4)_w000,Le2i_Home_01_video (4),D:\ONE_DATA\Fall detection\Le2i\data\Home_01\Home_01\Videos\video (4).avi,Home_01,3,NORMAL,0,0.0,0.73,0,True,TN,0.73,0.0,0.3949,0.483224,-1.073928
Le2i_Home_01_video (4)_w001,Le2i_Home_01_video (4),D:\ONE_DATA\Fall detection\Le2i\data\Home_01\Home_01\Videos\video (4).avi,Home_01,3,NORMAL,0,0.0,0.73,0,True,TN,0.73,0.0,0.4046,3.017264,-2.548093
Le2i_Home_01_video (4)_w002,Le2i_Home_01_video (4),D:\ONE_DATA\Fall detection\Le2i\data\Home_01\Home_01\Videos\video (4).avi,Home_01,3,NORMAL,0,0.0,0.73,0,True,TN,0.73,0.0,0.4158,3.017264,-2.548093
Le2i_Home_01_video (4)_w003,Le2i_Home_01_video (4),D:\ONE_DATA\Fall detection\Le2i\data\Home_01\Home_01\Videos\video (4).avi,Home_01,3,NORMAL,0,0.0,0.73,0,True,TN,0.73,0.0,0.4172,1.47115,-1.314929
Le2i_Home_01_video (4)_w004,Le2i_Home_01_video (4),D:\ONE_DATA\Fall detection\Le2i\data\Home_01\Home_01\Videos\video (4).avi,Home_01,3,NORMAL,0,7e-06,0.73,0,True,TN,0.729993,0.0,0.4215,1.353169,-0.929229
Le2i_Home_01_video (4)_w005,Le2i_Home_01_video (4),D:\ONE_DATA\Fall detection\Le2i\data\Home_01\Home_01\Videos\video (4).avi,Home_01,3,FALL,1,0.990736,0.73,1,True,TP,0.260736,0.0,0.346,8.848905,-9.869656
Le2i_Home_01_video (4)_w006,Le2i_Home_01_video (4),D:\ONE_DATA\Fall detection\Le2i\data\Home_01\Home_01\Videos\video (4).avi,Home_01,3,FALL,1,0.820479,0.73,1,True,TP,0.090479,0.0,0.3082,8.848905,-9.869656
Le2i_Home_01_video (4)_w007,Le2i_Home_01_video (4),D:\ONE_DATA\Fall detection\Le2i\data\Home_01\Home_01\Videos\video (4).avi,Home_01,3,FALL,1,0.769274,0.73,1,True,TP,0.039274,0.0,0.3523,2.138928,-1.881545
Le2i_Home_01_video (5)_w000,Le2i_Home_01_video (5),D:\ONE_DATA\Fall detection\Le2i\data\Home_01\Home_01\Videos\video (5).avi,Home_01,3,NORMAL,0,0.0,0.73,0,True,TN,0.73,0.0,0.4141,0.67797,-0.874393
Le2i_Home_01_video (5)_w001,Le2i_Home_01_video (5),D:\ONE_DATA\Fall detection\Le2i\data\Home_01\Home_01\Videos\video (5).avi,Home_01,3,NORMAL,0,0.0,0.73,0,True,TN,0.73,0.0,0.3852,0.377149,-0.316474
Le2i_Home_01_video (5)_w002,Le2i_Home_01_video (5),D:\ONE_DATA\Fall detection\Le2i\data\Home_01\Home_01\Videos\video (5).avi,Home_01,3,NORMAL,0,0.971508,0.73,1,False,FP,0.241508,0.971508,0.3414,18.203659,-18.233448
Le2i_Home_01_video (5)_w003,Le2i_Home_01_video (5),D:\ONE_DATA\Fall detection\Le2i\data\Home_01\Home_01\Videos\video (5).avi,Home_01,3,FALL,1,0.957721,0.73,1,True,TP,0.227721,0.0,0.238,18.203659,-18.233448
Le2i_Home_01_video (5)_w004,Le2i_Home_01_video (5),D:\ONE_DATA\Fall detection\Le2i\data\Home_01\Home_01\Videos\video (5).avi,Home_01,3,FALL,1,0.753639,0.73,1,True,TP,0.023639,0.0,0.0631,3.956764,-6.541348
Le2i_Home_01_video (5)_w005,Le2i_Home_01_video (5),D:\ONE_DATA\Fall detection\Le2i\data\Home_01\Home_01\Videos\video (5).avi,Home_01,3,FALL,1,0.628011,0.73,0,False,FN,0.101989,0.371989,0.0,0.0,0.0
Le2i_Home_01_video (6)_w000,Le2i_Home_01_video (6),D:\ONE_DATA\Fall detection\Le2i\data\Home_01\Home_01\Videos\video (6).avi,Home_01,3,NORMAL,0,0.0,0.73,0,True,TN,0.73,0.0,0.399,0.478124,-0.20499
Le2i_Home_01_video (6)_w001,Le2i_Home_01_video (6),D:\ONE_DATA\Fall detection\Le2i\data\Home_01\Home_01\Videos\video (6).avi,Home_01,3,NORMAL,0,1e-06,0.73,0,True,TN,0.729999,0.0,0.352,0.652518,-0.492378
Le2i_Home_01_video (6)_w002,Le2i_Home_01_video (6),D:\ONE_DATA\Fall detection\Le2i\data\Home_01\Home_01\Videos\video (6).avi,Home_01,3,NORMAL,0,2.1e-05,0.73,0,True,TN,0.729979,0.0,0.354,0.652518,-0.492378
Le2i_Home_01_video (6)_w003,Le2i_Home_01_video (6),D:\ONE_DATA\Fall detection\Le2i\data\Home_01\Home_01\Videos\video (6).avi,Home_01,3,FALL,1,0.620103,0.73,0,False,FN,0.109897,0.379897,0.3181,4.390051,-0.934711
Le2i_Home_01_video (6)_w004,Le2i_Home_01_video (6),D:\ONE_DATA\Fall detection\Le2i\data\Home_01\Home_01\Videos\video (6).avi,Home_01,3,FALL,1,0.951376,0.73,1,True,TP,0.221376,0.0,0.3169,6.277451,-6.689172
Le2i_Home_01_video (6)_w005,Le2i_Home_01_video (6),D:\ONE_DATA\Fall detection\Le2i\data\Home_01\Home_01\Videos\video (6).avi,Home_01,3,FALL,1,0.785452,0.73,1,True,TP,0.055452,0.0,0.4071,6.277451,-6.689172
Le2i_Home_01_video (7)_w000,Le2i_Home_01_video (7),D:\ONE_DATA\Fall detection\Le2i\data\Home_01\Home_01\Videos\video (7).avi,Home_01,3,NORMAL,0,0.0,0.73,0,True,TN,0.73,0.0,0.389,0.238703,-0.288628
Le2i_Home_01_video (7)_w001,Le2i_Home_01_video (7),D:\ONE_DATA\Fall detection\Le2i\data\Home_01\Home_01\Videos\video (7).avi,Home_01,3,NORMAL,0,0.0,0.73,0,True,TN,0.73,0.0,0.4006,0.225455,-0.288628
Le2i_Home_01_video (7)_w002,Le2i_Home_01_video (7),D:\ONE_DATA\Fall detection\Le2i\data\Home_01\Home_01\Videos\video (7).avi,Home_01,3,NORMAL,0,0.0,0.73,0,True,TN,0.73,0.0,0.4074,0.140786,-0.14115
Le2i_Home_01_video (7)_w003,Le2i_Home_01_video (7),D:\ONE_DATA\Fall detection\Le2i\data\Home_01\Home_01\Videos\video (7).avi,Home_01,3,NORMAL,0,5e-06,0.73,0,True,TN,0.729995,0.0,0.3838,0.10964,-0.116473
Le2i_Home_01_video (7)_w004,Le2i_Home_01_video (7),D:\ONE_DATA\Fall detection\Le2i\data\Home_01\Home_01\Videos\video (7).avi,Home_01,3,FALL,1,0.709913,0.73,0,False,FN,0.020087,0.290087,0.3547,10.783785,-10.783785
Le2i_Home_01_video (7)_w005,Le2i_Home_01_video (7),D:\ONE_DATA\Fall detection\Le2i\data\Home_01\Home_01\Videos\video (7).avi,Home_01,3,FALL,1,0.923572,0.73,1,True,TP,0.193572,0.0,0.3705,10.783785,-10.783785
Le2i_Home_01_video (7)_w006,Le2i_Home_01_video (7),D:\ONE_DATA\Fall detection\Le2i\data\Home_01\Home_01\Videos\video (7).avi,Home_01,3,NORMAL,0,0.831459,0.73,1,False,FP,0.101459,0.831459,0.4054,2.316308,-2.154628
Le2i_Home_01_video (8)_w000,Le2i_Home_01_video (8),D:\ONE_DATA\Fall detection\Le2i\data\Home_01\Home_01\Videos\video (8).avi,Home_01,3,NORMAL,0,0.0,0.73,0,True,TN,0.73,0.0,0.3689,1.50798,-1.979119
Le2i_Home_01_video (8)_w001,Le2i_Home_01_video (8),D:\ONE_DATA\Fall detection\Le2i\data\Home_01\Home_01\Videos\video (8).avi,Home_01,3,NORMAL,0,0.0,0.73,0,True,TN,0.73,0.0,0.4675,0.153019,-0.16581
Le2i_Home_01_video (8)_w002,Le2i_Home_01_video (8),D:\ONE_DATA\Fall detection\Le2i\data\Home_01\Home_01\Videos\video (8).avi,Home_01,3,NORMAL,0,0.0,0.73,0,True,TN,0.73,0.0,0.4787,0.153019,-0.202319
Le2i_Home_01_video (8)_w003,Le2i_Home_01_video (8),D:\ONE_DATA\Fall detection\Le2i\data\Home_01\Home_01\Videos\video (8).avi,Home_01,3,NORMAL,0,0.019824,0.73,0,True,TN,0.710176,0.0,0.4708,7.285041,-16.979641
Le2i_Home_01_video (8)_w004,Le2i_Home_01_video (8),D:\ONE_DATA\Fall detection\Le2i\data\Home_01\Home_01\Videos\video (8).avi,Home_01,3,FALL,1,0.970861,0.73,1,True,TP,0.240861,0.0,0.4293,11.389482,-16.979641
Le2i_Home_01_video (8)_w005,Le2i_Home_01_video (8),D:\ONE_DATA\Fall detection\Le2i\data\Home_01\Home_01\Videos\video (8).avi,Home_01,3,FALL,1,0.994829,0.73,1,True,TP,0.264829,0.0,0.3835,60.83852,-40.977417
Le2i_Home_01_video (8)_w006,Le2i_Home_01_video (8),D:\ONE_DATA\Fall detection\Le2i\data\Home_01\Home_01\Videos\video (8).avi,Home_01,3,FALL,1,0.998587,0.73,1,True,TP,0.268587,0.0,0.408,60.83852,-40.977417
Le2i_Home_01_video (8)_w007,Le2i_Home_01_video (8),D:\ONE_DATA\Fall detection\Le2i\data\Home_01\Home_01\Videos\video (8).avi,Home_01,3,FALL,1,0.830934,0.73,1,True,TP,0.100934,0.0,0.4643,4.00538,-7.278842
Le2i_Home_01_video (8)_w008,Le2i_Home_01_video (8),D:\ONE_DATA\Fall detection\Le2i\data\Home_01\Home_01\Videos\video (8).avi,Home_01,3,FALL,1,1e-06,0.73,0,False,FN,0.729999,0.999999,0.4465,0.209919,-0.1287
Le2i_Home_01_video (8)_w009,Le2i_Home_01_video (8),D:\ONE_DATA\Fall detection\Le2i\data\Home_01\Home_01\Videos\video (8).avi,Home_01,3,FALL,1,0.000217,0.73,0,False,FN,0.729783,0.999783,0.2586,2.658484,-0.397981
Le2i_Home_01_video (9)_w000,Le2i_Home_01_video (9),D:\ONE_DATA\Fall detection\Le2i\data\Home_01\Home_01\Videos\video (9).avi,Home_01,3,NORMAL,0,0.628011,0.73,0,True,TN,0.101989,0.0,0.0,0.0,0.0
Le2i_Home_01_video (9)_w001,Le2i_Home_01_video (9),D:\ONE_DATA\Fall detection\Le2i\data\Home_01\Home_01\Videos\video (9).avi,Home_01,3,NORMAL,0,4e-06,0.73,0,True,TN,0.729996,0.0,0.0838,1.830189,-1.808457
Le2i_Home_01_video (9)_w002,Le2i_Home_01_video (9),D:\ONE_DATA\Fall detection\Le2i\data\Home_01\Home_01\Videos\video (9).avi,Home_01,3,NORMAL,0,0.0,0.73,0,True,TN,0.73,0.0,0.3109,1.830189,-1.808457
Le2i_Home_01_video (9)_w003,Le2i_Home_01_video (9),D:\ONE_DATA\Fall detection\Le2i\data\Home_01\Home_01\Videos\video (9).avi,Home_01,3,NORMAL,0,0.0,0.73,0,True,TN,0.73,0.0,0.4655,0.127179,-0.132247
Le2i_Home_01_video (9)_w004,Le2i_Home_01_video (9),D:\ONE_DATA\Fall detection\Le2i\data\Home_01\Home_01\Videos\video (9).avi,Home_01,3,NORMAL,0,3e-06,0.73,0,True,TN,0.729997,0.0,0.4761,1.224735,-2.871638
Le2i_Home_01_video (9)_w005,Le2i_Home_01_video (9),D:\ONE_DATA\Fall detection\Le2i\data\Home_01\Home_01\Videos\video (9).avi,Home_01,3,FALL,1,0.999861,0.73,1,True,TP,0.269861,0.0,0.4198,19.2416,-20.609703
Le2i_Home_01_video (9)_w006,Le2i_Home_01_video (9),D:\ONE_DATA\Fall detection\Le2i\data\Home_01\Home_01\Videos\video (9).avi,Home_01,3,FALL,1,0.991299,0.73,1,True,TP,0.261299,0.0,0.3731,19.2416,-20.609703
Le2i_Home_01_video (9)_w007,Le2i_Home_01_video (9),D:\ONE_DATA\Fall detection\Le2i\data\Home_01\Home_01\Videos\video (9).avi,Home_01,3,FALL,1,0.960249,0.73,1,True,TP,0.230249,0.0,0.4246,6.871098,-6.871037
Le2i_Home_01_video (9)_w008,Le2i_Home_01_video (9),D:\ONE_DATA\Fall detection\Le2i\data\Home_01\Home_01\Videos\video (9).avi,Home_01,3,FALL,1,3e-06,0.73,0,False,FN,0.729997,0.999997,0.4614,4.22044,-1.68423
Le2i_Home_01_video (9)_w009,Le2i_Home_01_video (9),D:\ONE_DATA\Fall detection\Le2i\data\Home_01\Home_01\Videos\video (9).avi,Home_01,3,FALL,1,1e-06,0.73,0,False,FN,0.729999,0.999999,0.3858,0.606922,-0.270498
Le2i_Home_01_video (9)_w010,Le2i_Home_01_video (9),D:\ONE_DATA\Fall detection\Le2i\data\Home_01\Home_01\Videos\video (9).avi,Home_01,3,FALL,1,0.475476,0.73,0,False,FN,0.254524,0.524524,0.1755,3.84708,-0.98942
Le2i_Home_01_video (9)_w011,Le2i_Home_01_video (9),D:\ONE_DATA\Fall detection\Le2i\data\Home_01\Home_01\Videos\video (9).avi,Home_01,3,FALL,1,0.694,0.73,0,False,FN,0.036,0.306,0.0175,3.84708,-0.98942
Le2i_Home_02_video (31)_w000,Le2i_Home_02_video (31),D:\ONE_DATA\Fall detection\Le2i\data\Home_02\Home_02\Videos\video (31).avi,Home_02,4,NORMAL,0,0.004693,0.43000000000000005,0,True,TN,0.425307,0.0,0.4027,0.313979,-0.286672
Le2i_Home_02_video (31)_w001,Le2i_Home_02_video (31),D:\ONE_DATA\Fall detection\Le2i\data\Home_02\Home_02\Videos\video (31).avi,Home_02,4,NORMAL,0,0.002728,0.43000000000000005,0,True,TN,0.427272,0.0,0.4059,0.280988,-0.348027
Le2i_Home_02_video (31)_w002,Le2i_Home_02_video (31),D:\ONE_DATA\Fall detection\Le2i\data\Home_02\Home_02\Videos\video (31).avi,Home_02,4,NORMAL,0,0.002413,0.43000000000000005,0,True,TN,0.427587,0.0,0.4136,0.312789,-0.506273
Le2i_Home_02_video (31)_w003,Le2i_Home_02_video (31),D:\ONE_DATA\Fall detection\Le2i\data\Home_02\Home_02\Videos\video (31).avi,Home_02,4,NORMAL,0,1e-06,0.43000000000000005,0,True,TN,0.429999,0.0,0.4062,2.407437,-3.232229
Le2i_Home_02_video (31)_w004,Le2i_Home_02_video (31),D:\ONE_DATA\Fall detection\Le2i\data\Home_02\Home_02\Videos\video (31).avi,Home_02,4,NORMAL,0,1e-06,0.43000000000000005,0,True,TN,0.429999,0.0,0.3825,2.407437,-3.232229
Le2i_Home_02_video (31)_w005,Le2i_Home_02_video (31),D:\ONE_DATA\Fall detection\Le2i\data\Home_02\Home_02\Videos\video (31).avi,Home_02,4,NORMAL,0,0.001385,0.43000000000000005,0,True,TN,0.428615,0.0,0.3799,0.327825,-0.211742
Le2i_Home_02_video (31)_w006,Le2i_Home_02_video (31),D:\ONE_DATA\Fall detection\Le2i\data\Home_02\Home_02\Videos\video (31).avi,Home_02,4,NORMAL,0,0.000342,0.43000000000000005,0,True,TN,0.429658,0.0,0.3853,0.176646,-0.250007
Le2i_Home_02_video (31)_w007,Le2i_Home_02_video (31),D:\ONE_DATA\Fall detection\Le2i\data\Home_02\Home_02\Videos\video (31).avi,Home_02,4,FALL,1,0.830173,0.43000000000000005,1,True,TP,0.400173,0.0,0.342,4.718772,-1.625051
Le2i_Home_02_video (31)_w008,Le2i_Home_02_video (31),D:\ONE_DATA\Fall detection\Le2i\data\Home_02\Home_02\Videos\video (31).avi,Home_02,4,FALL,1,0.65711,0.43000000000000005,1,True,TP,0.22711,0.0,0.1934,10.780148,-10.780148
Le2i_Home_02_video (31)_w009,Le2i_Home_02_video (31),D:\ONE_DATA\Fall detection\Le2i\data\Home_02\Home_02\Videos\video (31).avi,Home_02,4,FALL,1,0.656761,0.43000000000000005,1,True,TP,0.226761,0.0,0.1226,12.367646,-10.780148
Le2i_Home_02_video (31)_w010,Le2i_Home_02_video (31),D:\ONE_DATA\Fall detection\Le2i\data\Home_02\Home_02\Videos\video (31).avi,Home_02,4,FALL,1,0.646683,0.43000000000000005,1,True,TP,0.216683,0.0,0.1692,12.367646,-9.188098
Le2i_Home_02_video (32)_w000,Le2i_Home_02_video (32),D:\ONE_DATA\Fall detection\Le2i\data\Home_02\Home_02\Videos\video (32).avi,Home_02,4,NORMAL,0,2e-06,0.43000000000000005,0,True,TN,0.429998,0.0,0.3959,0.526436,-0.847981
Le2i_Home_02_video (32)_w001,Le2i_Home_02_video (32),D:\ONE_DATA\Fall detection\Le2i\data\Home_02\Home_02\Videos\video (32).avi,Home_02,4,NORMAL,0,5e-06,0.43000000000000005,0,True,TN,0.429995,0.0,0.3895,1.554002,-0.847981
Le2i_Home_02_video (32)_w002,Le2i_Home_02_video (32),D:\ONE_DATA\Fall detection\Le2i\data\Home_02\Home_02\Videos\video (32).avi,Home_02,4,FALL,1,0.768526,0.43000000000000005,1,True,TP,0.338526,0.0,0.3507,10.626291,-10.626291
Le2i_Home_02_video (32)_w003,Le2i_Home_02_video (32),D:\ONE_DATA\Fall detection\Le2i\data\Home_02\Home_02\Videos\video (32).avi,Home_02,4,FALL,1,0.92171,0.43000000000000005,1,True,TP,0.49171,0.0,0.2522,17.146667,-23.020191
Le2i_Home_02_video (32)_w004,Le2i_Home_02_video (32),D:\ONE_DATA\Fall detection\Le2i\data\Home_02\Home_02\Videos\video (32).avi,Home_02,4,FALL,1,0.921434,0.43000000000000005,1,True,TP,0.491434,0.0,0.2331,17.146667,-23.020191
Le2i_Home_02_video (32)_w005,Le2i_Home_02_video (32),D:\ONE_DATA\Fall detection\Le2i\data\Home_02\Home_02\Videos\video (32).avi,Home_02,4,FALL,1,0.672786,0.43000000000000005,1,True,TP,0.242786,0.0,0.2726,1.560557,-1.196681
Le2i_Home_02_video (33)_w000,Le2i_Home_02_video (33),D:\ONE_DATA\Fall detection\Le2i\data\Home_02\Home_02\Videos\video (33).avi,Home_02,4,NORMAL,0,0.0,0.43000000000000005,0,True,TN,0.43,0.0,0.409,0.384288,-0.298112
Le2i_Home_02_video (33)_w001,Le2i_Home_02_video (33),D:\ONE_DATA\Fall detection\Le2i\data\Home_02\Home_02\Videos\video (33).avi,Home_02,4,NORMAL,0,0.0,0.43000000000000005,0,True,TN,0.43,0.0,0.4343,0.204193,-0.174475
Le2i_Home_02_video (33)_w002,Le2i_Home_02_video (33),D:\ONE_DATA\Fall detection\Le2i\data\Home_02\Home_02\Videos\video (33).avi,Home_02,4,NORMAL,0,2.5e-05,0.43000000000000005,0,True,TN,0.429975,0.0,0.4708,0.094464,-0.171224
Le2i_Home_02_video (33)_w003,Le2i_Home_02_video (33),D:\ONE_DATA\Fall detection\Le2i\data\Home_02\Home_02\Videos\video (33).avi,Home_02,4,NORMAL,0,0.261528,0.43000000000000005,0,True,TN,0.168472,0.0,0.4619,4.056928,-0.98004
Le2i_Home_02_video (33)_w004,Le2i_Home_02_video (33),D:\ONE_DATA\Fall detection\Le2i\data\Home_02\Home_02\Videos\video (33).avi,Home_02,4,FALL,1,0.988039,0.43000000000000005,1,True,TP,0.558039,0.0,0.2548,28.053034,-21.8186
Le2i_Home_02_video (33)_w005,Le2i_Home_02_video (33),D:\ONE_DATA\Fall detection\Le2i\data\Home_02\Home_02\Videos\video (33).avi,Home_02,4,FALL,1,0.987607,0.43000000000000005,1,True,TP,0.557607,0.0,0.035,28.053034,-21.8186
Le2i_Home_02_video (34)_w000,Le2i_Home_02_video (34),D:\ONE_DATA\Fall detection\Le2i\data\Home_02\Home_02\Videos\video (34).avi,Home_02,4,NORMAL,0,0.0,0.43000000000000005,0,True,TN,0.43,0.0,0.4425,0.109881,-0.15728
Le2i_Home_02_video (34)_w001,Le2i_Home_02_video (34),D:\ONE_DATA\Fall detection\Le2i\data\Home_02\Home_02\Videos\video (34).avi,Home_02,4,NORMAL,0,0.0,0.43000000000000005,0,True,TN,0.43,0.0,0.4387,0.127791,-0.116817
Le2i_Home_02_video (34)_w002,Le2i_Home_02_video (34),D:\ONE_DATA\Fall detection\Le2i\data\Home_02\Home_02\Videos\video (34).avi,Home_02,4,NORMAL,0,0.0,0.43000000000000005,0,True,TN,0.43,0.0,0.4468,0.14971,-0.16158
Le2i_Home_02_video (34)_w003,Le2i_Home_02_video (34),D:\ONE_DATA\Fall detection\Le2i\data\Home_02\Home_02\Videos\video (34).avi,Home_02,4,NORMAL,0,1.4e-05,0.43000000000000005,0,True,TN,0.429986,0.0,0.4717,0.14971,-0.16158
Le2i_Home_02_video (34)_w004,Le2i_Home_02_video (34),D:\ONE_DATA\Fall detection\Le2i\data\Home_02\Home_02\Videos\video (34).avi,Home_02,4,NORMAL,0,0.001367,0.43000000000000005,0,True,TN,0.428633,0.0,0.4848,0.217366,-0.315403
Le2i_Home_02_video (34)_w005,Le2i_Home_02_video (34),D:\ONE_DATA\Fall detection\Le2i\data\Home_02\Home_02\Videos\video (34).avi,Home_02,4,FALL,1,0.990422,0.43000000000000005,1,True,TP,0.560422,0.0,0.3273,16.127001,-18.187599
Le2i_Home_02_video (34)_w006,Le2i_Home_02_video (34),D:\ONE_DATA\Fall detection\Le2i\data\Home_02\Home_02\Videos\video (34).avi,Home_02,4,FALL,1,0.982148,0.43000000000000005,1,True,TP,0.552148,0.0,0.0913,18.187599,-18.187599
Le2i_Home_02_video (34)_w007,Le2i_Home_02_video (34),D:\ONE_DATA\Fall detection\Le2i\data\Home_02\Home_02\Videos\video (34).avi,Home_02,4,FALL,1,0.987987,0.43000000000000005,1,True,TP,0.557987,0.0,0.0103,19.126106,-19.126106
Le2i_Home_02_video (35)_w000,Le2i_Home_02_video (35),D:\ONE_DATA\Fall detection\Le2i\data\Home_02\Home_02\Videos\video (35).avi,Home_02,4,NORMAL,0,0.0,0.43000000000000005,0,True,TN,0.43,0.0,0.4731,0.201753,-0.182385
Le2i_Home_02_video (35)_w001,Le2i_Home_02_video (35),D:\ONE_DATA\Fall detection\Le2i\data\Home_02\Home_02\Videos\video (35).avi,Home_02,4,NORMAL,0,0.0,0.43000000000000005,0,True,TN,0.43,0.0,0.4784,0.302461,-0.241391
Le2i_Home_02_video (35)_w002,Le2i_Home_02_video (35),D:\ONE_DATA\Fall detection\Le2i\data\Home_02\Home_02\Videos\video (35).avi,Home_02,4,NORMAL,0,6e-06,0.43000000000000005,0,True,TN,0.429994,0.0,0.4828,0.302461,-0.241391
Le2i_Home_02_video (35)_w003,Le2i_Home_02_video (35),D:\ONE_DATA\Fall detection\Le2i\data\Home_02\Home_02\Videos\video (35).avi,Home_02,4,NORMAL,0,0.0,0.43000000000000005,0,True,TN,0.43,0.0,0.4798,2.646591,-5.493625
Le2i_Home_02_video (35)_w004,Le2i_Home_02_video (35),D:\ONE_DATA\Fall detection\Le2i\data\Home_02\Home_02\Videos\video (35).avi,Home_02,4,FALL,1,0.986694,0.43000000000000005,1,True,TP,0.556694,0.0,0.2647,33.648506,-21.215843
Le2i_Home_02_video (35)_w005,Le2i_Home_02_video (35),D:\ONE_DATA\Fall detection\Le2i\data\Home_02\Home_02\Videos\video (35).avi,Home_02,4,FALL,1,0.999878,0.43000000000000005,1,True,TP,0.569878,0.0,0.0259,33.648506,-14.931735
Le2i_Home_02_video (35)_w006,Le2i_Home_02_video (35),D:\ONE_DATA\Fall detection\Le2i\data\Home_02\Home_02\Videos\video (35).avi,Home_02,4,FALL,1,0.415241,0.43000000000000005,0,False,FN,0.014759,0.584759,0.0,0.0,0.0
Le2i_Home_02_video (36)_w000,Le2i_Home_02_video (36),D:\ONE_DATA\Fall detection\Le2i\data\Home_02\Home_02\Videos\video (36).avi,Home_02,4,NORMAL,0,0.0,0.43000000000000005,0,True,TN,0.43,0.0,0.0766,2.380636,-2.235848
Le2i_Home_02_video (36)_w001,Le2i_Home_02_video (36),D:\ONE_DATA\Fall detection\Le2i\data\Home_02\Home_02\Videos\video (36).avi,Home_02,4,NORMAL,0,0.0,0.43000000000000005,0,True,TN,0.43,0.0,0.1078,2.235848,-2.235848
Le2i_Home_02_video (36)_w002,Le2i_Home_02_video (36),D:\ONE_DATA\Fall detection\Le2i\data\Home_02\Home_02\Videos\video (36).avi,Home_02,4,NORMAL,0,1e-06,0.43000000000000005,0,True,TN,0.429999,0.0,0.3132,1.996609,-2.197804
Le2i_Home_02_video (36)_w003,Le2i_Home_02_video (36),D:\ONE_DATA\Fall detection\Le2i\data\Home_02\Home_02\Videos\video (36).avi,Home_02,4,NORMAL,0,0.000251,0.43000000000000005,0,True,TN,0.429749,0.0,0.4658,0.973423,-1.923974
Le2i_Home_02_video (36)_w004,Le2i_Home_02_video (36),D:\ONE_DATA\Fall detection\Le2i\data\Home_02\Home_02\Videos\video (36).avi,Home_02,4,FALL,1,0.89711,0.43000000000000005,1,True,TP,0.46711,0.0,0.2293,5.396747,-1.923974
Le2i_Home_02_video (36)_w005,Le2i_Home_02_video (36),D:\ONE_DATA\Fall detection\Le2i\data\Home_02\Home_02\Videos\video (36).avi,Home_02,4,FALL,1,0.415241,0.43000000000000005,0,False,FN,0.014759,0.584759,0.0,0.0,0.0
Le2i_Home_02_video (37)_w000,Le2i_Home_02_video (37),D:\ONE_DATA\Fall detection\Le2i\data\Home_02\Home_02\Videos\video (37).avi,Home_02,4,NORMAL,0,0.0,0.43000000000000005,0,True,TN,0.43,0.0,0.4065,2.301701,-2.890712
Le2i_Home_02_video (37)_w001,Le2i_Home_02_video (37),D:\ONE_DATA\Fall detection\Le2i\data\Home_02\Home_02\Videos\video (37).avi,Home_02,4,NORMAL,0,0.0,0.43000000000000005,0,True,TN,0.43,0.0,0.3842,3.475345,-2.890712
Le2i_Home_02_video (37)_w002,Le2i_Home_02_video (37),D:\ONE_DATA\Fall detection\Le2i\data\Home_02\Home_02\Videos\video (37).avi,Home_02,4,NORMAL,0,0.0,0.43000000000000005,0,True,TN,0.43,0.0,0.3933,3.475345,-2.275256
Le2i_Home_02_video (37)_w003,Le2i_Home_02_video (37),D:\ONE_DATA\Fall detection\Le2i\data\Home_02\Home_02\Videos\video (37).avi,Home_02,4,NORMAL,0,2.1e-05,0.43000000000000005,0,True,TN,0.429979,0.0,0.4362,0.712455,-0.381657
Le2i_Home_02_video (37)_w004,Le2i_Home_02_video (37),D:\ONE_DATA\Fall detection\Le2i\data\Home_02\Home_02\Videos\video (37).avi,Home_02,4,FALL,1,0.907605,0.43000000000000005,1,True,TP,0.477605,0.0,0.4493,0.763335,-1.30318
Le2i_Home_02_video (37)_w005,Le2i_Home_02_video (37),D:\ONE_DATA\Fall detection\Le2i\data\Home_02\Home_02\Videos\video (37).avi,Home_02,4,FALL,1,0.709837,0.43000000000000005,1,True,TP,0.279837,0.0,0.4336,0.763335,-1.30318
Le2i_Home_02_video (37)_w006,Le2i_Home_02_video (37),D:\ONE_DATA\Fall detection\Le2i\data\Home_02\Home_02\Videos\video (37).avi,Home_02,4,FALL,1,0.664387,0.43000000000000005,1,True,TP,0.234387,0.0,0.4272,0.515319,-0.48525
Le2i_Home_02_video (37)_w007,Le2i_Home_02_video (37),D:\ONE_DATA\Fall detection\Le2i\data\Home_02\Home_02\Videos\video (37).avi,Home_02,4,FALL,1,0.662311,0.43000000000000005,1,True,TP,0.232311,0.0,0.4292,0.515319,-0.43803
Le2i_Home_02_video (38)_w000,Le2i_Home_02_video (38),D:\ONE_DATA\Fall detection\Le2i\data\Home_02\Home_02\Videos\video (38).avi,Home_02,4,NORMAL,0,0.0,0.43000000000000005,0,True,TN,0.43,0.0,0.4522,0.073883,-0.099259
Le2i_Home_02_video (38)_w001,Le2i_Home_02_video (38),D:\ONE_DATA\Fall detection\Le2i\data\Home_02\Home_02\Videos\video (38).avi,Home_02,4,NORMAL,0,2e-06,0.43000000000000005,0,True,TN,0.429998,0.0,0.4281,0.173371,-0.171402
Le2i_Home_02_video (38)_w002,Le2i_Home_02_video (38),D:\ONE_DATA\Fall detection\Le2i\data\Home_02\Home_02\Videos\video (38).avi,Home_02,4,NORMAL,0,5.7e-05,0.43000000000000005,0,True,TN,0.429943,0.0,0.4095,0.173371,-0.171402
Le2i_Home_02_video (38)_w003,Le2i_Home_02_video (38),D:\ONE_DATA\Fall detection\Le2i\data\Home_02\Home_02\Videos\video (38).avi,Home_02,4,NORMAL,0,2.4e-05,0.43000000000000005,0,True,TN,0.429976,0.0,0.3832,0.127608,-0.175349
Le2i_Home_02_video (38)_w004,Le2i_Home_02_video (38),D:\ONE_DATA\Fall detection\Le2i\data\Home_02\Home_02\Videos\video (38).avi,Home_02,4,NORMAL,0,5e-06,0.43000000000000005,0,True,TN,0.429995,0.0,0.3682,0.127608,-0.175349
Le2i_Home_02_video (38)_w005,Le2i_Home_02_video (38),D:\ONE_DATA\Fall detection\Le2i\data\Home_02\Home_02\Videos\video (38).avi,Home_02,4,NORMAL,0,2.2e-05,0.43000000000000005,0,True,TN,0.429978,0.0,0.3786,0.073906,-0.096368
Le2i_Home_02_video (39)_w000,Le2i_Home_02_video (39),D:\ONE_DATA\Fall detection\Le2i\data\Home_02\Home_02\Videos\video (39).avi,Home_02,4,NORMAL,0,4e-06,0.43000000000000005,0,True,TN,0.429996,0.0,0.4338,0.708874,-0.531167
Le2i_Home_02_video (39)_w001,Le2i_Home_02_video (39),D:\ONE_DATA\Fall detection\Le2i\data\Home_02\Home_02\Videos\video (39).avi,Home_02,4,NORMAL,0,0.00025,0.43000000000000005,0,True,TN,0.42975,0.0,0.4066,0.401441,-0.205132
Le2i_Home_02_video (39)_w002,Le2i_Home_02_video (39),D:\ONE_DATA\Fall detection\Le2i\data\Home_02\Home_02\Videos\video (39).avi,Home_02,4,NORMAL,0,0.000354,0.43000000000000005,0,True,TN,0.429646,0.0,0.3968,0.24736,-0.205132
Le2i_Home_02_video (39)_w003,Le2i_Home_02_video (39),D:\ONE_DATA\Fall detection\Le2i\data\Home_02\Home_02\Videos\video (39).avi,Home_02,4,NORMAL,0,0.001071,0.43000000000000005,0,True,TN,0.428929,0.0,0.4014,0.126581,-0.111288
Le2i_Home_02_video (39)_w004,Le2i_Home_02_video (39),D:\ONE_DATA\Fall detection\Le2i\data\Home_02\Home_02\Videos\video (39).avi,Home_02,4,NORMAL,0,0.00026,0.43000000000000005,0,True,TN,0.42974,0.0,0.4363,0.513304,-0.599506
Le2i_Home_02_video (39)_w005,Le2i_Home_02_video (39),D:\ONE_DATA\Fall detection\Le2i\data\Home_02\Home_02\Videos\video (39).avi,Home_02,4,NORMAL,0,4e-06,0.43000000000000005,0,True,TN,0.429996,0.0,0.4715,0.513304,-0.599506
Le2i_Home_02_video (40)_w000,Le2i_Home_02_video (40),D:\ONE_DATA\Fall detection\Le2i\data\Home_02\Home_02\Videos\video (40).avi,Home_02,4,NORMAL,0,0.000748,0.43000000000000005,0,True,TN,0.429252,0.0,0.4091,0.324011,-0.230171
Le2i_Home_02_video (40)_w001,Le2i_Home_02_video (40),D:\ONE_DATA\Fall detection\Le2i\data\Home_02\Home_02\Videos\video (40).avi,Home_02,4,NORMAL,0,0.000259,0.43000000000000005,0,True,TN,0.429741,0.0,0.4066,0.260535,-0.271264
Le2i_Home_02_video (40)_w002,Le2i_Home_02_video (40),D:\ONE_DATA\Fall detection\Le2i\data\Home_02\Home_02\Videos\video (40).avi,Home_02,4,NORMAL,0,2e-05,0.43000000000000005,0,True,TN,0.42998,0.0,0.3795,0.732767,-0.579198
Le2i_Home_02_video (40)_w003,Le2i_Home_02_video (40),D:\ONE_DATA\Fall detection\Le2i\data\Home_02\Home_02\Videos\video (40).avi,Home_02,4,NORMAL,0,6.5e-05,0.43000000000000005,0,True,TN,0.429935,0.0,0.3746,0.732767,-0.579198
Le2i_Home_02_video (40)_w004,Le2i_Home_02_video (40),D:\ONE_DATA\Fall detection\Le2i\data\Home_02\Home_02\Videos\video (40).avi,Home_02,4,NORMAL,0,0.000407,0.43000000000000005,0,True,TN,0.429593,0.0,0.3869,0.613508,-0.44247
Le2i_Home_02_video (40)_w005,Le2i_Home_02_video (40),D:\ONE_DATA\Fall detection\Le2i\data\Home_02\Home_02\Videos\video (40).avi,Home_02,4,NORMAL,0,0.00035,0.43000000000000005,0,True,TN,0.42965,0.0,0.3856,0.234575,-0.265096
Le2i_Home_02_video (40)_w006,Le2i_Home_02_video (40),D:\ONE_DATA\Fall detection\Le2i\data\Home_02\Home_02\Videos\video (40).avi,Home_02,4,NORMAL,0,0.001673,0.43000000000000005,0,True,TN,0.428327,0.0,0.4193,0.234575,-0.283906
Le2i_Home_02_video (40)_w007,Le2i_Home_02_video (40),D:\ONE_DATA\Fall detection\Le2i\data\Home_02\Home_02\Videos\video (40).avi,Home_02,4,NORMAL,0,0.000396,0.43000000000000005,0,True,TN,0.429604,0.0,0.4628,0.257078,-0.283906
Le2i_Home_02_video (41)_w000,Le2i_Home_02_video (41),D:\ONE_DATA\Fall detection\Le2i\data\Home_02\Home_02\Videos\video (41).avi,Home_02,4,NORMAL,0,0.415241,0.43000000000000005,0,True,TN,0.014759,0.0,0.0,0.0,0.0
Le2i_Home_02_video (41)_w001,Le2i_Home_02_video (41),D:\ONE_DATA\Fall detection\Le2i\data\Home_02\Home_02\Videos\video (41).avi,Home_02,4,NORMAL,0,1e-06,0.43000000000000005,0,True,TN,0.429999,0.0,0.1581,0.807294,-4.195398
Le2i_Home_02_video (41)_w002,Le2i_Home_02_video (41),D:\ONE_DATA\Fall detection\Le2i\data\Home_02\Home_02\Videos\video (41).avi,Home_02,4,NORMAL,0,0.0,0.43000000000000005,0,True,TN,0.43,0.0,0.3711,0.807294,-4.195398
Le2i_Home_02_video (41)_w003,Le2i_Home_02_video (41),D:\ONE_DATA\Fall detection\Le2i\data\Home_02\Home_02\Videos\video (41).avi,Home_02,4,NORMAL,0,1.2e-05,0.43000000000000005,0,True,TN,0.429988,0.0,0.4462,0.250182,-0.226357
Le2i_Home_02_video (41)_w004,Le2i_Home_02_video (41),D:\ONE_DATA\Fall detection\Le2i\data\Home_02\Home_02\Videos\video (41).avi,Home_02,4,NORMAL,0,0.032316,0.43000000000000005,0,True,TN,0.397684,0.0,0.4643,0.250182,-0.226357
Le2i_Home_02_video (41)_w005,Le2i_Home_02_video (41),D:\ONE_DATA\Fall detection\Le2i\data\Home_02\Home_02\Videos\video (41).avi,Home_02,4,NORMAL,0,0.00021,0.43000000000000005,0,True,TN,0.42979,0.0,0.3966,4.5182,-6.154076
Le2i_Home_02_video (41)_w006,Le2i_Home_02_video (41),D:\ONE_DATA\Fall detection\Le2i\data\Home_02\Home_02\Videos\video (41).avi,Home_02,4,NORMAL,0,4.1e-05,0.43000000000000005,0,True,TN,0.429959,0.0,0.3365,4.5182,-6.154076
Le2i_Home_02_video (41)_w007,Le2i_Home_02_video (41),D:\ONE_DATA\Fall detection\Le2i\data\Home_02\Home_02\Videos\video (41).avi,Home_02,4,NORMAL,0,0.008543,0.43000000000000005,0,True,TN,0.421457,0.0,0.3626,1.177498,-1.372389
Le2i_Home_02_video (42)_w000,Le2i_Home_02_video (42),D:\ONE_DATA\Fall detection\Le2i\data\Home_02\Home_02\Videos\video (42).avi,Home_02,4,NORMAL,0,1e-06,0.43000000000000005,0,True,TN,0.429999,0.0,0.4224,0.138938,-0.168238
Le2i_Home_02_video (42)_w001,Le2i_Home_02_video (42),D:\ONE_DATA\Fall detection\Le2i\data\Home_02\Home_02\Videos\video (42).avi,Home_02,4,NORMAL,0,2e-06,0.43000000000000005,0,True,TN,0.429998,0.0,0.4216,0.235338,-0.189993
Le2i_Home_02_video (42)_w002,Le2i_Home_02_video (42),D:\ONE_DATA\Fall detection\Le2i\data\Home_02\Home_02\Videos\video (42).avi,Home_02,4,NORMAL,0,2.2e-05,0.43000000000000005,0,True,TN,0.429978,0.0,0.4108,0.235338,-0.189993
Le2i_Home_02_video (42)_w003,Le2i_Home_02_video (42),D:\ONE_DATA\Fall detection\Le2i\data\Home_02\Home_02\Videos\video (42).avi,Home_02,4,NORMAL,0,6.4e-05,0.43000000000000005,0,True,TN,0.429936,0.0,0.4036,0.254629,-0.248121
Le2i_Home_02_video (42)_w004,Le2i_Home_02_video (42),D:\ONE_DATA\Fall detection\Le2i\data\Home_02\Home_02\Videos\video (42).avi,Home_02,4,NORMAL,0,8.1e-05,0.43000000000000005,0,True,TN,0.429919,0.0,0.4164,0.254629,-0.248121
Le2i_Home_02_video (43)_w000,Le2i_Home_02_video (43),D:\ONE_DATA\Fall detection\Le2i\data\Home_02\Home_02\Videos\video (43).avi,Home_02,4,NORMAL,0,0.000119,0.43000000000000005,0,True,TN,0.429881,0.0,0.476,0.078783,-0.089767
Le2i_Home_02_video (43)_w001,Le2i_Home_02_video (43),D:\ONE_DATA\Fall detection\Le2i\data\Home_02\Home_02\Videos\video (43).avi,Home_02,4,NORMAL,0,0.000314,0.43000000000000005,0,True,TN,0.429686,0.0,0.4819,0.101978,-0.095603
Le2i_Home_02_video (43)_w002,Le2i_Home_02_video (43),D:\ONE_DATA\Fall detection\Le2i\data\Home_02\Home_02\Videos\video (43).avi,Home_02,4,NORMAL,0,0.001589,0.43000000000000005,0,True,TN,0.428411,0.0,0.4847,0.143247,-0.247425
Le2i_Home_02_video (43)_w003,Le2i_Home_02_video (43),D:\ONE_DATA\Fall detection\Le2i\data\Home_02\Home_02\Videos\video (43).avi,Home_02,4,NORMAL,0,0.001613,0.43000000000000005,0,True,TN,0.428387,0.0,0.4863,0.14458,-0.247425
Le2i_Home_02_video (43)_w004,Le2i_Home_02_video (43),D:\ONE_DATA\Fall detection\Le2i\data\Home_02\Home_02\Videos\video (43).avi,Home_02,4,NORMAL,0,0.012816,0.43000000000000005,0,True,TN,0.417184,0.0,0.4854,0.14458,-0.147784
Le2i_Home_02_video (44)_w000,Le2i_Home_02_video (44),D:\ONE_DATA\Fall detection\Le2i\data\Home_02\Home_02\Videos\video (44).avi,Home_02,4,NORMAL,0,0.0,0.43000000000000005,0,True,TN,0.43,0.0,0.421,0.919636,-0.771717
Le2i_Home_02_video (44)_w001,Le2i_Home_02_video (44),D:\ONE_DATA\Fall detection\Le2i\data\Home_02\Home_02\Videos\video (44).avi,Home_02,4,NORMAL,0,0.0,0.43000000000000005,0,True,TN,0.43,0.0,0.4107,0.919636,-0.771717
Le2i_Home_02_video (44)_w002,Le2i_Home_02_video (44),D:\ONE_DATA\Fall detection\Le2i\data\Home_02\Home_02\Videos\video (44).avi,Home_02,4,NORMAL,0,1e-06,0.43000000000000005,0,True,TN,0.429999,0.0,0.398,0.543613,-0.526319
Le2i_Home_02_video (44)_w003,Le2i_Home_02_video (44),D:\ONE_DATA\Fall detection\Le2i\data\Home_02\Home_02\Videos\video (44).avi,Home_02,4,NORMAL,0,0.00018,0.43000000000000005,0,True,TN,0.42982,0.0,0.3864,0.181605,-0.160554
Le2i_Home_02_video (44)_w004,Le2i_Home_02_video (44),D:\ONE_DATA\Fall detection\Le2i\data\Home_02\Home_02\Videos\video (44).avi,Home_02,4,NORMAL,0,0.0002,0.43000000000000005,0,True,TN,0.4298,0.0,0.3914,0.116593,-0.136263
Le2i_Home_02_video (44)_w005,Le2i_Home_02_video (44),D:\ONE_DATA\Fall detection\Le2i\data\Home_02\Home_02\Videos\video (44).avi,Home_02,4,NORMAL,0,0.000443,0.43000000000000005,0,True,TN,0.429557,0.0,0.3989,0.113606,-0.118412
Le2i_Home_02_video (44)_w006,Le2i_Home_02_video (44),D:\ONE_DATA\Fall detection\Le2i\data\Home_02\Home_02\Videos\video (44).avi,Home_02,4,NORMAL,0,0.000815,0.43000000000000005,0,True,TN,0.429185,0.0,0.4017,0.112907,-0.143381
Le2i_Home_02_video (44)_w007,Le2i_Home_02_video (44),D:\ONE_DATA\Fall detection\Le2i\data\Home_02\Home_02\Videos\video (44).avi,Home_02,4,NORMAL,0,6.6e-05,0.43000000000000005,0,True,TN,0.429934,0.0,0.427,0.21294,-0.143381
Le2i_Home_02_video (44)_w008,Le2i_Home_02_video (44),D:\ONE_DATA\Fall detection\Le2i\data\Home_02\Home_02\Videos\video (44).avi,Home_02,4,NORMAL,0,0.0,0.43000000000000005,0,True,TN,0.43,0.0,0.4423,0.521592,-0.573742
Le2i_Home_02_video (44)_w009,Le2i_Home_02_video (44),D:\ONE_DATA\Fall detection\Le2i\data\Home_02\Home_02\Videos\video (44).avi,Home_02,4,NORMAL,0,0.0,0.43000000000000005,0,True,TN,0.43,0.0,0.4428,0.521592,-0.573742
Le2i_Home_02_video (44)_w010,Le2i_Home_02_video (44),D:\ONE_DATA\Fall detection\Le2i\data\Home_02\Home_02\Videos\video (44).avi,Home_02,4,NORMAL,0,0.0,0.43000000000000005,0,True,TN,0.43,0.0,0.46,0.180554,-0.193603
Le2i_Home_02_video (45)_w000,Le2i_Home_02_video (45),D:\ONE_DATA\Fall detection\Le2i\data\Home_02\Home_02\Videos\video (45).avi,Home_02,4,NORMAL,0,0.000514,0.43000000000000005,0,True,TN,0.429486,0.0,0.4183,0.57837,-0.557898
Le2i_Home_02_video (45)_w001,Le2i_Home_02_video (45),D:\ONE_DATA\Fall detection\Le2i\data\Home_02\Home_02\Videos\video (45).avi,Home_02,4,NORMAL,0,0.001734,0.43000000000000005,0,True,TN,0.428266,0.0,0.3964,0.57837,-0.557898
Le2i_Home_02_video (45)_w002,Le2i_Home_02_video (45),D:\ONE_DATA\Fall detection\Le2i\data\Home_02\Home_02\Videos\video (45).avi,Home_02,4,NORMAL,0,0.000446,0.43000000000000005,0,True,TN,0.429554,0.0,0.3907,0.176978,-0.212743
Le2i_Home_02_video (45)_w003,Le2i_Home_02_video (45),D:\ONE_DATA\Fall detection\Le2i\data\Home_02\Home_02\Videos\video (45).avi,Home_02,4,NORMAL,0,0.000145,0.43000000000000005,0,True,TN,0.429855,0.0,0.4134,0.196817,-0.204238
Le2i_Home_02_video (45)_w004,Le2i_Home_02_video (45),D:\ONE_DATA\Fall detection\Le2i\data\Home_02\Home_02\Videos\video (45).avi,Home_02,4,NORMAL,0,0.0,0.43000000000000005,0,True,TN,0.43,0.0,0.4382,0.196817,-0.232332
Le2i_Home_02_video (45)_w005,Le2i_Home_02_video (45),D:\ONE_DATA\Fall detection\Le2i\data\Home_02\Home_02\Videos\video (45).avi,Home_02,4,NORMAL,0,0.0,0.43000000000000005,0,True,TN,0.43,0.0,0.4476,0.201673,-0.232332
Le2i_Home_02_video (45)_w006,Le2i_Home_02_video (45),D:\ONE_DATA\Fall detection\Le2i\data\Home_02\Home_02\Videos\video (45).avi,Home_02,4,NORMAL,0,0.0,0.43000000000000005,0,True,TN,0.43,0.0,0.4559,0.201673,-0.153175
Le2i_Home_02_video (46)_w000,Le2i_Home_02_video (46),D:\ONE_DATA\Fall detection\Le2i\data\Home_02\Home_02\Videos\video (46).avi,Home_02,4,NORMAL,0,0.0,0.43000000000000005,0,True,TN,0.43,0.0,0.3944,2.135653,-3.390897
Le2i_Home_02_video (46)_w001,Le2i_Home_02_video (46),D:\ONE_DATA\Fall detection\Le2i\data\Home_02\Home_02\Videos\video (46).avi,Home_02,4,NORMAL,0,0.0,0.43000000000000005,0,True,TN,0.43,0.0,0.394,2.135653,-3.390897
Le2i_Home_02_video (46)_w002,Le2i_Home_02_video (46),D:\ONE_DATA\Fall detection\Le2i\data\Home_02\Home_02\Videos\video (46).avi,Home_02,4,NORMAL,0,0.000371,0.43000000000000005,0,True,TN,0.429629,0.0,0.3867,1.172045,-1.207179
Le2i_Home_02_video (46)_w003,Le2i_Home_02_video (46),D:\ONE_DATA\Fall detection\Le2i\data\Home_02\Home_02\Videos\video (46).avi,Home_02,4,NORMAL,0,0.000328,0.43000000000000005,0,True,TN,0.429672,0.0,0.3723,1.172045,-1.207179
Le2i_Home_02_video (46)_w004,Le2i_Home_02_video (46),D:\ONE_DATA\Fall detection\Le2i\data\Home_02\Home_02\Videos\video (46).avi,Home_02,4,NORMAL,0,0.000674,0.43000000000000005,0,True,TN,0.429326,0.0,0.3783,0.501564,-0.485145
Le2i_Home_02_video (46)_w005,Le2i_Home_02_video (46),D:\ONE_DATA\Fall detection\Le2i\data\Home_02\Home_02\Videos\video (46).avi,Home_02,4,NORMAL,0,1.1e-05,0.43000000000000005,0,True,TN,0.429989,0.0,0.3793,0.258516,-0.182614
Le2i_Home_02_video (46)_w006,Le2i_Home_02_video (46),D:\ONE_DATA\Fall detection\Le2i\data\Home_02\Home_02\Videos\video (46).avi,Home_02,4,NORMAL,0,0.0,0.43000000000000005,0,True,TN,0.43,0.0,0.3862,0.386888,-0.362012
Le2i_Home_02_video (46)_w007,Le2i_Home_02_video (46),D:\ONE_DATA\Fall detection\Le2i\data\Home_02\Home_02\Videos\video (46).avi,Home_02,4,NORMAL,0,0.0,0.43000000000000005,0,True,TN,0.43,0.0,0.3919,0.386888,-0.421161
Le2i_Home_02_video (46)_w008,Le2i_Home_02_video (46),D:\ONE_DATA\Fall detection\Le2i\data\Home_02\Home_02\Videos\video (46).avi,Home_02,4,NORMAL,0,0.0,0.43000000000000005,0,True,TN,0.43,0.0,0.3691,0.392441,-0.407262
Le2i_Home_02_video (47)_w000,Le2i_Home_02_video (47),D:\ONE_DATA\Fall detection\Le2i\data\Home_02\Home_02\Videos\video (47).avi,Home_02,4,NORMAL,0,0.0,0.43000000000000005,0,True,TN,0.43,0.0,0.4233,0.432647,-0.418252
Le2i_Home_02_video (47)_w001,Le2i_Home_02_video (47),D:\ONE_DATA\Fall detection\Le2i\data\Home_02\Home_02\Videos\video (47).avi,Home_02,4,NORMAL,0,0.0,0.43000000000000005,0,True,TN,0.43,0.0,0.42,0.432647,-0.418252
Le2i_Home_02_video (47)_w002,Le2i_Home_02_video (47),D:\ONE_DATA\Fall detection\Le2i\data\Home_02\Home_02\Videos\video (47).avi,Home_02,4,NORMAL,0,0.0,0.43000000000000005,0,True,TN,0.43,0.0,0.4069,0.375434,-0.341686
Le2i_Home_02_video (47)_w003,Le2i_Home_02_video (47),D:\ONE_DATA\Fall detection\Le2i\data\Home_02\Home_02\Videos\video (47).avi,Home_02,4,NORMAL,0,2e-06,0.43000000000000005,0,True,TN,0.429998,0.0,0.4132,0.375434,-0.341686
Le2i_Home_02_video (47)_w004,Le2i_Home_02_video (47),D:\ONE_DATA\Fall detection\Le2i\data\Home_02\Home_02\Videos\video (47).avi,Home_02,4,NORMAL,0,0.001943,0.43000000000000005,0,True,TN,0.428057,0.0,0.4585,0.240181,-0.210803
Le2i_Home_02_video (47)_w005,Le2i_Home_02_video (47),D:\ONE_DATA\Fall detection\Le2i\data\Home_02\Home_02\Videos\video (47).avi,Home_02,4,NORMAL,0,0.078198,0.43000000000000005,0,True,TN,0.351802,0.0,0.4804,0.187458,-0.16656
Le2i_Home_02_video (47)_w006,Le2i_Home_02_video (47),D:\ONE_DATA\Fall detection\Le2i\data\Home_02\Home_02\Videos\video (47).avi,Home_02,4,NORMAL,0,0.061845,0.43000000000000005,0,True,TN,0.368155,0.0,0.4842,0.187458,-0.112305
Le2i_Home_02_video (47)_w007,Le2i_Home_02_video (47),D:\ONE_DATA\Fall detection\Le2i\data\Home_02\Home_02\Videos\video (47).avi,Home_02,4,NORMAL,0,0.042485,0.43000000000000005,0,True,TN,0.387515,0.0,0.4799,0.106252,-0.137949
Le2i_Home_02_video (47)_w008,Le2i_Home_02_video (47),D:\ONE_DATA\Fall detection\Le2i\data\Home_02\Home_02\Videos\video (47).avi,Home_02,4,NORMAL,0,7.1e-05,0.43000000000000005,0,True,TN,0.429929,0.0,0.4591,0.359384,-0.688442
Le2i_Home_02_video (47)_w009,Le2i_Home_02_video (47),D:\ONE_DATA\Fall detection\Le2i\data\Home_02\Home_02\Videos\video (47).avi,Home_02,4,NORMAL,0,1e-06,0.43000000000000005,0,True,TN,0.429999,0.0,0.4406,0.707573,-0.748353
Le2i_Home_02_video (48)_w000,Le2i_Home_02_video (48),D:\ONE_DATA\Fall detection\Le2i\data\Home_02\Home_02\Videos\video (48).avi,Home_02,4,NORMAL,0,0.0,0.43000000000000005,0,True,TN,0.43,0.0,0.4507,0.910334,-0.821432
Le2i_Home_02_video (48)_w001,Le2i_Home_02_video (48),D:\ONE_DATA\Fall detection\Le2i\data\Home_02\Home_02\Videos\video (48).avi,Home_02,4,NORMAL,0,0.0,0.43000000000000005,0,True,TN,0.43,0.0,0.4242,0.910334,-0.821432
Le2i_Home_02_video (48)_w002,Le2i_Home_02_video (48),D:\ONE_DATA\Fall detection\Le2i\data\Home_02\Home_02\Videos\video (48).avi,Home_02,4,NORMAL,0,6e-06,0.43000000000000005,0,True,TN,0.429994,0.0,0.3827,0.841254,-0.649778
Le2i_Home_02_video (48)_w003,Le2i_Home_02_video (48),D:\ONE_DATA\Fall detection\Le2i\data\Home_02\Home_02\Videos\video (48).avi,Home_02,4,NORMAL,0,0.000288,0.43000000000000005,0,True,TN,0.429712,0.0,0.3654,0.841254,-0.691176
Le2i_Home_02_video (48)_w004,Le2i_Home_02_video (48),D:\ONE_DATA\Fall detection\Le2i\data\Home_02\Home_02\Videos\video (48).avi,Home_02,4,NORMAL,0,0.000507,0.43000000000000005,0,True,TN,0.429493,0.0,0.3709,0.620613,-0.691176
Le2i_Home_02_video (48)_w005,Le2i_Home_02_video (48),D:\ONE_DATA\Fall detection\Le2i\data\Home_02\Home_02\Videos\video (48).avi,Home_02,4,NORMAL,0,0.000756,0.43000000000000005,0,True,TN,0.429244,0.0,0.3689,0.690935,-0.57705
Le2i_Home_02_video (48)_w006,Le2i_Home_02_video (48),D:\ONE_DATA\Fall detection\Le2i\data\Home_02\Home_02\Videos\video (48).avi,Home_02,4,NORMAL,0,0.019132,0.43000000000000005,0,True,TN,0.410868,0.0,0.3986,1.234796,-1.395998
Le2i_Home_02_video (48)_w007,Le2i_Home_02_video (48),D:\ONE_DATA\Fall detection\Le2i\data\Home_02\Home_02\Videos\video (48).avi,Home_02,4,NORMAL,0,0.007877,0.43000000000000005,0,True,TN,0.422123,0.0,0.4288,5.225648,-7.486486
Le2i_Home_02_video (49)_w000,Le2i_Home_02_video (49),D:\ONE_DATA\Fall detection\Le2i\data\Home_02\Home_02\Videos\video (49).avi,Home_02,4,NORMAL,0,0.118594,0.43000000000000005,0,True,TN,0.311406,0.0,0.4702,0.876695,-0.743721
Le2i_Home_02_video (49)_w001,Le2i_Home_02_video (49),D:\ONE_DATA\Fall detection\Le2i\data\Home_02\Home_02\Videos\video (49).avi,Home_02,4,NORMAL,0,0.268483,0.43000000000000005,0,True,TN,0.161517,0.0,0.4728,0.876695,-0.743721
Le2i_Home_02_video (49)_w002,Le2i_Home_02_video (49),D:\ONE_DATA\Fall detection\Le2i\data\Home_02\Home_02\Videos\video (49).avi,Home_02,4,NORMAL,0,0.553662,0.43000000000000005,1,False,FP,0.123662,0.553662,0.4771,1.435853,-1.565627
Le2i_Home_02_video (49)_w003,Le2i_Home_02_video (49),D:\ONE_DATA\Fall detection\Le2i\data\Home_02\Home_02\Videos\video (49).avi,Home_02,4,NORMAL,0,0.678814,0.43000000000000005,1,False,FP,0.248814,0.678814,0.4674,1.435853,-1.565627
Le2i_Home_02_video (49)_w004,Le2i_Home_02_video (49),D:\ONE_DATA\Fall detection\Le2i\data\Home_02\Home_02\Videos\video (49).avi,Home_02,4,NORMAL,0,0.600437,0.43000000000000005,1,False,FP,0.170437,0.600437,0.4707,1.052264,-0.949316
Le2i_Home_02_video (49)_w005,Le2i_Home_02_video (49),D:\ONE_DATA\Fall detection\Le2i\data\Home_02\Home_02\Videos\video (49).avi,Home_02,4,NORMAL,0,0.000241,0.43000000000000005,0,True,TN,0.429759,0.0,0.4747,0.230416,-0.15943
Le2i_Home_02_video (49)_w006,Le2i_Home_02_video (49),D:\ONE_DATA\Fall detection\Le2i\data\Home_02\Home_02\Videos\video (49).avi,Home_02,4,NORMAL,0,0.005796,0.43000000000000005,0,True,TN,0.424204,0.0,0.4646,0.174674,-0.180853
Le2i_Home_02_video (49)_w007,Le2i_Home_02_video (49),D:\ONE_DATA\Fall detection\Le2i\data\Home_02\Home_02\Videos\video (49).avi,Home_02,4,NORMAL,0,0.039924,0.43000000000000005,0,True,TN,0.390076,0.0,0.453,0.152981,-0.180853
Le2i_Home_02_video (49)_w008,Le2i_Home_02_video (49),D:\ONE_DATA\Fall detection\Le2i\data\Home_02\Home_02\Videos\video (49).avi,Home_02,4,NORMAL,0,0.01694,0.43000000000000005,0,True,TN,0.41306,0.0,0.4592,0.142127,-0.176133
Le2i_Home_02_video (49)_w009,Le2i_Home_02_video (49),D:\ONE_DATA\Fall detection\Le2i\data\Home_02\Home_02\Videos\video (49).avi,Home_02,4,NORMAL,0,0.0,0.43000000000000005,0,True,TN,0.43,0.0,0.4325,44.228611,-58.608116
Le2i_Home_02_video (49)_w010,Le2i_Home_02_video (49),D:\ONE_DATA\Fall detection\Le2i\data\Home_02\Home_02\Videos\video (49).avi,Home_02,4,NORMAL,0,0.0,0.43000000000000005,0,True,TN,0.43,0.0,0.3956,44.228611,-58.608116
Le2i_Home_02_video (50)_w000,Le2i_Home_02_video (50),D:\ONE_DATA\Fall detection\Le2i\data\Home_02\Home_02\Videos\video (50).avi,Home_02,4,NORMAL,0,0.118594,0.43000000000000005,0,True,TN,0.311406,0.0,0.4702,0.876695,-0.743721
Le2i_Home_02_video (50)_w001,Le2i_Home_02_video (50),D:\ONE_DATA\Fall detection\Le2i\data\Home_02\Home_02\Videos\video (50).avi,Home_02,4,NORMAL,0,0.268483,0.43000000000000005,0,True,TN,0.161517,0.0,0.4728,0.876695,-0.743721
Le2i_Home_02_video (50)_w002,Le2i_Home_02_video (50),D:\ONE_DATA\Fall detection\Le2i\data\Home_02\Home_02\Videos\video (50).avi,Home_02,4,NORMAL,0,0.553662,0.43000000000000005,1,False,FP,0.123662,0.553662,0.4771,1.435853,-1.565627
Le2i_Home_02_video (50)_w003,Le2i_Home_02_video (50),D:\ONE_DATA\Fall detection\Le2i\data\Home_02\Home_02\Videos\video (50).avi,Home_02,4,NORMAL,0,0.678814,0.43000000000000005,1,False,FP,0.248814,0.678814,0.4674,1.435853,-1.565627
Le2i_Home_02_video (50)_w004,Le2i_Home_02_video (50),D:\ONE_DATA\Fall detection\Le2i\data\Home_02\Home_02\Videos\video (50).avi,Home_02,4,NORMAL,0,0.600437,0.43000000000000005,1,False,FP,0.170437,0.600437,0.4707,1.052264,-0.949316
Le2i_Home_02_video (50)_w005,Le2i_Home_02_video (50),D:\ONE_DATA\Fall detection\Le2i\data\Home_02\Home_02\Videos\video (50).avi,Home_02,4,NORMAL,0,0.000241,0.43000000000000005,0,True,TN,0.429759,0.0,0.4747,0.230416,-0.15943
Le2i_Home_02_video (50)_w006,Le2i_Home_02_video (50),D:\ONE_DATA\Fall detection\Le2i\data\Home_02\Home_02\Videos\video (50).avi,Home_02,4,NORMAL,0,0.005796,0.43000000000000005,0,True,TN,0.424204,0.0,0.4646,0.174674,-0.180853
Le2i_Home_02_video (50)_w007,Le2i_Home_02_video (50),D:\ONE_DATA\Fall detection\Le2i\data\Home_02\Home_02\Videos\video (50).avi,Home_02,4,NORMAL,0,0.039924,0.43000000000000005,0,True,TN,0.390076,0.0,0.453,0.152981,-0.180853
Le2i_Home_02_video (50)_w008,Le2i_Home_02_video (50),D:\ONE_DATA\Fall detection\Le2i\data\Home_02\Home_02\Videos\video (50).avi,Home_02,4,NORMAL,0,0.01694,0.43000000000000005,0,True,TN,0.41306,0.0,0.4592,0.142127,-0.176133
Le2i_Home_02_video (50)_w009,Le2i_Home_02_video (50),D:\ONE_DATA\Fall detection\Le2i\data\Home_02\Home_02\Videos\video (50).avi,Home_02,4,NORMAL,0,0.0,0.43000000000000005,0,True,TN,0.43,0.0,0.4325,44.228611,-58.608116
Le2i_Home_02_video (50)_w010,Le2i_Home_02_video (50),D:\ONE_DATA\Fall detection\Le2i\data\Home_02\Home_02\Videos\video (50).avi,Home_02,4,NORMAL,0,0.0,0.43000000000000005,0,True,TN,0.43,0.0,0.3956,44.228611,-58.608116
Le2i_Home_02_video (51)_w000,Le2i_Home_02_video (51),D:\ONE_DATA\Fall detection\Le2i\data\Home_02\Home_02\Videos\video (51).avi,Home_02,4,NORMAL,0,0.0,0.43000000000000005,0,True,TN,0.43,0.0,0.4469,1.332674,-2.452787
Le2i_Home_02_video (51)_w001,Le2i_Home_02_video (51),D:\ONE_DATA\Fall detection\Le2i\data\Home_02\Home_02\Videos\video (51).avi,Home_02,4,NORMAL,0,0.0,0.43000000000000005,0,True,TN,0.43,0.0,0.4184,1.332674,-2.452787
Le2i_Home_02_video (51)_w002,Le2i_Home_02_video (51),D:\ONE_DATA\Fall detection\Le2i\data\Home_02\Home_02\Videos\video (51).avi,Home_02,4,NORMAL,0,0.000148,0.43000000000000005,0,True,TN,0.429852,0.0,0.3763,0.849917,-0.637657
Le2i_Home_02_video (51)_w003,Le2i_Home_02_video (51),D:\ONE_DATA\Fall detection\Le2i\data\Home_02\Home_02\Videos\video (51).avi,Home_02,4,NORMAL,0,0.000336,0.43000000000000005,0,True,TN,0.429664,0.0,0.3776,0.849917,-0.499062
Le2i_Home_02_video (51)_w004,Le2i_Home_02_video (51),D:\ONE_DATA\Fall detection\Le2i\data\Home_02\Home_02\Videos\video (51).avi,Home_02,4,NORMAL,0,0.000679,0.43000000000000005,0,True,TN,0.429321,0.0,0.3953,0.335433,-0.232966
Le2i_Home_02_video (51)_w005,Le2i_Home_02_video (51),D:\ONE_DATA\Fall detection\Le2i\data\Home_02\Home_02\Videos\video (51).avi,Home_02,4,NORMAL,0,0.00165,0.43000000000000005,0,True,TN,0.42835,0.0,0.3847,0.945108,-0.945357
Le2i_Home_02_video (51)_w006,Le2i_Home_02_video (51),D:\ONE_DATA\Fall detection\Le2i\data\Home_02\Home_02\Videos\video (51).avi,Home_02,4,NORMAL,0,0.732817,0.43000000000000005,1,False,FP,0.302817,0.732817,0.3921,2.618518,-2.225345
Le2i_Home_02_video (51)_w007,Le2i_Home_02_video (51),D:\ONE_DATA\Fall detection\Le2i\data\Home_02\Home_02\Videos\video (51).avi,Home_02,4,NORMAL,0,0.671723,0.43000000000000005,1,False,FP,0.241723,0.671723,0.426,3.830969,-4.813841
Le2i_Home_02_video (51)_w008,Le2i_Home_02_video (51),D:\ONE_DATA\Fall detection\Le2i\data\Home_02\Home_02\Videos\video (51).avi,Home_02,4,NORMAL,0,0.099023,0.43000000000000005,0,True,TN,0.330977,0.0,0.4661,3.830969,-4.813841
Le2i_Home_02_video (52)_w000,Le2i_Home_02_video (52),D:\ONE_DATA\Fall detection\Le2i\data\Home_02\Home_02\Videos\video (52).avi,Home_02,4,NORMAL,0,5.2e-05,0.43000000000000005,0,True,TN,0.429948,0.0,0.4396,0.233188,-0.247555
Le2i_Home_02_video (52)_w001,Le2i_Home_02_video (52),D:\ONE_DATA\Fall detection\Le2i\data\Home_02\Home_02\Videos\video (52).avi,Home_02,4,NORMAL,0,1.6e-05,0.43000000000000005,0,True,TN,0.429984,0.0,0.421,0.582964,-1.263043
Le2i_Home_02_video (52)_w002,Le2i_Home_02_video (52),D:\ONE_DATA\Fall detection\Le2i\data\Home_02\Home_02\Videos\video (52).avi,Home_02,4,NORMAL,0,4.5e-05,0.43000000000000005,0,True,TN,0.429955,0.0,0.401,1.013765,-1.263043
Le2i_Home_02_video (52)_w003,Le2i_Home_02_video (52),D:\ONE_DATA\Fall detection\Le2i\data\Home_02\Home_02\Videos\video (52).avi,Home_02,4,NORMAL,0,0.001129,0.43000000000000005,0,True,TN,0.428871,0.0,0.3954,0.415048,-0.374337
Le2i_Home_02_video (52)_w004,Le2i_Home_02_video (52),D:\ONE_DATA\Fall detection\Le2i\data\Home_02\Home_02\Videos\video (52).avi,Home_02,4,NORMAL,0,6e-06,0.43000000000000005,0,True,TN,0.429994,0.0,0.4255,0.205052,-0.291833
Le2i_Home_02_video (52)_w005,Le2i_Home_02_video (52),D:\ONE_DATA\Fall detection\Le2i\data\Home_02\Home_02\Videos\video (52).avi,Home_02,4,NORMAL,0,0.0,0.43000000000000005,0,True,TN,0.43,0.0,0.4393,0.822581,-0.984278
Le2i_Home_02_video (52)_w006,Le2i_Home_02_video (52),D:\ONE_DATA\Fall detection\Le2i\data\Home_02\Home_02\Videos\video (52).avi,Home_02,4,NORMAL,0,0.0,0.43000000000000005,0,True,TN,0.43,0.0,0.4294,0.822581,-0.984278
Le2i_Home_02_video (53)_w000,Le2i_Home_02_video (53),D:\ONE_DATA\Fall detection\Le2i\data\Home_02\Home_02\Videos\video (53).avi,Home_02,4,NORMAL,0,3e-06,0.43000000000000005,0,True,TN,0.429997,0.0,0.4265,1.142335,-0.63253
Le2i_Home_02_video (53)_w001,Le2i_Home_02_video (53),D:\ONE_DATA\Fall detection\Le2i\data\Home_02\Home_02\Videos\video (53).avi,Home_02,4,NORMAL,0,2e-05,0.43000000000000005,0,True,TN,0.42998,0.0,0.3904,1.142335,-0.63253
Le2i_Home_02_video (53)_w002,Le2i_Home_02_video (53),D:\ONE_DATA\Fall detection\Le2i\data\Home_02\Home_02\Videos\video (53).avi,Home_02,4,NORMAL,0,0.000466,0.43000000000000005,0,True,TN,0.429534,0.0,0.3873,0.200831,-0.168198
Le2i_Home_02_video (53)_w003,Le2i_Home_02_video (53),D:\ONE_DATA\Fall detection\Le2i\data\Home_02\Home_02\Videos\video (53).avi,Home_02,4,NORMAL,0,7.1e-05,0.43000000000000005,0,True,TN,0.429929,0.0,0.4163,0.448809,-0.394219
Le2i_Home_02_video (53)_w004,Le2i_Home_02_video (53),D:\ONE_DATA\Fall detection\Le2i\data\Home_02\Home_02\Videos\video (53).avi,Home_02,4,NORMAL,0,0.000326,0.43000000000000005,0,True,TN,0.429674,0.0,0.3897,6.529535,-1.578989
Le2i_Home_02_video (53)_w005,Le2i_Home_02_video (53),D:\ONE_DATA\Fall detection\Le2i\data\Home_02\Home_02\Videos\video (53).avi,Home_02,4,NORMAL,0,0.729322,0.43000000000000005,1,False,FP,0.299322,0.729322,0.2233,6.529535,-5.041785
Le2i_Home_02_video (53)_w006,Le2i_Home_02_video (53),D:\ONE_DATA\Fall detection\Le2i\data\Home_02\Home_02\Videos\video (53).avi,Home_02,4,NORMAL,0,0.664367,0.43000000000000005,1,False,FP,0.234367,0.664367,0.1328,5.041785,-5.041785
Le2i_Home_02_video (54)_w000,Le2i_Home_02_video (54),D:\ONE_DATA\Fall detection\Le2i\data\Home_02\Home_02\Videos\video (54).avi,Home_02,4,NORMAL,0,5.3e-05,0.43000000000000005,0,True,TN,0.429947,0.0,0.4539,0.333051,-0.333042
Le2i_Home_02_video (54)_w001,Le2i_Home_02_video (54),D:\ONE_DATA\Fall detection\Le2i\data\Home_02\Home_02\Videos\video (54).avi,Home_02,4,NORMAL,0,1.9e-05,0.43000000000000005,0,True,TN,0.429981,0.0,0.3999,0.513685,-0.617905
Le2i_Home_02_video (54)_w002,Le2i_Home_02_video (54),D:\ONE_DATA\Fall detection\Le2i\data\Home_02\Home_02\Videos\video (54).avi,Home_02,4,NORMAL,0,4e-05,0.43000000000000005,0,True,TN,0.42996,0.0,0.3684,0.513685,-0.617905
Le2i_Home_02_video (54)_w003,Le2i_Home_02_video (54),D:\ONE_DATA\Fall detection\Le2i\data\Home_02\Home_02\Videos\video (54).avi,Home_02,4,NORMAL,0,0.000125,0.43000000000000005,0,True,TN,0.429875,0.0,0.3824,0.107404,-0.182441
Le2i_Home_02_video (54)_w004,Le2i_Home_02_video (54),D:\ONE_DATA\Fall detection\Le2i\data\Home_02\Home_02\Videos\video (54).avi,Home_02,4,NORMAL,0,0.000925,0.43000000000000005,0,True,TN,0.429075,0.0,0.3921,0.180419,-0.291375
Le2i_Home_02_video (54)_w005,Le2i_Home_02_video (54),D:\ONE_DATA\Fall detection\Le2i\data\Home_02\Home_02\Videos\video (54).avi,Home_02,4,NORMAL,0,0.000476,0.43000000000000005,0,True,TN,0.429524,0.0,0.442,0.269268,-0.433223
Le2i_Home_02_video (54)_w006,Le2i_Home_02_video (54),D:\ONE_DATA\Fall detection\Le2i\data\Home_02\Home_02\Videos\video (54).avi,Home_02,4,NORMAL,0,9.9e-05,0.43000000000000005,0,True,TN,0.429901,0.0,0.4756,0.269268,-0.433223
Le2i_Home_02_video (55)_w000,Le2i_Home_02_video (55),D:\ONE_DATA\Fall detection\Le2i\data\Home_02\Home_02\Videos\video (55).avi,Home_02,4,NORMAL,0,0.000115,0.43000000000000005,0,True,TN,0.429885,0.0,0.4789,0.177787,-0.208818
Le2i_Home_02_video (55)_w001,Le2i_Home_02_video (55),D:\ONE_DATA\Fall detection\Le2i\data\Home_02\Home_02\Videos\video (55).avi,Home_02,4,NORMAL,0,0.000177,0.43000000000000005,0,True,TN,0.429823,0.0,0.4823,0.27719,-0.208818
Le2i_Home_02_video (55)_w002,Le2i_Home_02_video (55),D:\ONE_DATA\Fall detection\Le2i\data\Home_02\Home_02\Videos\video (55).avi,Home_02,4,NORMAL,0,0.001341,0.43000000000000005,0,True,TN,0.428659,0.0,0.4776,0.27719,-0.14963
Le2i_Home_02_video (55)_w003,Le2i_Home_02_video (55),D:\ONE_DATA\Fall detection\Le2i\data\Home_02\Home_02\Videos\video (55).avi,Home_02,4,NORMAL,0,0.003839,0.43000000000000005,0,True,TN,0.426161,0.0,0.4699,0.501144,-0.2694
Le2i_Home_02_video (55)_w004,Le2i_Home_02_video (55),D:\ONE_DATA\Fall detection\Le2i\data\Home_02\Home_02\Videos\video (55).avi,Home_02,4,NORMAL,0,8.2e-05,0.43000000000000005,0,True,TN,0.429918,0.0,0.4315,2.545898,-3.058381
Le2i_Home_02_video (55)_w005,Le2i_Home_02_video (55),D:\ONE_DATA\Fall detection\Le2i\data\Home_02\Home_02\Videos\video (55).avi,Home_02,4,NORMAL,0,1e-06,0.43000000000000005,0,True,TN,0.429999,0.0,0.4075,3.832651,-3.165385
Le2i_Home_02_video (55)_w006,Le2i_Home_02_video (55),D:\ONE_DATA\Fall detection\Le2i\data\Home_02\Home_02\Videos\video (55).avi,Home_02,4,NORMAL,0,0.012606,0.43000000000000005,0,True,TN,0.417394,0.0,0.4361,3.832651,-1.07243
Le2i_Home_02_video (56)_w000,Le2i_Home_02_video (56),D:\ONE_DATA\Fall detection\Le2i\data\Home_02\Home_02\Videos\video (56).avi,Home_02,4,NORMAL,0,0.0,0.43000000000000005,0,True,TN,0.43,0.0,0.4736,1.0789,-1.187374
Le2i_Home_02_video (56)_w001,Le2i_Home_02_video (56),D:\ONE_DATA\Fall detection\Le2i\data\Home_02\Home_02\Videos\video (56).avi,Home_02,4,NORMAL,0,0.0,0.43000000000000005,0,True,TN,0.43,0.0,0.4292,1.0789,-1.187374
Le2i_Home_02_video (56)_w002,Le2i_Home_02_video (56),D:\ONE_DATA\Fall detection\Le2i\data\Home_02\Home_02\Videos\video (56).avi,Home_02,4,NORMAL,0,0.0,0.43000000000000005,0,True,TN,0.43,0.0,0.4206,1.247216,-0.953162
Le2i_Home_02_video (56)_w003,Le2i_Home_02_video (56),D:\ONE_DATA\Fall detection\Le2i\data\Home_02\Home_02\Videos\video (56).avi,Home_02,4,NORMAL,0,0.0,0.43000000000000005,0,True,TN,0.43,0.0,0.4556,1.247216,-0.334388
Le2i_Home_02_video (56)_w004,Le2i_Home_02_video (56),D:\ONE_DATA\Fall detection\Le2i\data\Home_02\Home_02\Videos\video (56).avi,Home_02,4,NORMAL,0,7e-06,0.43000000000000005,0,True,TN,0.429993,0.0,0.4604,0.253192,-0.334388
Le2i_Home_02_video (56)_w005,Le2i_Home_02_video (56),D:\ONE_DATA\Fall detection\Le2i\data\Home_02\Home_02\Videos\video (56).avi,Home_02,4,NORMAL,0,0.00129,0.43000000000000005,0,True,TN,0.42871,0.0,0.459,0.253192,-0.230471
Le2i_Home_02_video (56)_w006,Le2i_Home_02_video (56),D:\ONE_DATA\Fall detection\Le2i\data\Home_02\Home_02\Videos\video (56).avi,Home_02,4,NORMAL,0,0.011223,0.43000000000000005,0,True,TN,0.418777,0.0,0.4601,0.185092,-0.118914
Le2i_Home_02_video (56)_w007,Le2i_Home_02_video (56),D:\ONE_DATA\Fall detection\Le2i\data\Home_02\Home_02\Videos\video (56).avi,Home_02,4,NORMAL,0,0.003502,0.43000000000000005,0,True,TN,0.426498,0.0,0.4472,0.361485,-0.605476
Le2i_Home_02_video (56)_w008,Le2i_Home_02_video (56),D:\ONE_DATA\Fall detection\Le2i\data\Home_02\Home_02\Videos\video (56).avi,Home_02,4,NORMAL,0,0.005324,0.43000000000000005,0,True,TN,0.424676,0.0,0.4307,0.386394,-0.605476
Le2i_Home_02_video (56)_w009,Le2i_Home_02_video (56),D:\ONE_DATA\Fall detection\Le2i\data\Home_02\Home_02\Videos\video (56).avi,Home_02,4,NORMAL,0,0.031038,0.43000000000000005,0,True,TN,0.398962,0.0,0.4213,0.411591,-0.65638
Le2i_Home_02_video (56)_w010,Le2i_Home_02_video (56),D:\ONE_DATA\Fall detection\Le2i\data\Home_02\Home_02\Videos\video (56).avi,Home_02,4,NORMAL,0,0.000782,0.43000000000000005,0,True,TN,0.429218,0.0,0.4041,1.715387,-2.290937
Le2i_Home_02_video (56)_w011,Le2i_Home_02_video (56),D:\ONE_DATA\Fall detection\Le2i\data\Home_02\Home_02\Videos\video (56).avi,Home_02,4,NORMAL,0,0.000352,0.43000000000000005,0,True,TN,0.429648,0.0,0.4277,1.715387,-2.290937
Le2i_Home_02_video (56)_w012,Le2i_Home_02_video (56),D:\ONE_DATA\Fall detection\Le2i\data\Home_02\Home_02\Videos\video (56).avi,Home_02,4,NORMAL,0,0.020695,0.43000000000000005,0,True,TN,0.409305,0.0,0.4652,0.199607,-0.187998
Le2i_Home_02_video (57)_w000,Le2i_Home_02_video (57),D:\ONE_DATA\Fall detection\Le2i\data\Home_02\Home_02\Videos\video (57).avi,Home_02,4,NORMAL,0,0.000555,0.43000000000000005,0,True,TN,0.429445,0.0,0.3796,0.419361,-1.015418
Le2i_Home_02_video (57)_w001,Le2i_Home_02_video (57),D:\ONE_DATA\Fall detection\Le2i\data\Home_02\Home_02\Videos\video (57).avi,Home_02,4,NORMAL,0,3.6e-05,0.43000000000000005,0,True,TN,0.429964,0.0,0.3816,0.801586,-1.015418
Le2i_Home_02_video (57)_w002,Le2i_Home_02_video (57),D:\ONE_DATA\Fall detection\Le2i\data\Home_02\Home_02\Videos\video (57).avi,Home_02,4,NORMAL,0,0.006559,0.43000000000000005,0,True,TN,0.423441,0.0,0.3869,0.801586,-0.759275
Le2i_Home_02_video (57)_w003,Le2i_Home_02_video (57),D:\ONE_DATA\Fall detection\Le2i\data\Home_02\Home_02\Videos\video (57).avi,Home_02,4,NORMAL,0,0.000532,0.43000000000000005,0,True,TN,0.429468,0.0,0.3909,0.47021,-0.759275
Le2i_Home_02_video (57)_w004,Le2i_Home_02_video (57),D:\ONE_DATA\Fall detection\Le2i\data\Home_02\Home_02\Videos\video (57).avi,Home_02,4,NORMAL,0,0.000573,0.43000000000000005,0,True,TN,0.429427,0.0,0.3907,0.164076,-0.19725
Le2i_Home_02_video (57)_w005,Le2i_Home_02_video (57),D:\ONE_DATA\Fall detection\Le2i\data\Home_02\Home_02\Videos\video (57).avi,Home_02,4,NORMAL,0,2.9e-05,0.43000000000000005,0,True,TN,0.429971,0.0,0.4155,0.164076,-0.184917
Le2i_Home_02_video (57)_w006,Le2i_Home_02_video (57),D:\ONE_DATA\Fall detection\Le2i\data\Home_02\Home_02\Videos\video (57).avi,Home_02,4,NORMAL,0,0.002371,0.43000000000000005,0,True,TN,0.427629,0.0,0.3161,4.6132,-0.866899
Le2i_Home_02_video (57)_w007,Le2i_Home_02_video (57),D:\ONE_DATA\Fall detection\Le2i\data\Home_02\Home_02\Videos\video (57).avi,Home_02,4,NORMAL,0,0.078384,0.43000000000000005,0,True,TN,0.351616,0.0,0.0969,4.6132,-0.866899
Le2i_Home_02_video (58)_w000,Le2i_Home_02_video (58),D:\ONE_DATA\Fall detection\Le2i\data\Home_02\Home_02\Videos\video (58).avi,Home_02,4,NORMAL,0,0.00375,0.43000000000000005,0,True,TN,0.42625,0.0,0.4559,0.355701,-0.386892
Le2i_Home_02_video (58)_w001,Le2i_Home_02_video (58),D:\ONE_DATA\Fall detection\Le2i\data\Home_02\Home_02\Videos\video (58).avi,Home_02,4,NORMAL,0,0.004152,0.43000000000000005,0,True,TN,0.425848,0.0,0.4588,0.385008,-0.405775
Le2i_Home_02_video (58)_w002,Le2i_Home_02_video (58),D:\ONE_DATA\Fall detection\Le2i\data\Home_02\Home_02\Videos\video (58).avi,Home_02,4,NORMAL,0,0.005209,0.43000000000000005,0,True,TN,0.424791,0.0,0.4479,0.385008,-0.405775
Le2i_Home_02_video (58)_w003,Le2i_Home_02_video (58),D:\ONE_DATA\Fall detection\Le2i\data\Home_02\Home_02\Videos\video (58).avi,Home_02,4,NORMAL,0,0.007049,0.43000000000000005,0,True,TN,0.422951,0.0,0.4317,0.329309,-0.342833
Le2i_Home_02_video (58)_w004,Le2i_Home_02_video (58),D:\ONE_DATA\Fall detection\Le2i\data\Home_02\Home_02\Videos\video (58).avi,Home_02,4,NORMAL,0,0.004062,0.43000000000000005,0,True,TN,0.425938,0.0,0.4306,0.371363,-0.342833
Le2i_Home_02_video (58)_w005,Le2i_Home_02_video (58),D:\ONE_DATA\Fall detection\Le2i\data\Home_02\Home_02\Videos\video (58).avi,Home_02,4,NORMAL,0,8.4e-05,0.43000000000000005,0,True,TN,0.429916,0.0,0.4369,1.367905,-1.366876
Le2i_Home_02_video (58)_w006,Le2i_Home_02_video (58),D:\ONE_DATA\Fall detection\Le2i\data\Home_02\Home_02\Videos\video (58).avi,Home_02,4,NORMAL,0,7.2e-05,0.43000000000000005,0,True,TN,0.429928,0.0,0.4251,1.367905,-1.366876
Le2i_Home_02_video (58)_w007,Le2i_Home_02_video (58),D:\ONE_DATA\Fall detection\Le2i\data\Home_02\Home_02\Videos\video (58).avi,Home_02,4,NORMAL,0,0.001407,0.43000000000000005,0,True,TN,0.428593,0.0,0.3944,0.359705,-0.707738
Le2i_Home_02_video (58)_w008,Le2i_Home_02_video (58),D:\ONE_DATA\Fall detection\Le2i\data\Home_02\Home_02\Videos\video (58).avi,Home_02,4,NORMAL,0,0.000224,0.43000000000000005,0,True,TN,0.429776,0.0,0.3833,0.270455,-0.208897
Le2i_Home_02_video (58)_w009,Le2i_Home_02_video (58),D:\ONE_DATA\Fall detection\Le2i\data\Home_02\Home_02\Videos\video (58).avi,Home_02,4,NORMAL,0,0.000652,0.43000000000000005,0,True,TN,0.429348,0.0,0.3923,0.310664,-0.278643
Le2i_Home_02_video (58)_w010,Le2i_Home_02_video (58),D:\ONE_DATA\Fall detection\Le2i\data\Home_02\Home_02\Videos\video (58).avi,Home_02,4,NORMAL,0,0.004366,0.43000000000000005,0,True,TN,0.425634,0.0,0.4362,0.310664,-0.303318
Le2i_Home_02_video (58)_w011,Le2i_Home_02_video (58),D:\ONE_DATA\Fall detection\Le2i\data\Home_02\Home_02\Videos\video (58).avi,Home_02,4,NORMAL,0,0.001422,0.43000000000000005,0,True,TN,0.428578,0.0,0.4766,0.223557,-0.303318
Le2i_Home_02_video (59)_w000,Le2i_Home_02_video (59),D:\ONE_DATA\Fall detection\Le2i\data\Home_02\Home_02\Videos\video (59).avi,Home_02,4,NORMAL,0,0.183512,0.43000000000000005,0,True,TN,0.246488,0.0,0.4527,0.501405,-0.797242
Le2i_Home_02_video (59)_w001,Le2i_Home_02_video (59),D:\ONE_DATA\Fall detection\Le2i\data\Home_02\Home_02\Videos\video (59).avi,Home_02,4,NORMAL,0,0.455269,0.43000000000000005,1,False,FP,0.025269,0.455269,0.4508,0.819387,-0.797242
Le2i_Home_02_video (59)_w002,Le2i_Home_02_video (59),D:\ONE_DATA\Fall detection\Le2i\data\Home_02\Home_02\Videos\video (59).avi,Home_02,4,NORMAL,0,0.068763,0.43000000000000005,0,True,TN,0.361237,0.0,0.4759,0.819387,-0.20183
Le2i_Home_02_video (59)_w003,Le2i_Home_02_video (59),D:\ONE_DATA\Fall detection\Le2i\data\Home_02\Home_02\Videos\video (59).avi,Home_02,4,NORMAL,0,0.006955,0.43000000000000005,0,True,TN,0.423045,0.0,0.4673,0.273833,-0.173239
Le2i_Home_02_video (59)_w004,Le2i_Home_02_video (59),D:\ONE_DATA\Fall detection\Le2i\data\Home_02\Home_02\Videos\video (59).avi,Home_02,4,NORMAL,0,0.008487,0.43000000000000005,0,True,TN,0.421513,0.0,0.4391,0.447171,-0.905306
Le2i_Home_02_video (59)_w005,Le2i_Home_02_video (59),D:\ONE_DATA\Fall detection\Le2i\data\Home_02\Home_02\Videos\video (59).avi,Home_02,4,NORMAL,0,2.7e-05,0.43000000000000005,0,True,TN,0.429973,0.0,0.3512,6.481337,-7.221514
Le2i_Home_02_video (59)_w006,Le2i_Home_02_video (59),D:\ONE_DATA\Fall detection\Le2i\data\Home_02\Home_02\Videos\video (59).avi,Home_02,4,NORMAL,0,3e-06,0.43000000000000005,0,True,TN,0.429997,0.0,0.3036,6.481337,-7.221514
Le2i_Home_02_video (60)_w000,Le2i_Home_02_video (60),D:\ONE_DATA\Fall detection\Le2i\data\Home_02\Home_02\Videos\video (60).avi,Home_02,4,NORMAL,0,0.002227,0.43000000000000005,0,True,TN,0.427773,0.0,0.3871,0.310552,-0.404571
Le2i_Home_02_video (60)_w001,Le2i_Home_02_video (60),D:\ONE_DATA\Fall detection\Le2i\data\Home_02\Home_02\Videos\video (60).avi,Home_02,4,NORMAL,0,1.9e-05,0.43000000000000005,0,True,TN,0.429981,0.0,0.3524,6.953689,-7.237256
Le2i_Home_02_video (60)_w002,Le2i_Home_02_video (60),D:\ONE_DATA\Fall detection\Le2i\data\Home_02\Home_02\Videos\video (60).avi,Home_02,4,NORMAL,0,7e-06,0.43000000000000005,0,True,TN,0.429993,0.0,0.3643,6.953689,-7.237256
Le2i_Home_02_video (60)_w003,Le2i_Home_02_video (60),D:\ONE_DATA\Fall detection\Le2i\data\Home_02\Home_02\Videos\video (60).avi,Home_02,4,NORMAL,0,1.6e-05,0.43000000000000005,0,True,TN,0.429984,0.0,0.4305,0.545173,-0.435284
Le2i_Home_02_video (60)_w004,Le2i_Home_02_video (60),D:\ONE_DATA\Fall detection\Le2i\data\Home_02\Home_02\Videos\video (60).avi,Home_02,4,NORMAL,0,7e-06,0.43000000000000005,0,True,TN,0.429993,0.0,0.4456,0.930292,-0.849329
Le2i_Home_02_video (60)_w005,Le2i_Home_02_video (60),D:\ONE_DATA\Fall detection\Le2i\data\Home_02\Home_02\Videos\video (60).avi,Home_02,4,NORMAL,0,1.4e-05,0.43000000000000005,0,True,TN,0.429986,0.0,0.4161,0.930292,-0.849329
Le2i_Home_02_video (60)_w006,Le2i_Home_02_video (60),D:\ONE_DATA\Fall detection\Le2i\data\Home_02\Home_02\Videos\video (60).avi,Home_02,4,NORMAL,0,0.000212,0.43000000000000005,0,True,TN,0.429788,0.0,0.3893,0.306691,-0.268804
Le2i_Home_02_video (60)_w007,Le2i_Home_02_video (60),D:\ONE_DATA\Fall detection\Le2i\data\Home_02\Home_02\Videos\video (60).avi,Home_02,4,NORMAL,0,0.003549,0.43000000000000005,0,True,TN,0.426451,0.0,0.4216,0.278356,-0.353625
Le2i_Home_02_video (60)_w008,Le2i_Home_02_video (60),D:\ONE_DATA\Fall detection\Le2i\data\Home_02\Home_02\Videos\video (60).avi,Home_02,4,NORMAL,0,0.000855,0.43000000000000005,0,True,TN,0.429145,0.0,0.4692,0.275141,-0.353625
Le2i_Home_02_video (60)_w009,Le2i_Home_02_video (60),D:\ONE_DATA\Fall detection\Le2i\data\Home_02\Home_02\Videos\video (60).avi,Home_02,4,NORMAL,0,0.000962,0.43000000000000005,0,True,TN,0.429038,0.0,0.474,0.275141,-0.267865
Le2i_Home_02_video (60)_w010,Le2i_Home_02_video (60),D:\ONE_DATA\Fall detection\Le2i\data\Home_02\Home_02\Videos\video (60).avi,Home_02,4,NORMAL,0,4.9e-05,0.43000000000000005,0,True,TN,0.429951,0.0,0.4743,0.20818,-0.190525
