dataset,event_id,video_id,location,camera_id,label,video_path,annotation_path,start_frame,end_frame,num_frames,fps,width,height,duration_seconds,subject_id,depth_path,rgb_path,timestamp_path,accelerometer_path,annotation_format
URFD,adl-01,URFD_adl-01_cam0,Lab,cam0,NORMAL,URFD/adl-01-cam0.mp4,UNKNOWN,UNKNOWN,UNKNOWN,150,30.0,640,480,5.0,UNKNOWN,URFD/adl-01-cam0-d,URFD/adl-01-cam0-rgb,URFD/adl-01-data.csv,UNKNOWN,CSV_TIMESTAMPS
URFD,adl-02,URFD_adl-02_cam0,Lab,cam0,NORMAL,URFD/adl-02-cam0.mp4,UNKNOWN,UNKNOWN,UNKNOWN,180,30.0,640,480,6.0,UNKNOWN,URFD/adl-02-cam0-d,URFD/adl-02-cam0-rgb,URFD/adl-02-data.csv,UNKNOWN,CSV_TIMESTAMPS
URFD,adl-03,URFD_adl-03_cam0,Lab,cam0,NORMAL,URFD/adl-03-cam0.mp4,UNKNOWN,UNKNOWN,UNKNOWN,180,30.0,640,480,6.0,UNKNOWN,URFD/adl-03-cam0-d,URFD/adl-03-cam0-rgb,URFD/adl-03-data.csv,UNKNOWN,CSV_TIMESTAMPS
URFD,adl-04,URFD_adl-04_cam0,Lab,cam0,NORMAL,URFD/adl-04-cam0.mp4,UNKNOWN,UNKNOWN,UNKNOWN,150,30.0,640,480,5.0,UNKNOWN,URFD/adl-04-cam0-d,URFD/adl-04-cam0-rgb,URFD/adl-04-data.csv,UNKNOWN,CSV_TIMESTAMPS
URFD,adl-05,URFD_adl-05_cam0,Lab,cam0,NORMAL,URFD/adl-05-cam0.mp4,UNKNOWN,UNKNOWN,UNKNOWN,180,30.0,640,480,6.0,UNKNOWN,URFD/adl-05-cam0-d,URFD/adl-05-cam0-rgb,URFD/adl-05-data.csv,UNKNOWN,CSV_TIMESTAMPS
URFD,adl-06,URFD_adl-06_cam0,Lab,cam0,NORMAL,URFD/adl-06-cam0.mp4,UNKNOWN,UNKNOWN,UNKNOWN,230,30.0,640,480,7.67,UNKNOWN,URFD/adl-06-cam0-d,URFD/adl-06-cam0-rgb,URFD/adl-06-data.csv,UNKNOWN,CSV_TIMESTAMPS
URFD,adl-07,URFD_adl-07_cam0,Lab,cam0,NORMAL,URFD/adl-07-cam0.mp4,UNKNOWN,UNKNOWN,UNKNOWN,180,30.0,640,480,6.0,UNKNOWN,URFD/adl-07-cam0-d,URFD/adl-07-cam0-rgb,URFD/adl-07-data.csv,UNKNOWN,CSV_TIMESTAMPS
URFD,adl-08,URFD_adl-08_cam0,Lab,cam0,NORMAL,URFD/adl-08-cam0.mp4,UNKNOWN,UNKNOWN,UNKNOWN,180,30.0,640,480,6.0,UNKNOWN,URFD/adl-08-cam0-d,URFD/adl-08-cam0-rgb,URFD/adl-08-data.csv,UNKNOWN,CSV_TIMESTAMPS
URFD,adl-09,URFD_adl-09_cam0,Lab,cam0,NORMAL,URFD/adl-09-cam0.mp4,UNKNOWN,UNKNOWN,UNKNOWN,150,30.0,640,480,5.0,UNKNOWN,URFD/adl-09-cam0-d,URFD/adl-09-cam0-rgb,URFD/adl-09-data.csv,UNKNOWN,CSV_TIMESTAMPS
URFD,adl-10,URFD_adl-10_cam0,Lab,cam0,NORMAL,URFD/adl-10-cam0.mp4,UNKNOWN,UNKNOWN,UNKNOWN,300,30.0,640,480,10.0,UNKNOWN,URFD/adl-10-cam0-d,URFD/adl-10-cam0-rgb,URFD/adl-10-data.csv,UNKNOWN,CSV_TIMESTAMPS
URFD,adl-11,URFD_adl-11_cam0,Lab,cam0,NORMAL,URFD/adl-11-cam0.mp4,UNKNOWN,UNKNOWN,UNKNOWN,300,30.0,640,480,10.0,UNKNOWN,URFD/adl-11-cam0-d,URFD/adl-11-cam0-rgb,URFD/adl-11-data.csv,UNKNOWN,CSV_TIMESTAMPS
URFD,adl-12,URFD_adl-12_cam0,Lab,cam0,NORMAL,URFD/adl-12-cam0.mp4,UNKNOWN,UNKNOWN,UNKNOWN,250,30.0,640,480,8.33,UNKNOWN,URFD/adl-12-cam0-d,URFD/adl-12-cam0-rgb,URFD/adl-12-data.csv,UNKNOWN,CSV_TIMESTAMPS
URFD,adl-13,URFD_adl-13_cam0,Lab,cam0,NORMAL,URFD/adl-13-cam0.mp4,UNKNOWN,UNKNOWN,UNKNOWN,265,30.0,640,480,8.83,UNKNOWN,URFD/adl-13-cam0-d,URFD/adl-13-cam0-rgb,URFD/adl-13-data.csv,UNKNOWN,CSV_TIMESTAMPS
URFD,adl-14,URFD_adl-14_cam0,Lab,cam0,NORMAL,URFD/adl-14-cam0.mp4,UNKNOWN,UNKNOWN,UNKNOWN,235,30.0,640,480,7.83,UNKNOWN,URFD/adl-14-cam0-d,URFD/adl-14-cam0-rgb,URFD/adl-14-data.csv,UNKNOWN,CSV_TIMESTAMPS
URFD,adl-15,URFD_adl-15_cam0,Lab,cam0,NORMAL,URFD/adl-15-cam0.mp4,UNKNOWN,UNKNOWN,UNKNOWN,275,30.0,640,480,9.17,UNKNOWN,URFD/adl-15-cam0-d,URFD/adl-15-cam0-rgb,URFD/adl-15-data.csv,UNKNOWN,CSV_TIMESTAMPS
URFD,adl-16,URFD_adl-16_cam0,Lab,cam0,NORMAL,URFD/adl-16-cam0.mp4,UNKNOWN,UNKNOWN,UNKNOWN,240,30.0,640,480,8.0,UNKNOWN,URFD/adl-16-cam0-d,URFD/adl-16-cam0-rgb,URFD/adl-16-data.csv,UNKNOWN,CSV_TIMESTAMPS
URFD,adl-17,URFD_adl-17_cam0,Lab,cam0,NORMAL,URFD/adl-17-cam0.mp4,UNKNOWN,UNKNOWN,UNKNOWN,230,30.0,640,480,7.67,UNKNOWN,URFD/adl-17-cam0-d,URFD/adl-17-cam0-rgb,URFD/adl-17-data.csv,UNKNOWN,CSV_TIMESTAMPS
URFD,adl-18,URFD_adl-18_cam0,Lab,cam0,NORMAL,URFD/adl-18-cam0.mp4,UNKNOWN,UNKNOWN,UNKNOWN,265,30.0,640,480,8.83,UNKNOWN,URFD/adl-18-cam0-d,URFD/adl-18-cam0-rgb,URFD/adl-18-data.csv,UNKNOWN,CSV_TIMESTAMPS
URFD,adl-19,URFD_adl-19_cam0,Lab,cam0,NORMAL,URFD/adl-19-cam0.mp4,UNKNOWN,UNKNOWN,UNKNOWN,250,30.0,640,480,8.33,UNKNOWN,URFD/adl-19-cam0-d,URFD/adl-19-cam0-rgb,URFD/adl-19-data.csv,UNKNOWN,CSV_TIMESTAMPS
URFD,adl-20,URFD_adl-20_cam0,Lab,cam0,NORMAL,URFD/adl-20-cam0.mp4,UNKNOWN,UNKNOWN,UNKNOWN,270,30.0,640,480,9.0,UNKNOWN,URFD/adl-20-cam0-d,URFD/adl-20-cam0-rgb,URFD/adl-20-data.csv,UNKNOWN,CSV_TIMESTAMPS
URFD,adl-21,URFD_adl-21_cam0,Lab,cam0,NORMAL,URFD/adl-21-cam0.mp4,UNKNOWN,UNKNOWN,UNKNOWN,280,30.0,640,480,9.33,UNKNOWN,URFD/adl-21-cam0-d,URFD/adl-21-cam0-rgb,URFD/adl-21-data.csv,UNKNOWN,CSV_TIMESTAMPS
URFD,adl-22,URFD_adl-22_cam0,Lab,cam0,NORMAL,URFD/adl-22-cam0.mp4,UNKNOWN,UNKNOWN,UNKNOWN,240,30.0,640,480,8.0,UNKNOWN,URFD/adl-22-cam0-d,URFD/adl-22-cam0-rgb,URFD/adl-22-data.csv,UNKNOWN,CSV_TIMESTAMPS
URFD,adl-23,URFD_adl-23_cam0,Lab,cam0,NORMAL,URFD/adl-23-cam0.mp4,UNKNOWN,UNKNOWN,UNKNOWN,220,30.0,640,480,7.33,UNKNOWN,URFD/adl-23-cam0-d,URFD/adl-23-cam0-rgb,URFD/adl-23-data.csv,UNKNOWN,CSV_TIMESTAMPS
URFD,adl-24,URFD_adl-24_cam0,Lab,cam0,NORMAL,URFD/adl-24-cam0.mp4,UNKNOWN,UNKNOWN,UNKNOWN,70,30.0,640,480,2.33,UNKNOWN,URFD/adl-24-cam0-d,URFD/adl-24-cam0-rgb,URFD/adl-24-data.csv,UNKNOWN,CSV_TIMESTAMPS
URFD,adl-25,URFD_adl-25_cam0,Lab,cam0,NORMAL,URFD/adl-25-cam0.mp4,UNKNOWN,UNKNOWN,UNKNOWN,110,30.0,640,480,3.67,UNKNOWN,URFD/adl-25-cam0-d,URFD/adl-25-cam0-rgb,URFD/adl-25-data.csv,UNKNOWN,CSV_TIMESTAMPS
URFD,adl-26,URFD_adl-26_cam0,Lab,cam0,NORMAL,URFD/adl-26-cam0.mp4,UNKNOWN,UNKNOWN,UNKNOWN,95,30.0,640,480,3.17,UNKNOWN,URFD/adl-26-cam0-d,URFD/adl-26-cam0-rgb,URFD/adl-26-data.csv,UNKNOWN,CSV_TIMESTAMPS
URFD,adl-27,URFD_adl-27_cam0,Lab,cam0,NORMAL,URFD/adl-27-cam0.mp4,UNKNOWN,UNKNOWN,UNKNOWN,100,30.0,640,480,3.33,UNKNOWN,URFD/adl-27-cam0-d,URFD/adl-27-cam0-rgb,URFD/adl-27-data.csv,UNKNOWN,CSV_TIMESTAMPS
URFD,adl-28,URFD_adl-28_cam0,Lab,cam0,NORMAL,URFD/adl-28-cam0.mp4,UNKNOWN,UNKNOWN,UNKNOWN,85,30.0,640,480,2.83,UNKNOWN,URFD/adl-28-cam0-d,URFD/adl-28-cam0-rgb,URFD/adl-28-data.csv,UNKNOWN,CSV_TIMESTAMPS
URFD,adl-29,URFD_adl-29_cam0,Lab,cam0,NORMAL,URFD/adl-29-cam0.mp4,UNKNOWN,UNKNOWN,UNKNOWN,125,30.0,640,480,4.17,UNKNOWN,URFD/adl-29-cam0-d,URFD/adl-29-cam0-rgb,URFD/adl-29-data.csv,UNKNOWN,CSV_TIMESTAMPS
URFD,adl-30,URFD_adl-30_cam0,Lab,cam0,NORMAL,URFD/adl-30-cam0.mp4,UNKNOWN,UNKNOWN,UNKNOWN,400,30.0,640,480,13.33,UNKNOWN,URFD/adl-30-cam0-d,URFD/adl-30-cam0-rgb,URFD/adl-30-data.csv,UNKNOWN,CSV_TIMESTAMPS
URFD,adl-31,URFD_adl-31_cam0,Lab,cam0,NORMAL,URFD/adl-31-cam0.mp4,UNKNOWN,UNKNOWN,UNKNOWN,250,30.0,640,480,8.33,UNKNOWN,URFD/adl-31-cam0-d,URFD/adl-31-cam0-rgb,URFD/adl-31-data.csv,UNKNOWN,CSV_TIMESTAMPS
URFD,adl-32,URFD_adl-32_cam0,Lab,cam0,NORMAL,URFD/adl-32-cam0.mp4,UNKNOWN,UNKNOWN,UNKNOWN,200,30.0,640,480,6.67,UNKNOWN,URFD/adl-32-cam0-d,URFD/adl-32-cam0-rgb,URFD/adl-32-data.csv,UNKNOWN,CSV_TIMESTAMPS
URFD,adl-33,URFD_adl-33_cam0,Lab,cam0,NORMAL,URFD/adl-33-cam0.mp4,UNKNOWN,UNKNOWN,UNKNOWN,200,30.0,640,480,6.67,UNKNOWN,URFD/adl-33-cam0-d,URFD/adl-33-cam0-rgb,URFD/adl-33-data.csv,UNKNOWN,CSV_TIMESTAMPS
URFD,adl-34,URFD_adl-34_cam0,Lab,cam0,NORMAL,URFD/adl-34-cam0.mp4,UNKNOWN,UNKNOWN,UNKNOWN,191,30.0,640,480,6.37,UNKNOWN,URFD/adl-34-cam0-d,URFD/adl-34-cam0-rgb,URFD/adl-34-data.csv,UNKNOWN,CSV_TIMESTAMPS
URFD,adl-35,URFD_adl-35_cam0,Lab,cam0,NORMAL,URFD/adl-35-cam0.mp4,UNKNOWN,UNKNOWN,UNKNOWN,280,30.0,640,480,9.33,UNKNOWN,URFD/adl-35-cam0-d,URFD/adl-35-cam0-rgb,URFD/adl-35-data.csv,UNKNOWN,CSV_TIMESTAMPS
URFD,adl-36,URFD_adl-36_cam0,Lab,cam0,NORMAL,URFD/adl-36-cam0.mp4,UNKNOWN,UNKNOWN,UNKNOWN,340,30.0,640,480,11.33,UNKNOWN,URFD/adl-36-cam0-d,URFD/adl-36-cam0-rgb,URFD/adl-36-data.csv,UNKNOWN,CSV_TIMESTAMPS
URFD,adl-37,URFD_adl-37_cam0,Lab,cam0,NORMAL,URFD/adl-37-cam0.mp4,UNKNOWN,UNKNOWN,UNKNOWN,350,30.0,640,480,11.67,UNKNOWN,URFD/adl-37-cam0-d,URFD/adl-37-cam0-rgb,URFD/adl-37-data.csv,UNKNOWN,CSV_TIMESTAMPS
URFD,adl-38,URFD_adl-38_cam0,Lab,cam0,NORMAL,URFD/adl-38-cam0.mp4,UNKNOWN,UNKNOWN,UNKNOWN,345,30.0,640,480,11.5,UNKNOWN,URFD/adl-38-cam0-d,URFD/adl-38-cam0-rgb,URFD/adl-38-data.csv,UNKNOWN,CSV_TIMESTAMPS
URFD,adl-39,URFD_adl-39_cam0,Lab,cam0,NORMAL,URFD/adl-39-cam0.mp4,UNKNOWN,UNKNOWN,UNKNOWN,270,30.0,640,480,9.0,UNKNOWN,URFD/adl-39-cam0-d,URFD/adl-39-cam0-rgb,URFD/adl-39-data.csv,UNKNOWN,CSV_TIMESTAMPS
URFD,adl-40,URFD_adl-40_cam0,Lab,cam0,NORMAL,URFD/adl-40-cam0.mp4,UNKNOWN,UNKNOWN,UNKNOWN,330,30.0,640,480,11.0,UNKNOWN,URFD/adl-40-cam0-d,URFD/adl-40-cam0-rgb,URFD/adl-40-data.csv,UNKNOWN,CSV_TIMESTAMPS
URFD,fall-01,URFD_fall-01_cam0,Lab,cam0,FALL,URFD/fall-01-cam0.mp4,UNKNOWN,UNKNOWN,UNKNOWN,160,30.0,640,480,5.33,UNKNOWN,URFD/fall-01-cam0-d,URFD/fall-01-cam0-rgb,URFD/fall-01-data.csv,URFD/fall-01-data.csv,CSV_TIMESTAMPS_ACCEL
URFD,fall-01,URFD_fall-01_cam1,Lab,cam1,FALL,URFD/fall-01-cam1.mp4,UNKNOWN,UNKNOWN,UNKNOWN,160,30.0,640,480,5.33,UNKNOWN,URFD/fall-01-cam1-d,URFD/fall-01-cam1-rgb,URFD/fall-01-data.csv,URFD/fall-01-data.csv,CSV_TIMESTAMPS_ACCEL
URFD,fall-02,URFD_fall-02_cam0,Lab,cam0,FALL,URFD/fall-02-cam0.mp4,UNKNOWN,UNKNOWN,UNKNOWN,110,30.0,640,480,3.67,UNKNOWN,URFD/fall-02-cam0-d,URFD/fall-02-cam0-rgb,URFD/fall-02-data.csv,URFD/fall-02-data.csv,CSV_TIMESTAMPS_ACCEL
URFD,fall-02,URFD_fall-02_cam1,Lab,cam1,FALL,URFD/fall-02-cam1.mp4,UNKNOWN,UNKNOWN,UNKNOWN,110,30.0,640,480,3.67,UNKNOWN,URFD/fall-02-cam1-d,URFD/fall-02-cam1-rgb,URFD/fall-02-data.csv,URFD/fall-02-data.csv,CSV_TIMESTAMPS_ACCEL
URFD,fall-03,URFD_fall-03_cam0,Lab,cam0,FALL,URFD/fall-03-cam0.mp4,UNKNOWN,UNKNOWN,UNKNOWN,215,30.0,640,480,7.17,UNKNOWN,URFD/fall-03-cam0-d,URFD/fall-03-cam0-rgb,URFD/fall-03-data.csv,URFD/fall-03-data.csv,CSV_TIMESTAMPS_ACCEL
URFD,fall-03,URFD_fall-03_cam1,Lab,cam1,FALL,URFD/fall-03-cam1.mp4,UNKNOWN,UNKNOWN,UNKNOWN,216,30.0,640,480,7.2,UNKNOWN,URFD/fall-03-cam1-d,URFD/fall-03-cam1-rgb,URFD/fall-03-data.csv,URFD/fall-03-data.csv,CSV_TIMESTAMPS_ACCEL
URFD,fall-04,URFD_fall-04_cam0,Lab,cam0,FALL,URFD/fall-04-cam0.mp4,UNKNOWN,UNKNOWN,UNKNOWN,96,30.0,640,480,3.2,UNKNOWN,URFD/fall-04-cam0-d,URFD/fall-04-cam0-rgb,URFD/fall-04-data.csv,URFD/fall-04-data.csv,CSV_TIMESTAMPS_ACCEL
URFD,fall-04,URFD_fall-04_cam1,Lab,cam1,FALL,URFD/fall-04-cam1.mp4,UNKNOWN,UNKNOWN,UNKNOWN,96,30.0,640,480,3.2,UNKNOWN,URFD/fall-04-cam1-d,URFD/fall-04-cam1-rgb,URFD/fall-04-data.csv,URFD/fall-04-data.csv,CSV_TIMESTAMPS_ACCEL
URFD,fall-05,URFD_fall-05_cam0,Lab,cam0,FALL,URFD/fall-05-cam0.mp4,UNKNOWN,UNKNOWN,UNKNOWN,151,30.0,640,480,5.03,UNKNOWN,URFD/fall-05-cam0-d,URFD/fall-05-cam0-rgb,URFD/fall-05-data.csv,URFD/fall-05-data.csv,CSV_TIMESTAMPS_ACCEL
URFD,fall-05,URFD_fall-05_cam1,Lab,cam1,FALL,URFD/fall-05-cam1.mp4,UNKNOWN,UNKNOWN,UNKNOWN,151,30.0,640,480,5.03,UNKNOWN,URFD/fall-05-cam1-d,URFD/fall-05-cam1-rgb,URFD/fall-05-data.csv,URFD/fall-05-data.csv,CSV_TIMESTAMPS_ACCEL
URFD,fall-06,URFD_fall-06_cam0,Lab,cam0,FALL,URFD/fall-06-cam0.mp4,UNKNOWN,UNKNOWN,UNKNOWN,100,30.0,640,480,3.33,UNKNOWN,URFD/fall-06-cam0-d,URFD/fall-06-cam0-rgb,URFD/fall-06-data.csv,URFD/fall-06-data.csv,CSV_TIMESTAMPS_ACCEL
URFD,fall-06,URFD_fall-06_cam1,Lab,cam1,FALL,URFD/fall-06-cam1.mp4,UNKNOWN,UNKNOWN,UNKNOWN,100,30.0,640,480,3.33,UNKNOWN,URFD/fall-06-cam1-d,URFD/fall-06-cam1-rgb,URFD/fall-06-data.csv,URFD/fall-06-data.csv,CSV_TIMESTAMPS_ACCEL
URFD,fall-07,URFD_fall-07_cam0,Lab,cam0,FALL,URFD/fall-07-cam0.mp4,UNKNOWN,UNKNOWN,UNKNOWN,156,30.0,640,480,5.2,UNKNOWN,URFD/fall-07-cam0-d,URFD/fall-07-cam0-rgb,URFD/fall-07-data.csv,URFD/fall-07-data.csv,CSV_TIMESTAMPS_ACCEL
URFD,fall-07,URFD_fall-07_cam1,Lab,cam1,FALL,URFD/fall-07-cam1.mp4,UNKNOWN,UNKNOWN,UNKNOWN,156,30.0,640,480,5.2,UNKNOWN,URFD/fall-07-cam1-d,URFD/fall-07-cam1-rgb,URFD/fall-07-data.csv,URFD/fall-07-data.csv,CSV_TIMESTAMPS_ACCEL
URFD,fall-08,URFD_fall-08_cam0,Lab,cam0,FALL,URFD/fall-08-cam0.mp4,UNKNOWN,UNKNOWN,UNKNOWN,91,30.0,640,480,3.03,UNKNOWN,URFD/fall-08-cam0-d,URFD/fall-08-cam0-rgb,URFD/fall-08-data.csv,URFD/fall-08-data.csv,CSV_TIMESTAMPS_ACCEL
URFD,fall-08,URFD_fall-08_cam1,Lab,cam1,FALL,URFD/fall-08-cam1.mp4,UNKNOWN,UNKNOWN,UNKNOWN,91,30.0,640,480,3.03,UNKNOWN,URFD/fall-08-cam1-d,URFD/fall-08-cam1-rgb,URFD/fall-08-data.csv,URFD/fall-08-data.csv,CSV_TIMESTAMPS_ACCEL
URFD,fall-09,URFD_fall-09_cam0,Lab,cam0,FALL,URFD/fall-09-cam0.mp4,UNKNOWN,UNKNOWN,UNKNOWN,185,30.0,640,480,6.17,UNKNOWN,URFD/fall-09-cam0-d,URFD/fall-09-cam0-rgb,URFD/fall-09-data.csv,URFD/fall-09-data.csv,CSV_TIMESTAMPS_ACCEL
URFD,fall-09,URFD_fall-09_cam1,Lab,cam1,FALL,URFD/fall-09-cam1.mp4,UNKNOWN,UNKNOWN,UNKNOWN,185,30.0,640,480,6.17,UNKNOWN,URFD/fall-09-cam1-d,URFD/fall-09-cam1-rgb,URFD/fall-09-data.csv,URFD/fall-09-data.csv,CSV_TIMESTAMPS_ACCEL
URFD,fall-10,URFD_fall-10_cam0,Lab,cam0,FALL,URFD/fall-10-cam0.mp4,UNKNOWN,UNKNOWN,UNKNOWN,130,30.0,640,480,4.33,UNKNOWN,URFD/fall-10-cam0-d,URFD/fall-10-cam0-rgb,URFD/fall-10-data.csv,URFD/fall-10-data.csv,CSV_TIMESTAMPS_ACCEL
URFD,fall-10,URFD_fall-10_cam1,Lab,cam1,FALL,URFD/fall-10-cam1.mp4,UNKNOWN,UNKNOWN,UNKNOWN,130,30.0,640,480,4.33,UNKNOWN,URFD/fall-10-cam1-d,URFD/fall-10-cam1-rgb,URFD/fall-10-data.csv,URFD/fall-10-data.csv,CSV_TIMESTAMPS_ACCEL
URFD,fall-11,URFD_fall-11_cam0,Lab,cam0,FALL,URFD/fall-11-cam0.mp4,UNKNOWN,UNKNOWN,UNKNOWN,130,30.0,640,480,4.33,UNKNOWN,URFD/fall-11-cam0-d,URFD/fall-11-cam0-rgb,URFD/fall-11-data.csv,URFD/fall-11-data.csv,CSV_TIMESTAMPS_ACCEL
URFD,fall-11,URFD_fall-11_cam1,Lab,cam1,FALL,URFD/fall-11-cam1.mp4,UNKNOWN,UNKNOWN,UNKNOWN,130,30.0,640,480,4.33,UNKNOWN,URFD/fall-11-cam1-d,URFD/fall-11-cam1-rgb,URFD/fall-11-data.csv,URFD/fall-11-data.csv,CSV_TIMESTAMPS_ACCEL
URFD,fall-12,URFD_fall-12_cam0,Lab,cam0,FALL,URFD/fall-12-cam0.mp4,UNKNOWN,UNKNOWN,UNKNOWN,110,30.0,640,480,3.67,UNKNOWN,URFD/fall-12-cam0-d,URFD/fall-12-cam0-rgb,URFD/fall-12-data.csv,URFD/fall-12-data.csv,CSV_TIMESTAMPS_ACCEL
URFD,fall-12,URFD_fall-12_cam1,Lab,cam1,FALL,URFD/fall-12-cam1.mp4,UNKNOWN,UNKNOWN,UNKNOWN,110,30.0,640,480,3.67,UNKNOWN,URFD/fall-12-cam1-d,URFD/fall-12-cam1-rgb,URFD/fall-12-data.csv,URFD/fall-12-data.csv,CSV_TIMESTAMPS_ACCEL
URFD,fall-13,URFD_fall-13_cam0,Lab,cam0,FALL,URFD/fall-13-cam0.mp4,UNKNOWN,UNKNOWN,UNKNOWN,85,30.0,640,480,2.83,UNKNOWN,URFD/fall-13-cam0-d,URFD/fall-13-cam0-rgb,URFD/fall-13-data.csv,URFD/fall-13-data.csv,CSV_TIMESTAMPS_ACCEL
URFD,fall-13,URFD_fall-13_cam1,Lab,cam1,FALL,URFD/fall-13-cam1.mp4,UNKNOWN,UNKNOWN,UNKNOWN,85,30.0,640,480,2.83,UNKNOWN,URFD/fall-13-cam1-d,URFD/fall-13-cam1-rgb,URFD/fall-13-data.csv,URFD/fall-13-data.csv,CSV_TIMESTAMPS_ACCEL
URFD,fall-14,URFD_fall-14_cam0,Lab,cam0,FALL,URFD/fall-14-cam0.mp4,UNKNOWN,UNKNOWN,UNKNOWN,61,30.0,640,480,2.03,UNKNOWN,URFD/fall-14-cam0-d,URFD/fall-14-cam0-rgb,URFD/fall-14-data.csv,URFD/fall-14-data.csv,CSV_TIMESTAMPS_ACCEL
URFD,fall-14,URFD_fall-14_cam1,Lab,cam1,FALL,URFD/fall-14-cam1.mp4,UNKNOWN,UNKNOWN,UNKNOWN,61,30.0,640,480,2.03,UNKNOWN,URFD/fall-14-cam1-d,URFD/fall-14-cam1-rgb,URFD/fall-14-data.csv,URFD/fall-14-data.csv,CSV_TIMESTAMPS_ACCEL
URFD,fall-15,URFD_fall-15_cam0,Lab,cam0,FALL,URFD/fall-15-cam0.mp4,UNKNOWN,UNKNOWN,UNKNOWN,71,30.0,640,480,2.37,UNKNOWN,URFD/fall-15-cam0-d,URFD/fall-15-cam0-rgb,URFD/fall-15-data.csv,URFD/fall-15-data.csv,CSV_TIMESTAMPS_ACCEL
URFD,fall-15,URFD_fall-15_cam1,Lab,cam1,FALL,URFD/fall-15-cam1.mp4,UNKNOWN,UNKNOWN,UNKNOWN,71,30.0,640,480,2.37,UNKNOWN,URFD/fall-15-cam1-d,URFD/fall-15-cam1-rgb,URFD/fall-15-data.csv,URFD/fall-15-data.csv,CSV_TIMESTAMPS_ACCEL
URFD,fall-16,URFD_fall-16_cam0,Lab,cam0,FALL,URFD/fall-16-cam0.mp4,UNKNOWN,UNKNOWN,UNKNOWN,55,30.0,640,480,1.83,UNKNOWN,URFD/fall-16-cam0-d,URFD/fall-16-cam0-rgb,URFD/fall-16-data.csv,URFD/fall-16-data.csv,CSV_TIMESTAMPS_ACCEL
URFD,fall-16,URFD_fall-16_cam1,Lab,cam1,FALL,URFD/fall-16-cam1.mp4,UNKNOWN,UNKNOWN,UNKNOWN,55,30.0,640,480,1.83,UNKNOWN,URFD/fall-16-cam1-d,URFD/fall-16-cam1-rgb,URFD/fall-16-data.csv,URFD/fall-16-data.csv,CSV_TIMESTAMPS_ACCEL
URFD,fall-17,URFD_fall-17_cam0,Lab,cam0,FALL,URFD/fall-17-cam0.mp4,UNKNOWN,UNKNOWN,UNKNOWN,95,30.0,640,480,3.17,UNKNOWN,URFD/fall-17-cam0-d,URFD/fall-17-cam0-rgb,URFD/fall-17-data.csv,URFD/fall-17-data.csv,CSV_TIMESTAMPS_ACCEL
URFD,fall-17,URFD_fall-17_cam1,Lab,cam1,FALL,URFD/fall-17-cam1.mp4,UNKNOWN,UNKNOWN,UNKNOWN,95,30.0,640,480,3.17,UNKNOWN,URFD/fall-17-cam1-d,URFD/fall-17-cam1-rgb,URFD/fall-17-data.csv,URFD/fall-17-data.csv,CSV_TIMESTAMPS_ACCEL
URFD,fall-18,URFD_fall-18_cam0,Lab,cam0,FALL,URFD/fall-18-cam0.mp4,UNKNOWN,UNKNOWN,UNKNOWN,65,30.0,640,480,2.17,UNKNOWN,URFD/fall-18-cam0-d,URFD/fall-18-cam0-rgb,URFD/fall-18-data.csv,URFD/fall-18-data.csv,CSV_TIMESTAMPS_ACCEL
URFD,fall-18,URFD_fall-18_cam1,Lab,cam1,FALL,URFD/fall-18-cam1.mp4,UNKNOWN,UNKNOWN,UNKNOWN,65,30.0,640,480,2.17,UNKNOWN,URFD/fall-18-cam1-d,URFD/fall-18-cam1-rgb,URFD/fall-18-data.csv,URFD/fall-18-data.csv,CSV_TIMESTAMPS_ACCEL
URFD,fall-19,URFD_fall-19_cam0,Lab,cam0,FALL,URFD/fall-19-cam0.mp4,UNKNOWN,UNKNOWN,UNKNOWN,100,30.0,640,480,3.33,UNKNOWN,URFD/fall-19-cam0-d,URFD/fall-19-cam0-rgb,URFD/fall-19-data.csv,URFD/fall-19-data.csv,CSV_TIMESTAMPS_ACCEL
URFD,fall-19,URFD_fall-19_cam1,Lab,cam1,FALL,URFD/fall-19-cam1.mp4,UNKNOWN,UNKNOWN,UNKNOWN,100,30.0,640,480,3.33,UNKNOWN,URFD/fall-19-cam1-d,URFD/fall-19-cam1-rgb,URFD/fall-19-data.csv,URFD/fall-19-data.csv,CSV_TIMESTAMPS_ACCEL
URFD,fall-20,URFD_fall-20_cam0,Lab,cam0,FALL,URFD/fall-20-cam0.mp4,UNKNOWN,UNKNOWN,UNKNOWN,110,30.0,640,480,3.67,UNKNOWN,URFD/fall-20-cam0-d,URFD/fall-20-cam0-rgb,URFD/fall-20-data.csv,URFD/fall-20-data.csv,CSV_TIMESTAMPS_ACCEL
URFD,fall-20,URFD_fall-20_cam1,Lab,cam1,FALL,URFD/fall-20-cam1.mp4,UNKNOWN,UNKNOWN,UNKNOWN,110,30.0,640,480,3.67,UNKNOWN,URFD/fall-20-cam1-d,URFD/fall-20-cam1-rgb,URFD/fall-20-data.csv,URFD/fall-20-data.csv,CSV_TIMESTAMPS_ACCEL
URFD,fall-21,URFD_fall-21_cam0,Lab,cam0,FALL,URFD/fall-21-cam0.mp4,UNKNOWN,UNKNOWN,UNKNOWN,55,30.0,640,480,1.83,UNKNOWN,URFD/fall-21-cam0-d,URFD/fall-21-cam0-rgb,URFD/fall-21-data.csv,URFD/fall-21-data.csv,CSV_TIMESTAMPS_ACCEL
URFD,fall-21,URFD_fall-21_cam1,Lab,cam1,FALL,URFD/fall-21-cam1.mp4,UNKNOWN,UNKNOWN,UNKNOWN,55,30.0,640,480,1.83,UNKNOWN,URFD/fall-21-cam1-d,URFD/fall-21-cam1-rgb,URFD/fall-21-data.csv,URFD/fall-21-data.csv,CSV_TIMESTAMPS_ACCEL
URFD,fall-22,URFD_fall-22_cam0,Lab,cam0,FALL,URFD/fall-22-cam0.mp4,UNKNOWN,UNKNOWN,UNKNOWN,56,30.0,640,480,1.87,UNKNOWN,URFD/fall-22-cam0-d,URFD/fall-22-cam0-rgb,URFD/fall-22-data.csv,URFD/fall-22-data.csv,CSV_TIMESTAMPS_ACCEL
URFD,fall-22,URFD_fall-22_cam1,Lab,cam1,FALL,URFD/fall-22-cam1.mp4,UNKNOWN,UNKNOWN,UNKNOWN,56,30.0,640,480,1.87,UNKNOWN,URFD/fall-22-cam1-d,URFD/fall-22-cam1-rgb,URFD/fall-22-data.csv,URFD/fall-22-data.csv,CSV_TIMESTAMPS_ACCEL
URFD,fall-23,URFD_fall-23_cam0,Lab,cam0,FALL,URFD/fall-23-cam0.mp4,UNKNOWN,UNKNOWN,UNKNOWN,75,30.0,640,480,2.5,UNKNOWN,URFD/fall-23-cam0-d,URFD/fall-23-cam0-rgb,URFD/fall-23-data.csv,URFD/fall-23-data.csv,CSV_TIMESTAMPS_ACCEL
URFD,fall-23,URFD_fall-23_cam1,Lab,cam1,FALL,URFD/fall-23-cam1.mp4,UNKNOWN,UNKNOWN,UNKNOWN,75,30.0,640,480,2.5,UNKNOWN,URFD/fall-23-cam1-d,URFD/fall-23-cam1-rgb,URFD/fall-23-data.csv,URFD/fall-23-data.csv,CSV_TIMESTAMPS_ACCEL
URFD,fall-24,URFD_fall-24_cam0,Lab,cam0,FALL,URFD/fall-24-cam0.mp4,UNKNOWN,UNKNOWN,UNKNOWN,60,30.0,640,480,2.0,UNKNOWN,URFD/fall-24-cam0-d,URFD/fall-24-cam0-rgb,URFD/fall-24-data.csv,URFD/fall-24-data.csv,CSV_TIMESTAMPS_ACCEL
URFD,fall-24,URFD_fall-24_cam1,Lab,cam1,FALL,URFD/fall-24-cam1.mp4,UNKNOWN,UNKNOWN,UNKNOWN,60,30.0,640,480,2.0,UNKNOWN,URFD/fall-24-cam1-d,URFD/fall-24-cam1-rgb,URFD/fall-24-data.csv,URFD/fall-24-data.csv,CSV_TIMESTAMPS_ACCEL
URFD,fall-25,URFD_fall-25_cam0,Lab,cam0,FALL,URFD/fall-25-cam0.mp4,UNKNOWN,UNKNOWN,UNKNOWN,85,30.0,640,480,2.83,UNKNOWN,URFD/fall-25-cam0-d,URFD/fall-25-cam0-rgb,URFD/fall-25-data.csv,URFD/fall-25-data.csv,CSV_TIMESTAMPS_ACCEL
URFD,fall-25,URFD_fall-25_cam1,Lab,cam1,FALL,URFD/fall-25-cam1.mp4,UNKNOWN,UNKNOWN,UNKNOWN,85,30.0,640,480,2.83,UNKNOWN,URFD/fall-25-cam1-d,URFD/fall-25-cam1-rgb,URFD/fall-25-data.csv,URFD/fall-25-data.csv,CSV_TIMESTAMPS_ACCEL
URFD,fall-26,URFD_fall-26_cam0,Lab,cam0,FALL,URFD/fall-26-cam0.mp4,UNKNOWN,UNKNOWN,UNKNOWN,61,30.0,640,480,2.03,UNKNOWN,URFD/fall-26-cam0-d,URFD/fall-26-cam0-rgb,URFD/fall-26-data.csv,URFD/fall-26-data.csv,CSV_TIMESTAMPS_ACCEL
URFD,fall-26,URFD_fall-26_cam1,Lab,cam1,FALL,URFD/fall-26-cam1.mp4,UNKNOWN,UNKNOWN,UNKNOWN,61,30.0,640,480,2.03,UNKNOWN,URFD/fall-26-cam1-d,URFD/fall-26-cam1-rgb,URFD/fall-26-data.csv,URFD/fall-26-data.csv,CSV_TIMESTAMPS_ACCEL
URFD,fall-27,URFD_fall-27_cam0,Lab,cam0,FALL,URFD/fall-27-cam0.mp4,UNKNOWN,UNKNOWN,UNKNOWN,92,30.0,640,480,3.07,UNKNOWN,URFD/fall-27-cam0-d,URFD/fall-27-cam0-rgb,URFD/fall-27-data.csv,URFD/fall-27-data.csv,CSV_TIMESTAMPS_ACCEL
URFD,fall-27,URFD_fall-27_cam1,Lab,cam1,FALL,URFD/fall-27-cam1.mp4,UNKNOWN,UNKNOWN,UNKNOWN,92,30.0,640,480,3.07,UNKNOWN,URFD/fall-27-cam1-d,URFD/fall-27-cam1-rgb,URFD/fall-27-data.csv,URFD/fall-27-data.csv,CSV_TIMESTAMPS_ACCEL
URFD,fall-28,URFD_fall-28_cam0,Lab,cam0,FALL,URFD/fall-28-cam0.mp4,UNKNOWN,UNKNOWN,UNKNOWN,66,30.0,640,480,2.2,UNKNOWN,URFD/fall-28-cam0-d,URFD/fall-28-cam0-rgb,URFD/fall-28-data.csv,URFD/fall-28-data.csv,CSV_TIMESTAMPS_ACCEL
URFD,fall-28,URFD_fall-28_cam1,Lab,cam1,FALL,URFD/fall-28-cam1.mp4,UNKNOWN,UNKNOWN,UNKNOWN,66,30.0,640,480,2.2,UNKNOWN,URFD/fall-28-cam1-d,URFD/fall-28-cam1-rgb,URFD/fall-28-data.csv,URFD/fall-28-data.csv,CSV_TIMESTAMPS_ACCEL
URFD,fall-29,URFD_fall-29_cam0,Lab,cam0,FALL,URFD/fall-29-cam0.mp4,UNKNOWN,UNKNOWN,UNKNOWN,99,30.0,640,480,3.3,UNKNOWN,URFD/fall-29-cam0-d,URFD/fall-29-cam0-rgb,URFD/fall-29-data.csv,URFD/fall-29-data.csv,CSV_TIMESTAMPS_ACCEL
URFD,fall-29,URFD_fall-29_cam1,Lab,cam1,FALL,URFD/fall-29-cam1.mp4,UNKNOWN,UNKNOWN,UNKNOWN,99,30.0,640,480,3.3,UNKNOWN,URFD/fall-29-cam1-d,URFD/fall-29-cam1-rgb,URFD/fall-29-data.csv,URFD/fall-29-data.csv,CSV_TIMESTAMPS_ACCEL
URFD,fall-30,URFD_fall-30_cam0,Lab,cam0,FALL,URFD/fall-30-cam0.mp4,UNKNOWN,UNKNOWN,UNKNOWN,70,30.0,640,480,2.33,UNKNOWN,URFD/fall-30-cam0-d,URFD/fall-30-cam0-rgb,URFD/fall-30-data.csv,URFD/fall-30-data.csv,CSV_TIMESTAMPS_ACCEL
URFD,fall-30,URFD_fall-30_cam1,Lab,cam1,FALL,URFD/fall-30-cam1.mp4,UNKNOWN,UNKNOWN,UNKNOWN,70,30.0,640,480,2.33,UNKNOWN,URFD/fall-30-cam1-d,URFD/fall-30-cam1-rgb,URFD/fall-30-data.csv,URFD/fall-30-data.csv,CSV_TIMESTAMPS_ACCEL
Le2i,Coffee_room_01_v1,Le2i_Coffee_room_01_v1,Coffee_room_01,Coffee_room_01_cam0,FALL,Le2i/data/Coffee_room_01/Coffee_room_01/Videos/video (1).avi,Le2i/data/Coffee_room_01/Coffee_room_01/Annotation_files/video (1).txt,48,80,157,25.0,320,240,6.28,UNKNOWN,UNKNOWN,UNKNOWN,UNKNOWN,UNKNOWN,TXT_BBOX_FALL_RANGE
Le2i,Coffee_room_01_v10,Le2i_Coffee_room_01_v10,Coffee_room_01,Coffee_room_01_cam0,FALL,Le2i/data/Coffee_room_01/Coffee_room_01/Videos/video (10).avi,Le2i/data/Coffee_room_01/Coffee_room_01/Annotation_files/video (10).txt,211,238,362,25.0,320,240,14.48,UNKNOWN,UNKNOWN,UNKNOWN,UNKNOWN,UNKNOWN,TXT_BBOX_FALL_RANGE
Le2i,Coffee_room_01_v11,Le2i_Coffee_room_01_v11,Coffee_room_01,Coffee_room_01_cam0,FALL,Le2i/data/Coffee_room_01/Coffee_room_01/Videos/video (11).avi,Le2i/data/Coffee_room_01/Coffee_room_01/Annotation_files/video (11).txt,375,404,483,25.0,320,240,19.32,UNKNOWN,UNKNOWN,UNKNOWN,UNKNOWN,UNKNOWN,TXT_BBOX_FALL_RANGE
Le2i,Coffee_room_01_v12,Le2i_Coffee_room_01_v12,Coffee_room_01,Coffee_room_01_cam0,FALL,Le2i/data/Coffee_room_01/Coffee_room_01/Videos/video (12).avi,Le2i/data/Coffee_room_01/Coffee_room_01/Annotation_files/video (12).txt,53,75,182,25.0,320,240,7.28,UNKNOWN,UNKNOWN,UNKNOWN,UNKNOWN,UNKNOWN,TXT_BBOX_FALL_RANGE
Le2i,Coffee_room_01_v13,Le2i_Coffee_room_01_v13,Coffee_room_01,Coffee_room_01_cam0,FALL,Le2i/data/Coffee_room_01/Coffee_room_01/Videos/video (13).avi,Le2i/data/Coffee_room_01/Coffee_room_01/Annotation_files/video (13).txt,96,115,244,25.0,320,240,9.76,UNKNOWN,UNKNOWN,UNKNOWN,UNKNOWN,UNKNOWN,TXT_BBOX_FALL_RANGE
Le2i,Coffee_room_01_v14,Le2i_Coffee_room_01_v14,Coffee_room_01,Coffee_room_01_cam0,FALL,Le2i/data/Coffee_room_01/Coffee_room_01/Videos/video (14).avi,Le2i/data/Coffee_room_01/Coffee_room_01/Annotation_files/video (14).txt,52,76,176,25.0,320,240,7.04,UNKNOWN,UNKNOWN,UNKNOWN,UNKNOWN,UNKNOWN,TXT_BBOX_FALL_RANGE
Le2i,Coffee_room_01_v15,Le2i_Coffee_room_01_v15,Coffee_room_01,Coffee_room_01_cam0,FALL,Le2i/data/Coffee_room_01/Coffee_room_01/Videos/video (15).avi,Le2i/data/Coffee_room_01/Coffee_room_01/Annotation_files/video (15).txt,48,73,140,25.0,320,240,5.6,UNKNOWN,UNKNOWN,UNKNOWN,UNKNOWN,UNKNOWN,TXT_BBOX_FALL_RANGE
Le2i,Coffee_room_01_v16,Le2i_Coffee_room_01_v16,Coffee_room_01,Coffee_room_01_cam0,FALL,Le2i/data/Coffee_room_01/Coffee_room_01/Videos/video (16).avi,Le2i/data/Coffee_room_01/Coffee_room_01/Annotation_files/video (16).txt,46,65,177,25.0,320,240,7.08,UNKNOWN,UNKNOWN,UNKNOWN,UNKNOWN,UNKNOWN,TXT_BBOX_FALL_RANGE
Le2i,Coffee_room_01_v17,Le2i_Coffee_room_01_v17,Coffee_room_01,Coffee_room_01_cam0,FALL,Le2i/data/Coffee_room_01/Coffee_room_01/Videos/video (17).avi,Le2i/data/Coffee_room_01/Coffee_room_01/Annotation_files/video (17).txt,20,57,158,25.0,320,240,6.32,UNKNOWN,UNKNOWN,UNKNOWN,UNKNOWN,UNKNOWN,TXT_BBOX_FALL_RANGE
Le2i,Coffee_room_01_v18,Le2i_Coffee_room_01_v18,Coffee_room_01,Coffee_room_01_cam0,FALL,Le2i/data/Coffee_room_01/Coffee_room_01/Videos/video (18).avi,Le2i/data/Coffee_room_01/Coffee_room_01/Annotation_files/video (18).txt,154,184,269,25.0,320,240,10.76,UNKNOWN,UNKNOWN,UNKNOWN,UNKNOWN,UNKNOWN,TXT_BBOX_FALL_RANGE
Le2i,Coffee_room_01_v19,Le2i_Coffee_room_01_v19,Coffee_room_01,Coffee_room_01_cam0,FALL,Le2i/data/Coffee_room_01/Coffee_room_01/Videos/video (19).avi,Le2i/data/Coffee_room_01/Coffee_room_01/Annotation_files/video (19).txt,89,129,213,25.0,320,240,8.52,UNKNOWN,UNKNOWN,UNKNOWN,UNKNOWN,UNKNOWN,TXT_BBOX_FALL_RANGE
Le2i,Coffee_room_01_v2,Le2i_Coffee_room_01_v2,Coffee_room_01,Coffee_room_01_cam0,FALL,Le2i/data/Coffee_room_01/Coffee_room_01/Videos/video (2).avi,Le2i/data/Coffee_room_01/Coffee_room_01/Annotation_files/video (2).txt,192,219,306,25.0,320,240,12.24,UNKNOWN,UNKNOWN,UNKNOWN,UNKNOWN,UNKNOWN,TXT_BBOX_FALL_RANGE
Le2i,Coffee_room_01_v20,Le2i_Coffee_room_01_v20,Coffee_room_01,Coffee_room_01_cam0,FALL,Le2i/data/Coffee_room_01/Coffee_room_01/Videos/video (20).avi,Le2i/data/Coffee_room_01/Coffee_room_01/Annotation_files/video (20).txt,330,375,444,25.0,320,240,17.76,UNKNOWN,UNKNOWN,UNKNOWN,UNKNOWN,UNKNOWN,TXT_BBOX_FALL_RANGE
Le2i,Coffee_room_01_v21,Le2i_Coffee_room_01_v21,Coffee_room_01,Coffee_room_01_cam0,FALL,Le2i/data/Coffee_room_01/Coffee_room_01/Videos/video (21).avi,Le2i/data/Coffee_room_01/Coffee_room_01/Annotation_files/video (21).txt,85,101,182,25.0,320,240,7.28,UNKNOWN,UNKNOWN,UNKNOWN,UNKNOWN,UNKNOWN,TXT_BBOX_FALL_RANGE
Le2i,Coffee_room_01_v22,Le2i_Coffee_room_01_v22,Coffee_room_01,Coffee_room_01_cam0,FALL,Le2i/data/Coffee_room_01/Coffee_room_01/Videos/video (22).avi,Le2i/data/Coffee_room_01/Coffee_room_01/Annotation_files/video (22).txt,125,140,229,25.0,320,240,9.16,UNKNOWN,UNKNOWN,UNKNOWN,UNKNOWN,UNKNOWN,TXT_BBOX_FALL_RANGE
Le2i,Coffee_room_01_v23,Le2i_Coffee_room_01_v23,Coffee_room_01,Coffee_room_01_cam0,FALL,Le2i/data/Coffee_room_01/Coffee_room_01/Videos/video (23).avi,Le2i/data/Coffee_room_01/Coffee_room_01/Annotation_files/video (23).txt,209,244,311,25.0,320,240,12.44,UNKNOWN,UNKNOWN,UNKNOWN,UNKNOWN,UNKNOWN,TXT_BBOX_FALL_RANGE
Le2i,Coffee_room_01_v24,Le2i_Coffee_room_01_v24,Coffee_room_01,Coffee_room_01_cam0,FALL,Le2i/data/Coffee_room_01/Coffee_room_01/Videos/video (24).avi,Le2i/data/Coffee_room_01/Coffee_room_01/Annotation_files/video (24).txt,209,235,267,25.0,320,240,10.68,UNKNOWN,UNKNOWN,UNKNOWN,UNKNOWN,UNKNOWN,TXT_BBOX_FALL_RANGE
Le2i,Coffee_room_01_v25,Le2i_Coffee_room_01_v25,Coffee_room_01,Coffee_room_01_cam0,FALL,Le2i/data/Coffee_room_01/Coffee_room_01/Videos/video (25).avi,Le2i/data/Coffee_room_01/Coffee_room_01/Annotation_files/video (25).txt,137,179,262,25.0,320,240,10.48,UNKNOWN,UNKNOWN,UNKNOWN,UNKNOWN,UNKNOWN,TXT_BBOX_FALL_RANGE
Le2i,Coffee_room_01_v26,Le2i_Coffee_room_01_v26,Coffee_room_01,Coffee_room_01_cam0,UNKNOWN,Le2i/data/Coffee_room_01/Coffee_room_01/Videos/video (26).avi,Le2i/data/Coffee_room_01/Coffee_room_01/Annotation_files/video (26).txt,UNKNOWN,UNKNOWN,278,25.0,320,240,11.12,UNKNOWN,UNKNOWN,UNKNOWN,UNKNOWN,UNKNOWN,TXT_BBOX_FALL_RANGE
Le2i,Coffee_room_01_v27,Le2i_Coffee_room_01_v27,Coffee_room_01,Coffee_room_01_cam0,FALL,Le2i/data/Coffee_room_01/Coffee_room_01/Videos/video (27).avi,Le2i/data/Coffee_room_01/Coffee_room_01/Annotation_files/video (27).txt,163,196,253,25.0,320,240,10.12,UNKNOWN,UNKNOWN,UNKNOWN,UNKNOWN,UNKNOWN,TXT_BBOX_FALL_RANGE
Le2i,Coffee_room_01_v28,Le2i_Coffee_room_01_v28,Coffee_room_01,Coffee_room_01_cam0,FALL,Le2i/data/Coffee_room_01/Coffee_room_01/Videos/video (28).avi,Le2i/data/Coffee_room_01/Coffee_room_01/Annotation_files/video (28).txt,59,90,175,25.0,320,240,7.0,UNKNOWN,UNKNOWN,UNKNOWN,UNKNOWN,UNKNOWN,TXT_BBOX_FALL_RANGE
Le2i,Coffee_room_01_v29,Le2i_Coffee_room_01_v29,Coffee_room_01,Coffee_room_01_cam0,FALL,Le2i/data/Coffee_room_01/Coffee_room_01/Videos/video (29).avi,Le2i/data/Coffee_room_01/Coffee_room_01/Annotation_files/video (29).txt,297,328,328,25.0,320,240,13.12,UNKNOWN,UNKNOWN,UNKNOWN,UNKNOWN,UNKNOWN,TXT_BBOX_FALL_RANGE
Le2i,Coffee_room_01_v3,Le2i_Coffee_room_01_v3,Coffee_room_01,Coffee_room_01_cam0,FALL,Le2i/data/Coffee_room_01/Coffee_room_01/Videos/video (3).avi,Le2i/data/Coffee_room_01/Coffee_room_01/Annotation_files/video (3).txt,223,261,304,25.0,320,240,12.16,UNKNOWN,UNKNOWN,UNKNOWN,UNKNOWN,UNKNOWN,TXT_BBOX_FALL_RANGE
Le2i,Coffee_room_01_v30,Le2i_Coffee_room_01_v30,Coffee_room_01,Coffee_room_01_cam0,FALL,Le2i/data/Coffee_room_01/Coffee_room_01/Videos/video (30).avi,Le2i/data/Coffee_room_01/Coffee_room_01/Annotation_files/video (30).txt,80,104,145,25.0,320,240,5.8,UNKNOWN,UNKNOWN,UNKNOWN,UNKNOWN,UNKNOWN,TXT_BBOX_FALL_RANGE
Le2i,Coffee_room_01_v31,Le2i_Coffee_room_01_v31,Coffee_room_01,Coffee_room_01_cam0,FALL,Le2i/data/Coffee_room_01/Coffee_room_01/Videos/video (31).avi,Le2i/data/Coffee_room_01/Coffee_room_01/Annotation_files/video (31).txt,158,176,265,25.0,320,240,10.6,UNKNOWN,UNKNOWN,UNKNOWN,UNKNOWN,UNKNOWN,TXT_BBOX_FALL_RANGE
Le2i,Coffee_room_01_v32,Le2i_Coffee_room_01_v32,Coffee_room_01,Coffee_room_01_cam0,FALL,Le2i/data/Coffee_room_01/Coffee_room_01/Videos/video (32).avi,Le2i/data/Coffee_room_01/Coffee_room_01/Annotation_files/video (32).txt,206,229,305,25.0,320,240,12.2,UNKNOWN,UNKNOWN,UNKNOWN,UNKNOWN,UNKNOWN,TXT_BBOX_FALL_RANGE
Le2i,Coffee_room_01_v33,Le2i_Coffee_room_01_v33,Coffee_room_01,Coffee_room_01_cam0,FALL,Le2i/data/Coffee_room_01/Coffee_room_01/Videos/video (33).avi,Le2i/data/Coffee_room_01/Coffee_room_01/Annotation_files/video (33).txt,87,116,227,25.0,320,240,9.08,UNKNOWN,UNKNOWN,UNKNOWN,UNKNOWN,UNKNOWN,TXT_BBOX_FALL_RANGE
Le2i,Coffee_room_01_v34,Le2i_Coffee_room_01_v34,Coffee_room_01,Coffee_room_01_cam0,FALL,Le2i/data/Coffee_room_01/Coffee_room_01/Videos/video (34).avi,Le2i/data/Coffee_room_01/Coffee_room_01/Annotation_files/video (34).txt,331,357,415,25.0,320,240,16.6,UNKNOWN,UNKNOWN,UNKNOWN,UNKNOWN,UNKNOWN,TXT_BBOX_FALL_RANGE
Le2i,Coffee_room_01_v35,Le2i_Coffee_room_01_v35,Coffee_room_01,Coffee_room_01_cam0,FALL,Le2i/data/Coffee_room_01/Coffee_room_01/Videos/video (35).avi,Le2i/data/Coffee_room_01/Coffee_room_01/Annotation_files/video (35).txt,74,106,231,25.0,320,240,9.24,UNKNOWN,UNKNOWN,UNKNOWN,UNKNOWN,UNKNOWN,TXT_BBOX_FALL_RANGE
Le2i,Coffee_room_01_v36,Le2i_Coffee_room_01_v36,Coffee_room_01,Coffee_room_01_cam0,FALL,Le2i/data/Coffee_room_01/Coffee_room_01/Videos/video (36).avi,Le2i/data/Coffee_room_01/Coffee_room_01/Annotation_files/video (36).txt,1088,1116,1203,25.0,320,240,48.12,UNKNOWN,UNKNOWN,UNKNOWN,UNKNOWN,UNKNOWN,TXT_BBOX_FALL_RANGE
Le2i,Coffee_room_01_v37,Le2i_Coffee_room_01_v37,Coffee_room_01,Coffee_room_01_cam0,FALL,Le2i/data/Coffee_room_01/Coffee_room_01/Videos/video (37).avi,Le2i/data/Coffee_room_01/Coffee_room_01/Annotation_files/video (37).txt,57,82,206,25.0,320,240,8.24,UNKNOWN,UNKNOWN,UNKNOWN,UNKNOWN,UNKNOWN,TXT_BBOX_FALL_RANGE
Le2i,Coffee_room_01_v38,Le2i_Coffee_room_01_v38,Coffee_room_01,Coffee_room_01_cam0,FALL,Le2i/data/Coffee_room_01/Coffee_room_01/Videos/video (38).avi,Le2i/data/Coffee_room_01/Coffee_room_01/Annotation_files/video (38).txt,237,260,352,25.0,320,240,14.08,UNKNOWN,UNKNOWN,UNKNOWN,UNKNOWN,UNKNOWN,TXT_BBOX_FALL_RANGE
Le2i,Coffee_room_01_v39,Le2i_Coffee_room_01_v39,Coffee_room_01,Coffee_room_01_cam0,FALL,Le2i/data/Coffee_room_01/Coffee_room_01/Videos/video (39).avi,Le2i/data/Coffee_room_01/Coffee_room_01/Annotation_files/video (39).txt,49,75,157,25.0,320,240,6.28,UNKNOWN,UNKNOWN,UNKNOWN,UNKNOWN,UNKNOWN,TXT_BBOX_FALL_RANGE
Le2i,Coffee_room_01_v4,Le2i_Coffee_room_01_v4,Coffee_room_01,Coffee_room_01_cam0,FALL,Le2i/data/Coffee_room_01/Coffee_room_01/Videos/video (4).avi,Le2i/data/Coffee_room_01/Coffee_room_01/Annotation_files/video (4).txt,123,155,207,25.0,320,240,8.28,UNKNOWN,UNKNOWN,UNKNOWN,UNKNOWN,UNKNOWN,TXT_BBOX_FALL_RANGE
Le2i,Coffee_room_01_v40,Le2i_Coffee_room_01_v40,Coffee_room_01,Coffee_room_01_cam0,FALL,Le2i/data/Coffee_room_01/Coffee_room_01/Videos/video (40).avi,Le2i/data/Coffee_room_01/Coffee_room_01/Annotation_files/video (40).txt,259,292,350,25.0,320,240,14.0,UNKNOWN,UNKNOWN,UNKNOWN,UNKNOWN,UNKNOWN,TXT_BBOX_FALL_RANGE
Le2i,Coffee_room_01_v41,Le2i_Coffee_room_01_v41,Coffee_room_01,Coffee_room_01_cam0,FALL,Le2i/data/Coffee_room_01/Coffee_room_01/Videos/video (41).avi,Le2i/data/Coffee_room_01/Coffee_room_01/Annotation_files/video (41).txt,267,292,382,25.0,320,240,15.28,UNKNOWN,UNKNOWN,UNKNOWN,UNKNOWN,UNKNOWN,TXT_BBOX_FALL_RANGE
Le2i,Coffee_room_01_v42,Le2i_Coffee_room_01_v42,Coffee_room_01,Coffee_room_01_cam0,FALL,Le2i/data/Coffee_room_01/Coffee_room_01/Videos/video (42).avi,Le2i/data/Coffee_room_01/Coffee_room_01/Annotation_files/video (42).txt,111,131,159,25.0,320,240,6.36,UNKNOWN,UNKNOWN,UNKNOWN,UNKNOWN,UNKNOWN,TXT_BBOX_FALL_RANGE
Le2i,Coffee_room_01_v43,Le2i_Coffee_room_01_v43,Coffee_room_01,Coffee_room_01_cam0,FALL,Le2i/data/Coffee_room_01/Coffee_room_01/Videos/video (43).avi,Le2i/data/Coffee_room_01/Coffee_room_01/Annotation_files/video (43).txt,632,662,718,25.0,320,240,28.72,UNKNOWN,UNKNOWN,UNKNOWN,UNKNOWN,UNKNOWN,TXT_BBOX_FALL_RANGE
Le2i,Coffee_room_01_v44,Le2i_Coffee_room_01_v44,Coffee_room_01,Coffee_room_01_cam0,FALL,Le2i/data/Coffee_room_01/Coffee_room_01/Videos/video (44).avi,Le2i/data/Coffee_room_01/Coffee_room_01/Annotation_files/video (44).txt,54,86,133,25.0,320,240,5.32,UNKNOWN,UNKNOWN,UNKNOWN,UNKNOWN,UNKNOWN,TXT_BBOX_FALL_RANGE
Le2i,Coffee_room_01_v45,Le2i_Coffee_room_01_v45,Coffee_room_01,Coffee_room_01_cam0,FALL,Le2i/data/Coffee_room_01/Coffee_room_01/Videos/video (45).avi,Le2i/data/Coffee_room_01/Coffee_room_01/Annotation_files/video (45).txt,100,129,215,25.0,320,240,8.6,UNKNOWN,UNKNOWN,UNKNOWN,UNKNOWN,UNKNOWN,TXT_BBOX_FALL_RANGE
Le2i,Coffee_room_01_v46,Le2i_Coffee_room_01_v46,Coffee_room_01,Coffee_room_01_cam0,FALL,Le2i/data/Coffee_room_01/Coffee_room_01/Videos/video (46).avi,Le2i/data/Coffee_room_01/Coffee_room_01/Annotation_files/video (46).txt,165,187,292,25.0,320,240,11.68,UNKNOWN,UNKNOWN,UNKNOWN,UNKNOWN,UNKNOWN,TXT_BBOX_FALL_RANGE
Le2i,Coffee_room_01_v47,Le2i_Coffee_room_01_v47,Coffee_room_01,Coffee_room_01_cam0,FALL,Le2i/data/Coffee_room_01/Coffee_room_01/Videos/video (47).avi,Le2i/data/Coffee_room_01/Coffee_room_01/Annotation_files/video (47).txt,625,658,729,25.0,320,240,29.16,UNKNOWN,UNKNOWN,UNKNOWN,UNKNOWN,UNKNOWN,TXT_BBOX_FALL_RANGE
Le2i,Coffee_room_01_v48,Le2i_Coffee_room_01_v48,Coffee_room_01,Coffee_room_01_cam0,FALL,Le2i/data/Coffee_room_01/Coffee_room_01/Videos/video (48).avi,Le2i/data/Coffee_room_01/Coffee_room_01/Annotation_files/video (48).txt,654,686,779,25.0,320,240,31.16,UNKNOWN,UNKNOWN,UNKNOWN,UNKNOWN,UNKNOWN,TXT_BBOX_FALL_RANGE
Le2i,Coffee_room_01_v5,Le2i_Coffee_room_01_v5,Coffee_room_01,Coffee_room_01_cam0,FALL,Le2i/data/Coffee_room_01/Coffee_room_01/Videos/video (5).avi,Le2i/data/Coffee_room_01/Coffee_room_01/Annotation_files/video (5).txt,129,161,181,25.0,320,240,7.24,UNKNOWN,UNKNOWN,UNKNOWN,UNKNOWN,UNKNOWN,TXT_BBOX_FALL_RANGE
Le2i,Coffee_room_01_v6,Le2i_Coffee_room_01_v6,Coffee_room_01,Coffee_room_01_cam0,FALL,Le2i/data/Coffee_room_01/Coffee_room_01/Videos/video (6).avi,Le2i/data/Coffee_room_01/Coffee_room_01/Annotation_files/video (6).txt,136,165,239,25.0,320,240,9.56,UNKNOWN,UNKNOWN,UNKNOWN,UNKNOWN,UNKNOWN,TXT_BBOX_FALL_RANGE
Le2i,Coffee_room_01_v7,Le2i_Coffee_room_01_v7,Coffee_room_01,Coffee_room_01_cam0,FALL,Le2i/data/Coffee_room_01/Coffee_room_01/Videos/video (7).avi,Le2i/data/Coffee_room_01/Coffee_room_01/Annotation_files/video (7).txt,96,126,174,25.0,320,240,6.96,UNKNOWN,UNKNOWN,UNKNOWN,UNKNOWN,UNKNOWN,TXT_BBOX_FALL_RANGE
Le2i,Coffee_room_01_v8,Le2i_Coffee_room_01_v8,Coffee_room_01,Coffee_room_01_cam0,FALL,Le2i/data/Coffee_room_01/Coffee_room_01/Videos/video (8).avi,Le2i/data/Coffee_room_01/Coffee_room_01/Annotation_files/video (8).txt,157,182,258,25.0,320,240,10.32,UNKNOWN,UNKNOWN,UNKNOWN,UNKNOWN,UNKNOWN,TXT_BBOX_FALL_RANGE
Le2i,Coffee_room_01_v9,Le2i_Coffee_room_01_v9,Coffee_room_01,Coffee_room_01_cam0,FALL,Le2i/data/Coffee_room_01/Coffee_room_01/Videos/video (9).avi,Le2i/data/Coffee_room_01/Coffee_room_01/Annotation_files/video (9).txt,93,125,206,25.0,320,240,8.24,UNKNOWN,UNKNOWN,UNKNOWN,UNKNOWN,UNKNOWN,TXT_BBOX_FALL_RANGE
Le2i,Coffee_room_02_v49,Le2i_Coffee_room_02_v49,Coffee_room_02,Coffee_room_02_cam0,FALL,Le2i/data/Coffee_room_02/Coffee_room_02/Videos/video (49).avi,Le2i/data/Coffee_room_02/Coffee_room_02/Annotations_files/video (49).txt,427,454,492,25.0,320,240,19.68,UNKNOWN,UNKNOWN,UNKNOWN,UNKNOWN,UNKNOWN,TXT_BBOX_FALL_RANGE
Le2i,Coffee_room_02_v50,Le2i_Coffee_room_02_v50,Coffee_room_02,Coffee_room_02_cam0,UNKNOWN,Le2i/data/Coffee_room_02/Coffee_room_02/Videos/video (50).avi,Le2i/data/Coffee_room_02/Coffee_room_02/Annotations_files/video (50).txt,UNKNOWN,UNKNOWN,1954,25.0,320,240,78.16,UNKNOWN,UNKNOWN,UNKNOWN,UNKNOWN,UNKNOWN,TXT_BBOX_FALL_RANGE
Le2i,Coffee_room_02_v51,Le2i_Coffee_room_02_v51,Coffee_room_02,Coffee_room_02_cam0,FALL,Le2i/data/Coffee_room_02/Coffee_room_02/Videos/video (51).avi,Le2i/data/Coffee_room_02/Coffee_room_02/Annotations_files/video (51).txt,76,117,203,25.0,320,240,8.12,UNKNOWN,UNKNOWN,UNKNOWN,UNKNOWN,UNKNOWN,TXT_BBOX_FALL_RANGE
Le2i,Coffee_room_02_v52,Le2i_Coffee_room_02_v52,Coffee_room_02,Coffee_room_02_cam0,UNKNOWN,Le2i/data/Coffee_room_02/Coffee_room_02/Videos/video (52).avi,Le2i/data/Coffee_room_02/Coffee_room_02/Annotations_files/video (52).txt,UNKNOWN,UNKNOWN,215,25.0,320,240,8.6,UNKNOWN,UNKNOWN,UNKNOWN,UNKNOWN,UNKNOWN,TXT_BBOX_FALL_RANGE
Le2i,Coffee_room_02_v53,Le2i_Coffee_room_02_v53,Coffee_room_02,Coffee_room_02_cam0,FALL,Le2i/data/Coffee_room_02/Coffee_room_02/Videos/video (53).avi,Le2i/data/Coffee_room_02/Coffee_room_02/Annotations_files/video (53).txt,261,289,383,25.0,320,240,15.32,UNKNOWN,UNKNOWN,UNKNOWN,UNKNOWN,UNKNOWN,TXT_BBOX_FALL_RANGE
Le2i,Coffee_room_02_v54,Le2i_Coffee_room_02_v54,Coffee_room_02,Coffee_room_02_cam0,FALL,Le2i/data/Coffee_room_02/Coffee_room_02/Videos/video (54).avi,Le2i/data/Coffee_room_02/Coffee_room_02/Annotations_files/video (54).txt,157,179,251,25.0,320,240,10.04,UNKNOWN,UNKNOWN,UNKNOWN,UNKNOWN,UNKNOWN,TXT_BBOX_FALL_RANGE
Le2i,Coffee_room_02_v55,Le2i_Coffee_room_02_v55,Coffee_room_02,Coffee_room_02_cam0,FALL,Le2i/data/Coffee_room_02/Coffee_room_02/Videos/video (55).avi,Le2i/data/Coffee_room_02/Coffee_room_02/Annotations_files/video (55).txt,217,244,323,25.0,320,240,12.92,UNKNOWN,UNKNOWN,UNKNOWN,UNKNOWN,UNKNOWN,TXT_BBOX_FALL_RANGE
Le2i,Coffee_room_02_v56,Le2i_Coffee_room_02_v56,Coffee_room_02,Coffee_room_02_cam0,FALL,Le2i/data/Coffee_room_02/Coffee_room_02/Videos/video (56).avi,Le2i/data/Coffee_room_02/Coffee_room_02/Annotations_files/video (56).txt,301,328,431,25.0,320,240,17.24,UNKNOWN,UNKNOWN,UNKNOWN,UNKNOWN,UNKNOWN,TXT_BBOX_FALL_RANGE
Le2i,Coffee_room_02_v57,Le2i_Coffee_room_02_v57,Coffee_room_02,Coffee_room_02_cam0,FALL,Le2i/data/Coffee_room_02/Coffee_room_02/Videos/video (57).avi,Le2i/data/Coffee_room_02/Coffee_room_02/Annotations_files/video (57).txt,447,492,563,25.0,320,240,22.52,UNKNOWN,UNKNOWN,UNKNOWN,UNKNOWN,UNKNOWN,TXT_BBOX_FALL_RANGE
Le2i,Coffee_room_02_v58,Le2i_Coffee_room_02_v58,Coffee_room_02,Coffee_room_02_cam0,FALL,Le2i/data/Coffee_room_02/Coffee_room_02/Videos/video (58).avi,Le2i/data/Coffee_room_02/Coffee_room_02/Annotations_files/video (58).txt,177,211,311,25.0,320,240,12.44,UNKNOWN,UNKNOWN,UNKNOWN,UNKNOWN,UNKNOWN,TXT_BBOX_FALL_RANGE
Le2i,Coffee_room_02_v59,Le2i_Coffee_room_02_v59,Coffee_room_02,Coffee_room_02_cam0,FALL,Le2i/data/Coffee_room_02/Coffee_room_02/Videos/video (59).avi,Le2i/data/Coffee_room_02/Coffee_room_02/Annotations_files/video (59).txt,134,157,251,25.0,320,240,10.04,UNKNOWN,UNKNOWN,UNKNOWN,UNKNOWN,UNKNOWN,TXT_BBOX_FALL_RANGE
Le2i,Coffee_room_02_v60,Le2i_Coffee_room_02_v60,Coffee_room_02,Coffee_room_02_cam0,FALL,Le2i/data/Coffee_room_02/Coffee_room_02/Videos/video (60).avi,Le2i/data/Coffee_room_02/Coffee_room_02/Annotations_files/video (60).txt,129,157,275,25.0,320,240,11.0,UNKNOWN,UNKNOWN,UNKNOWN,UNKNOWN,UNKNOWN,TXT_BBOX_FALL_RANGE
Le2i,Coffee_room_02_v61,Le2i_Coffee_room_02_v61,Coffee_room_02,Coffee_room_02_cam0,NORMAL,Le2i/data/Coffee_room_02/Coffee_room_02/Videos/video (61).avi,Le2i/data/Coffee_room_02/Coffee_room_02/Annotations_files/video (61).txt,0,0,1314,25.0,320,240,52.56,UNKNOWN,UNKNOWN,UNKNOWN,UNKNOWN,UNKNOWN,TXT_BBOX_FALL_RANGE
Le2i,Coffee_room_02_v62,Le2i_Coffee_room_02_v62,Coffee_room_02,Coffee_room_02_cam0,FALL,Le2i/data/Coffee_room_02/Coffee_room_02/Videos/video (62).avi,Le2i/data/Coffee_room_02/Coffee_room_02/Annotations_files/video (62).txt,175,194,282,25.0,320,240,11.28,UNKNOWN,UNKNOWN,UNKNOWN,UNKNOWN,UNKNOWN,TXT_BBOX_FALL_RANGE
Le2i,Coffee_room_02_v63,Le2i_Coffee_room_02_v63,Coffee_room_02,Coffee_room_02_cam0,NORMAL,Le2i/data/Coffee_room_02/Coffee_room_02/Videos/video (63).avi,Le2i/data/Coffee_room_02/Coffee_room_02/Annotations_files/video (63).txt,0,0,596,25.0,320,240,23.84,UNKNOWN,UNKNOWN,UNKNOWN,UNKNOWN,UNKNOWN,TXT_BBOX_FALL_RANGE
Le2i,Coffee_room_02_v64,Le2i_Coffee_room_02_v64,Coffee_room_02,Coffee_room_02_cam0,FALL,Le2i/data/Coffee_room_02/Coffee_room_02/Videos/video (64).avi,Le2i/data/Coffee_room_02/Coffee_room_02/Annotations_files/video (64).txt,137,162,212,25.0,320,240,8.48,UNKNOWN,UNKNOWN,UNKNOWN,UNKNOWN,UNKNOWN,TXT_BBOX_FALL_RANGE
Le2i,Coffee_room_02_v65,Le2i_Coffee_room_02_v65,Coffee_room_02,Coffee_room_02_cam0,NORMAL,Le2i/data/Coffee_room_02/Coffee_room_02/Videos/video (65).avi,Le2i/data/Coffee_room_02/Coffee_room_02/Annotations_files/video (65).txt,0,0,711,25.0,320,240,28.44,UNKNOWN,UNKNOWN,UNKNOWN,UNKNOWN,UNKNOWN,TXT_BBOX_FALL_RANGE
Le2i,Coffee_room_02_v66,Le2i_Coffee_room_02_v66,Coffee_room_02,Coffee_room_02_cam0,NORMAL,Le2i/data/Coffee_room_02/Coffee_room_02/Videos/video (66).avi,Le2i/data/Coffee_room_02/Coffee_room_02/Annotations_files/video (66).txt,0,0,298,25.0,320,240,11.92,UNKNOWN,UNKNOWN,UNKNOWN,UNKNOWN,UNKNOWN,TXT_BBOX_FALL_RANGE
Le2i,Coffee_room_02_v67,Le2i_Coffee_room_02_v67,Coffee_room_02,Coffee_room_02_cam0,NORMAL,Le2i/data/Coffee_room_02/Coffee_room_02/Videos/video (67).avi,Le2i/data/Coffee_room_02/Coffee_room_02/Annotations_files/video (67).txt,0,0,347,25.0,320,240,13.88,UNKNOWN,UNKNOWN,UNKNOWN,UNKNOWN,UNKNOWN,TXT_BBOX_FALL_RANGE
Le2i,Coffee_room_02_v68,Le2i_Coffee_room_02_v68,Coffee_room_02,Coffee_room_02_cam0,NORMAL,Le2i/data/Coffee_room_02/Coffee_room_02/Videos/video (68).avi,Le2i/data/Coffee_room_02/Coffee_room_02/Annotations_files/video (68).txt,0,0,1607,25.0,320,240,64.28,UNKNOWN,UNKNOWN,UNKNOWN,UNKNOWN,UNKNOWN,TXT_BBOX_FALL_RANGE
Le2i,Coffee_room_02_v69,Le2i_Coffee_room_02_v69,Coffee_room_02,Coffee_room_02_cam0,NORMAL,Le2i/data/Coffee_room_02/Coffee_room_02/Videos/video (69).avi,Le2i/data/Coffee_room_02/Coffee_room_02/Annotations_files/video (69).txt,0,0,1283,25.0,320,240,51.32,UNKNOWN,UNKNOWN,UNKNOWN,UNKNOWN,UNKNOWN,TXT_BBOX_FALL_RANGE
Le2i,Coffee_room_02_v70,Le2i_Coffee_room_02_v70,Coffee_room_02,Coffee_room_02_cam0,NORMAL,Le2i/data/Coffee_room_02/Coffee_room_02/Videos/video (70).avi,Le2i/data/Coffee_room_02/Coffee_room_02/Annotations_files/video (70).txt,0,0,839,25.0,320,240,33.56,UNKNOWN,UNKNOWN,UNKNOWN,UNKNOWN,UNKNOWN,TXT_BBOX_FALL_RANGE
Le2i,Home_01_v1,Le2i_Home_01_v1,Home_01,Home_01_cam0,FALL,Le2i/data/Home_01/Home_01/Videos/video (1).avi,Le2i/data/Home_01/Home_01/Annotation_files/video (1).txt,144,164,264,24.0,320,240,11.0,UNKNOWN,UNKNOWN,UNKNOWN,UNKNOWN,UNKNOWN,TXT_BBOX_FALL_RANGE
Le2i,Home_01_v10,Le2i_Home_01_v10,Home_01,Home_01_cam0,FALL,Le2i/data/Home_01/Home_01/Videos/video (10).avi,Le2i/data/Home_01/Home_01/Annotation_files/video (10).txt,135,150,312,24.0,320,240,13.0,UNKNOWN,UNKNOWN,UNKNOWN,UNKNOWN,UNKNOWN,TXT_BBOX_FALL_RANGE
Le2i,Home_01_v11,Le2i_Home_01_v11,Home_01,Home_01_cam0,FALL,Le2i/data/Home_01/Home_01/Videos/video (11).avi,Le2i/data/Home_01/Home_01/Annotation_files/video (11).txt,137,170,312,24.0,320,240,13.0,UNKNOWN,UNKNOWN,UNKNOWN,UNKNOWN,UNKNOWN,TXT_BBOX_FALL_RANGE
Le2i,Home_01_v12,Le2i_Home_01_v12,Home_01,Home_01_cam0,FALL,Le2i/data/Home_01/Home_01/Videos/video (12).avi,Le2i/data/Home_01/Home_01/Annotation_files/video (12).txt,161,173,216,24.0,320,180,9.0,UNKNOWN,UNKNOWN,UNKNOWN,UNKNOWN,UNKNOWN,TXT_BBOX_FALL_RANGE
Le2i,Home_01_v13,Le2i_Home_01_v13,Home_01,Home_01_cam0,FALL,Le2i/data/Home_01/Home_01/Videos/video (13).avi,Le2i/data/Home_01/Home_01/Annotation_files/video (13).txt,156,167,240,24.0,320,180,10.0,UNKNOWN,UNKNOWN,UNKNOWN,UNKNOWN,UNKNOWN,TXT_BBOX_FALL_RANGE
Le2i,Home_01_v14,Le2i_Home_01_v14,Home_01,Home_01_cam0,FALL,Le2i/data/Home_01/Home_01/Videos/video (14).avi,Le2i/data/Home_01/Home_01/Annotation_files/video (14).txt,186,199,288,24.0,320,180,12.0,UNKNOWN,UNKNOWN,UNKNOWN,UNKNOWN,UNKNOWN,TXT_BBOX_FALL_RANGE
Le2i,Home_01_v15,Le2i_Home_01_v15,Home_01,Home_01_cam0,FALL,Le2i/data/Home_01/Home_01/Videos/video (15).avi,Le2i/data/Home_01/Home_01/Annotation_files/video (15).txt,170,184,238,24.0,320,180,9.92,UNKNOWN,UNKNOWN,UNKNOWN,UNKNOWN,UNKNOWN,TXT_BBOX_FALL_RANGE
Le2i,Home_01_v16,Le2i_Home_01_v16,Home_01,Home_01_cam0,FALL,Le2i/data/Home_01/Home_01/Videos/video (16).avi,Le2i/data/Home_01/Home_01/Annotation_files/video (16).txt,186,199,264,24.0,320,180,11.0,UNKNOWN,UNKNOWN,UNKNOWN,UNKNOWN,UNKNOWN,TXT_BBOX_FALL_RANGE
Le2i,Home_01_v17,Le2i_Home_01_v17,Home_01,Home_01_cam0,FALL,Le2i/data/Home_01/Home_01/Videos/video (17).avi,Le2i/data/Home_01/Home_01/Annotation_files/video (17).txt,154,169,240,24.0,320,180,10.0,UNKNOWN,UNKNOWN,UNKNOWN,UNKNOWN,UNKNOWN,TXT_BBOX_FALL_RANGE
Le2i,Home_01_v18,Le2i_Home_01_v18,Home_01,Home_01_cam0,FALL,Le2i/data/Home_01/Home_01/Videos/video (18).avi,Le2i/data/Home_01/Home_01/Annotation_files/video (18).txt,135,149,216,24.0,320,180,9.0,UNKNOWN,UNKNOWN,UNKNOWN,UNKNOWN,UNKNOWN,TXT_BBOX_FALL_RANGE
Le2i,Home_01_v19,Le2i_Home_01_v19,Home_01,Home_01_cam0,FALL,Le2i/data/Home_01/Home_01/Videos/video (19).avi,Le2i/data/Home_01/Home_01/Annotation_files/video (19).txt,129,139,192,24.0,320,180,8.0,UNKNOWN,UNKNOWN,UNKNOWN,UNKNOWN,UNKNOWN,TXT_BBOX_FALL_RANGE
Le2i,Home_01_v2,Le2i_Home_01_v2,Home_01,Home_01_cam0,FALL,Le2i/data/Home_01/Home_01/Videos/video (2).avi,Le2i/data/Home_01/Home_01/Annotation_files/video (2).txt,120,137,240,24.0,320,240,10.0,UNKNOWN,UNKNOWN,UNKNOWN,UNKNOWN,UNKNOWN,TXT_BBOX_FALL_RANGE
Le2i,Home_01_v20,Le2i_Home_01_v20,Home_01,Home_01_cam0,FALL,Le2i/data/Home_01/Home_01/Videos/video (20).avi,Le2i/data/Home_01/Home_01/Annotation_files/video (20).txt,147,158,216,24.0,320,180,9.0,UNKNOWN,UNKNOWN,UNKNOWN,UNKNOWN,UNKNOWN,TXT_BBOX_FALL_RANGE
Le2i,Home_01_v21,Le2i_Home_01_v21,Home_01,Home_01_cam0,FALL,Le2i/data/Home_01/Home_01/Videos/video (21).avi,Le2i/data/Home_01/Home_01/Annotation_files/video (21).txt,148,156,216,24.0,320,180,9.0,UNKNOWN,UNKNOWN,UNKNOWN,UNKNOWN,UNKNOWN,TXT_BBOX_FALL_RANGE
Le2i,Home_01_v22,Le2i_Home_01_v22,Home_01,Home_01_cam0,FALL,Le2i/data/Home_01/Home_01/Videos/video (22).avi,Le2i/data/Home_01/Home_01/Annotation_files/video (22).txt,151,160,240,24.0,320,180,10.0,UNKNOWN,UNKNOWN,UNKNOWN,UNKNOWN,UNKNOWN,TXT_BBOX_FALL_RANGE
Le2i,Home_01_v23,Le2i_Home_01_v23,Home_01,Home_01_cam0,FALL,Le2i/data/Home_01/Home_01/Videos/video (23).avi,Le2i/data/Home_01/Home_01/Annotation_files/video (23).txt,165,173,240,24.0,320,180,10.0,UNKNOWN,UNKNOWN,UNKNOWN,UNKNOWN,UNKNOWN,TXT_BBOX_FALL_RANGE
Le2i,Home_01_v24,Le2i_Home_01_v24,Home_01,Home_01_cam0,FALL,Le2i/data/Home_01/Home_01/Videos/video (24).avi,Le2i/data/Home_01/Home_01/Annotation_files/video (24).txt,131,142,192,24.0,320,180,8.0,UNKNOWN,UNKNOWN,UNKNOWN,UNKNOWN,UNKNOWN,TXT_BBOX_FALL_RANGE
Le2i,Home_01_v25,Le2i_Home_01_v25,Home_01,Home_01_cam0,FALL,Le2i/data/Home_01/Home_01/Videos/video (25).avi,Le2i/data/Home_01/Home_01/Annotation_files/video (25).txt,173,182,213,24.0,320,180,8.87,UNKNOWN,UNKNOWN,UNKNOWN,UNKNOWN,UNKNOWN,TXT_BBOX_FALL_RANGE
Le2i,Home_01_v26,Le2i_Home_01_v26,Home_01,Home_01_cam0,FALL,Le2i/data/Home_01/Home_01/Videos/video (26).avi,Le2i/data/Home_01/Home_01/Annotation_files/video (26).txt,130,141,216,24.0,320,180,9.0,UNKNOWN,UNKNOWN,UNKNOWN,UNKNOWN,UNKNOWN,TXT_BBOX_FALL_RANGE
Le2i,Home_01_v27,Le2i_Home_01_v27,Home_01,Home_01_cam0,FALL,Le2i/data/Home_01/Home_01/Videos/video (27).avi,Le2i/data/Home_01/Home_01/Annotation_files/video (27).txt,168,175,240,24.0,320,180,10.0,UNKNOWN,UNKNOWN,UNKNOWN,UNKNOWN,UNKNOWN,TXT_BBOX_FALL_RANGE
Le2i,Home_01_v28,Le2i_Home_01_v28,Home_01,Home_01_cam0,FALL,Le2i/data/Home_01/Home_01/Videos/video (28).avi,Le2i/data/Home_01/Home_01/Annotation_files/video (28).txt,169,180,216,24.0,320,180,9.0,UNKNOWN,UNKNOWN,UNKNOWN,UNKNOWN,UNKNOWN,TXT_BBOX_FALL_RANGE
Le2i,Home_01_v29,Le2i_Home_01_v29,Home_01,Home_01_cam0,FALL,Le2i/data/Home_01/Home_01/Videos/video (29).avi,Le2i/data/Home_01/Home_01/Annotation_files/video (29).txt,159,170,271,24.0,320,180,11.29,UNKNOWN,UNKNOWN,UNKNOWN,UNKNOWN,UNKNOWN,TXT_BBOX_FALL_RANGE
Le2i,Home_01_v3,Le2i_Home_01_v3,Home_01,Home_01_cam0,FALL,Le2i/data/Home_01/Home_01/Videos/video (3).avi,Le2i/data/Home_01/Home_01/Annotation_files/video (3).txt,122,137,240,24.0,320,240,10.0,UNKNOWN,UNKNOWN,UNKNOWN,UNKNOWN,UNKNOWN,TXT_BBOX_FALL_RANGE
Le2i,Home_01_v30,Le2i_Home_01_v30,Home_01,Home_01_cam0,FALL,Le2i/data/Home_01/Home_01/Videos/video (30).avi,Le2i/data/Home_01/Home_01/Annotation_files/video (30).txt,123,138,192,24.0,320,180,8.0,UNKNOWN,UNKNOWN,UNKNOWN,UNKNOWN,UNKNOWN,TXT_BBOX_FALL_RANGE
Le2i,Home_01_v4,Le2i_Home_01_v4,Home_01,Home_01_cam0,FALL,Le2i/data/Home_01/Home_01/Videos/video (4).avi,Le2i/data/Home_01/Home_01/Annotation_files/video (4).txt,149,164,240,24.0,320,240,10.0,UNKNOWN,UNKNOWN,UNKNOWN,UNKNOWN,UNKNOWN,TXT_BBOX_FALL_RANGE
Le2i,Home_01_v5,Le2i_Home_01_v5,Home_01,Home_01_cam0,FALL,Le2i/data/Home_01/Home_01/Videos/video (5).avi,Le2i/data/Home_01/Home_01/Annotation_files/video (5).txt,109,125,192,24.0,320,240,8.0,UNKNOWN,UNKNOWN,UNKNOWN,UNKNOWN,UNKNOWN,TXT_BBOX_FALL_RANGE
Le2i,Home_01_v6,Le2i_Home_01_v6,Home_01,Home_01_cam0,FALL,Le2i/data/Home_01/Home_01/Videos/video (6).avi,Le2i/data/Home_01/Home_01/Annotation_files/video (6).txt,116,140,192,24.0,320,240,8.0,UNKNOWN,UNKNOWN,UNKNOWN,UNKNOWN,UNKNOWN,TXT_BBOX_FALL_RANGE
Le2i,Home_01_v7,Le2i_Home_01_v7,Home_01,Home_01_cam0,FALL,Le2i/data/Home_01/Home_01/Videos/video (7).avi,Le2i/data/Home_01/Home_01/Annotation_files/video (7).txt,139,154,216,24.0,320,240,9.0,UNKNOWN,UNKNOWN,UNKNOWN,UNKNOWN,UNKNOWN,TXT_BBOX_FALL_RANGE
Le2i,Home_01_v8,Le2i_Home_01_v8,Home_01,Home_01_cam0,FALL,Le2i/data/Home_01/Home_01/Videos/video (8).avi,Le2i/data/Home_01/Home_01/Annotation_files/video (8).txt,125,139,285,24.0,320,240,11.87,UNKNOWN,UNKNOWN,UNKNOWN,UNKNOWN,UNKNOWN,TXT_BBOX_FALL_RANGE
Le2i,Home_01_v9,Le2i_Home_01_v9,Home_01,Home_01_cam0,FALL,Le2i/data/Home_01/Home_01/Videos/video (9).avi,Le2i/data/Home_01/Home_01/Annotation_files/video (9).txt,149,163,336,24.0,320,240,14.0,UNKNOWN,UNKNOWN,UNKNOWN,UNKNOWN,UNKNOWN,TXT_BBOX_FALL_RANGE
Le2i,Home_02_v31,Le2i_Home_02_v31,Home_02,Home_02_cam0,FALL,Le2i/data/Home_02/Home_02/Videos/video (31).avi,Le2i/data/Home_02/Home_02/Annotation_files/video (31).txt,200,216,312,24.0,320,180,13.0,UNKNOWN,UNKNOWN,UNKNOWN,UNKNOWN,UNKNOWN,TXT_BBOX_FALL_RANGE
Le2i,Home_02_v32,Le2i_Home_02_v32,Home_02,Home_02_cam0,FALL,Le2i/data/Home_02/Home_02/Videos/video (32).avi,Le2i/data/Home_02/Home_02/Annotation_files/video (32).txt,87,99,192,24.0,320,180,8.0,UNKNOWN,UNKNOWN,UNKNOWN,UNKNOWN,UNKNOWN,TXT_BBOX_FALL_RANGE
Le2i,Home_02_v33,Le2i_Home_02_v33,Home_02,Home_02_cam0,FALL,Le2i/data/Home_02/Home_02/Videos/video (33).avi,Le2i/data/Home_02/Home_02/Annotation_files/video (33).txt,127,140,192,24.0,320,180,8.0,UNKNOWN,UNKNOWN,UNKNOWN,UNKNOWN,UNKNOWN,TXT_BBOX_FALL_RANGE
Le2i,Home_02_v34,Le2i_Home_02_v34,Home_02,Home_02_cam0,FALL,Le2i/data/Home_02/Home_02/Videos/video (34).avi,Le2i/data/Home_02/Home_02/Annotation_files/video (34).txt,157,170,240,24.0,320,180,10.0,UNKNOWN,UNKNOWN,UNKNOWN,UNKNOWN,UNKNOWN,TXT_BBOX_FALL_RANGE
Le2i,Home_02_v35,Le2i_Home_02_v35,Home_02,Home_02_cam0,FALL,Le2i/data/Home_02/Home_02/Videos/video (35).avi,Le2i/data/Home_02/Home_02/Annotation_files/video (35).txt,136,149,216,24.0,320,180,9.0,UNKNOWN,UNKNOWN,UNKNOWN,UNKNOWN,UNKNOWN,TXT_BBOX_FALL_RANGE
Le2i,Home_02_v36,Le2i_Home_02_v36,Home_02,Home_02_cam0,FALL,Le2i/data/Home_02/Home_02/Videos/video (36).avi,Le2i/data/Home_02/Home_02/Annotation_files/video (36).txt,124,139,192,24.0,320,180,8.0,UNKNOWN,UNKNOWN,UNKNOWN,UNKNOWN,UNKNOWN,TXT_BBOX_FALL_RANGE
Le2i,Home_02_v37,Le2i_Home_02_v37,Home_02,Home_02_cam0,FALL,Le2i/data/Home_02/Home_02/Videos/video (37).avi,Le2i/data/Home_02/Home_02/Annotation_files/video (37).txt,129,144,240,24.0,320,240,10.0,UNKNOWN,UNKNOWN,UNKNOWN,UNKNOWN,UNKNOWN,TXT_BBOX_FALL_RANGE
Le2i,Home_02_v38,Le2i_Home_02_v38,Home_02,Home_02_cam0,NORMAL,Le2i/data/Home_02/Home_02/Videos/video (38).avi,Le2i/data/Home_02/Home_02/Annotation_files/video (38).txt,0,0,192,24.0,320,240,8.0,UNKNOWN,UNKNOWN,UNKNOWN,UNKNOWN,UNKNOWN,TXT_BBOX_FALL_RANGE
Le2i,Home_02_v39,Le2i_Home_02_v39,Home_02,Home_02_cam0,NORMAL,Le2i/data/Home_02/Home_02/Videos/video (39).avi,Le2i/data/Home_02/Home_02/Annotation_files/video (39).txt,0,0,192,24.0,320,240,8.0,UNKNOWN,UNKNOWN,UNKNOWN,UNKNOWN,UNKNOWN,TXT_BBOX_FALL_RANGE
Le2i,Home_02_v40,Le2i_Home_02_v40,Home_02,Home_02_cam0,NORMAL,Le2i/data/Home_02/Home_02/Videos/video (40).avi,Le2i/data/Home_02/Home_02/Annotation_files/video (40).txt,0,0,240,24.0,320,240,10.0,UNKNOWN,UNKNOWN,UNKNOWN,UNKNOWN,UNKNOWN,TXT_BBOX_FALL_RANGE
Le2i,Home_02_v41,Le2i_Home_02_v41,Home_02,Home_02_cam0,NORMAL,Le2i/data/Home_02/Home_02/Videos/video (41).avi,Le2i/data/Home_02/Home_02/Annotation_files/video (41).txt,0,0,240,24.0,320,240,10.0,UNKNOWN,UNKNOWN,UNKNOWN,UNKNOWN,UNKNOWN,TXT_BBOX_FALL_RANGE
Le2i,Home_02_v42,Le2i_Home_02_v42,Home_02,Home_02_cam0,NORMAL,Le2i/data/Home_02/Home_02/Videos/video (42).avi,Le2i/data/Home_02/Home_02/Annotation_files/video (42).txt,0,0,168,24.0,320,240,7.0,UNKNOWN,UNKNOWN,UNKNOWN,UNKNOWN,UNKNOWN,TXT_BBOX_FALL_RANGE
Le2i,Home_02_v43,Le2i_Home_02_v43,Home_02,Home_02_cam0,NORMAL,Le2i/data/Home_02/Home_02/Videos/video (43).avi,Le2i/data/Home_02/Home_02/Annotation_files/video (43).txt,0,0,168,24.0,320,240,7.0,UNKNOWN,UNKNOWN,UNKNOWN,UNKNOWN,UNKNOWN,TXT_BBOX_FALL_RANGE
Le2i,Home_02_v44,Le2i_Home_02_v44,Home_02,Home_02_cam0,NORMAL,Le2i/data/Home_02/Home_02/Videos/video (44).avi,Le2i/data/Home_02/Home_02/Annotation_files/video (44).txt,0,0,314,24.0,320,240,13.08,UNKNOWN,UNKNOWN,UNKNOWN,UNKNOWN,UNKNOWN,TXT_BBOX_FALL_RANGE
Le2i,Home_02_v45,Le2i_Home_02_v45,Home_02,Home_02_cam0,NORMAL,Le2i/data/Home_02/Home_02/Videos/video (45).avi,Le2i/data/Home_02/Home_02/Annotation_files/video (45).txt,0,0,216,24.0,320,240,9.0,UNKNOWN,UNKNOWN,UNKNOWN,UNKNOWN,UNKNOWN,TXT_BBOX_FALL_RANGE
Le2i,Home_02_v46,Le2i_Home_02_v46,Home_02,Home_02_cam0,NORMAL,Le2i/data/Home_02/Home_02/Videos/video (46).avi,Le2i/data/Home_02/Home_02/Annotation_files/video (46).txt,0,0,264,24.0,320,240,11.0,UNKNOWN,UNKNOWN,UNKNOWN,UNKNOWN,UNKNOWN,TXT_BBOX_FALL_RANGE
Le2i,Home_02_v47,Le2i_Home_02_v47,Home_02,Home_02_cam0,NORMAL,Le2i/data/Home_02/Home_02/Videos/video (47).avi,Le2i/data/Home_02/Home_02/Annotation_files/video (47).txt,0,0,288,24.0,320,240,12.0,UNKNOWN,UNKNOWN,UNKNOWN,UNKNOWN,UNKNOWN,TXT_BBOX_FALL_RANGE
Le2i,Home_02_v48,Le2i_Home_02_v48,Home_02,Home_02_cam0,NORMAL,Le2i/data/Home_02/Home_02/Videos/video (48).avi,Le2i/data/Home_02/Home_02/Annotation_files/video (48).txt,0,0,240,24.0,320,240,10.0,UNKNOWN,UNKNOWN,UNKNOWN,UNKNOWN,UNKNOWN,TXT_BBOX_FALL_RANGE
Le2i,Home_02_v49,Le2i_Home_02_v49,Home_02,Home_02_cam0,NORMAL,Le2i/data/Home_02/Home_02/Videos/video (49).avi,Le2i/data/Home_02/Home_02/Annotation_files/video (49).txt,0,0,312,24.0,320,240,13.0,UNKNOWN,UNKNOWN,UNKNOWN,UNKNOWN,UNKNOWN,TXT_BBOX_FALL_RANGE
Le2i,Home_02_v50,Le2i_Home_02_v50,Home_02,Home_02_cam0,NORMAL,Le2i/data/Home_02/Home_02/Videos/video (50).avi,Le2i/data/Home_02/Home_02/Annotation_files/video (50).txt,0,0,312,24.0,320,240,13.0,UNKNOWN,UNKNOWN,UNKNOWN,UNKNOWN,UNKNOWN,TXT_BBOX_FALL_RANGE
Le2i,Home_02_v51,Le2i_Home_02_v51,Home_02,Home_02_cam0,NORMAL,Le2i/data/Home_02/Home_02/Videos/video (51).avi,Le2i/data/Home_02/Home_02/Annotation_files/video (51).txt,0,0,264,24.0,320,240,11.0,UNKNOWN,UNKNOWN,UNKNOWN,UNKNOWN,UNKNOWN,TXT_BBOX_FALL_RANGE
Le2i,Home_02_v52,Le2i_Home_02_v52,Home_02,Home_02_cam0,NORMAL,Le2i/data/Home_02/Home_02/Videos/video (52).avi,Le2i/data/Home_02/Home_02/Annotation_files/video (52).txt,0,0,216,24.0,320,240,9.0,UNKNOWN,UNKNOWN,UNKNOWN,UNKNOWN,UNKNOWN,TXT_BBOX_FALL_RANGE
Le2i,Home_02_v53,Le2i_Home_02_v53,Home_02,Home_02_cam0,NORMAL,Le2i/data/Home_02/Home_02/Videos/video (53).avi,Le2i/data/Home_02/Home_02/Annotation_files/video (53).txt,0,0,216,24.0,320,240,9.0,UNKNOWN,UNKNOWN,UNKNOWN,UNKNOWN,UNKNOWN,TXT_BBOX_FALL_RANGE
Le2i,Home_02_v54,Le2i_Home_02_v54,Home_02,Home_02_cam0,NORMAL,Le2i/data/Home_02/Home_02/Videos/video (54).avi,Le2i/data/Home_02/Home_02/Annotation_files/video (54).txt,0,0,216,24.0,320,240,9.0,UNKNOWN,UNKNOWN,UNKNOWN,UNKNOWN,UNKNOWN,TXT_BBOX_FALL_RANGE
Le2i,Home_02_v55,Le2i_Home_02_v55,Home_02,Home_02_cam0,NORMAL,Le2i/data/Home_02/Home_02/Videos/video (55).avi,Le2i/data/Home_02/Home_02/Annotation_files/video (55).txt,0,0,216,24.0,320,240,9.0,UNKNOWN,UNKNOWN,UNKNOWN,UNKNOWN,UNKNOWN,TXT_BBOX_FALL_RANGE
Le2i,Home_02_v56,Le2i_Home_02_v56,Home_02,Home_02_cam0,NORMAL,Le2i/data/Home_02/Home_02/Videos/video (56).avi,Le2i/data/Home_02/Home_02/Annotation_files/video (56).txt,0,0,360,24.0,320,240,15.0,UNKNOWN,UNKNOWN,UNKNOWN,UNKNOWN,UNKNOWN,TXT_BBOX_FALL_RANGE
Le2i,Home_02_v57,Le2i_Home_02_v57,Home_02,Home_02_cam0,NORMAL,Le2i/data/Home_02/Home_02/Videos/video (57).avi,Le2i/data/Home_02/Home_02/Annotation_files/video (57).txt,0,0,240,24.0,320,240,10.0,UNKNOWN,UNKNOWN,UNKNOWN,UNKNOWN,UNKNOWN,TXT_BBOX_FALL_RANGE
Le2i,Home_02_v58,Le2i_Home_02_v58,Home_02,Home_02_cam0,NORMAL,Le2i/data/Home_02/Home_02/Videos/video (58).avi,Le2i/data/Home_02/Home_02/Annotation_files/video (58).txt,0,0,336,24.0,320,240,14.0,UNKNOWN,UNKNOWN,UNKNOWN,UNKNOWN,UNKNOWN,TXT_BBOX_FALL_RANGE
Le2i,Home_02_v59,Le2i_Home_02_v59,Home_02,Home_02_cam0,NORMAL,Le2i/data/Home_02/Home_02/Videos/video (59).avi,Le2i/data/Home_02/Home_02/Annotation_files/video (59).txt,0,0,216,24.0,320,240,9.0,UNKNOWN,UNKNOWN,UNKNOWN,UNKNOWN,UNKNOWN,TXT_BBOX_FALL_RANGE
Le2i,Home_02_v60,Le2i_Home_02_v60,Home_02,Home_02_cam0,NORMAL,Le2i/data/Home_02/Home_02/Videos/video (60).avi,Le2i/data/Home_02/Home_02/Annotation_files/video (60).txt,0,0,312,24.0,320,240,13.0,UNKNOWN,UNKNOWN,UNKNOWN,UNKNOWN,UNKNOWN,TXT_BBOX_FALL_RANGE
Le2i,Lecture_room_v1,Le2i_Lecture_room_v1,Lecture_room,Lecture_room_cam0,UNKNOWN,Le2i/data/Lecture_room/Lecture room/video (1).avi,UNKNOWN,UNKNOWN,UNKNOWN,285,25.0,320,240,11.4,UNKNOWN,UNKNOWN,UNKNOWN,UNKNOWN,UNKNOWN,UNKNOWN
Le2i,Lecture_room_v10,Le2i_Lecture_room_v10,Lecture_room,Lecture_room_cam0,UNKNOWN,Le2i/data/Lecture_room/Lecture room/video (10).avi,UNKNOWN,UNKNOWN,UNKNOWN,493,25.0,320,240,19.72,UNKNOWN,UNKNOWN,UNKNOWN,UNKNOWN,UNKNOWN,UNKNOWN
Le2i,Lecture_room_v11,Le2i_Lecture_room_v11,Lecture_room,Lecture_room_cam0,UNKNOWN,Le2i/data/Lecture_room/Lecture room/video (11).avi,UNKNOWN,UNKNOWN,UNKNOWN,363,25.0,320,240,14.52,UNKNOWN,UNKNOWN,UNKNOWN,UNKNOWN,UNKNOWN,UNKNOWN
Le2i,Lecture_room_v12,Le2i_Lecture_room_v12,Lecture_room,Lecture_room_cam0,UNKNOWN,Le2i/data/Lecture_room/Lecture room/video (12).avi,UNKNOWN,UNKNOWN,UNKNOWN,675,25.0,320,240,27.0,UNKNOWN,UNKNOWN,UNKNOWN,UNKNOWN,UNKNOWN,UNKNOWN
Le2i,Lecture_room_v13,Le2i_Lecture_room_v13,Lecture_room,Lecture_room_cam0,UNKNOWN,Le2i/data/Lecture_room/Lecture room/video (13).avi,UNKNOWN,UNKNOWN,UNKNOWN,415,25.0,320,240,16.6,UNKNOWN,UNKNOWN,UNKNOWN,UNKNOWN,UNKNOWN,UNKNOWN
Le2i,Lecture_room_v14,Le2i_Lecture_room_v14,Lecture_room,Lecture_room_cam0,UNKNOWN,Le2i/data/Lecture_room/Lecture room/video (14).avi,UNKNOWN,UNKNOWN,UNKNOWN,428,25.0,320,240,17.12,UNKNOWN,UNKNOWN,UNKNOWN,UNKNOWN,UNKNOWN,UNKNOWN
Le2i,Lecture_room_v15,Le2i_Lecture_room_v15,Lecture_room,Lecture_room_cam0,UNKNOWN,Le2i/data/Lecture_room/Lecture room/video (15).avi,UNKNOWN,UNKNOWN,UNKNOWN,593,25.0,320,240,23.72,UNKNOWN,UNKNOWN,UNKNOWN,UNKNOWN,UNKNOWN,UNKNOWN
Le2i,Lecture_room_v16,Le2i_Lecture_room_v16,Lecture_room,Lecture_room_cam0,UNKNOWN,Le2i/data/Lecture_room/Lecture room/video (16).avi,UNKNOWN,UNKNOWN,UNKNOWN,870,25.0,320,240,34.8,UNKNOWN,UNKNOWN,UNKNOWN,UNKNOWN,UNKNOWN,UNKNOWN
Le2i,Lecture_room_v17,Le2i_Lecture_room_v17,Lecture_room,Lecture_room_cam0,UNKNOWN,Le2i/data/Lecture_room/Lecture room/video (17).avi,UNKNOWN,UNKNOWN,UNKNOWN,506,25.0,320,240,20.24,UNKNOWN,UNKNOWN,UNKNOWN,UNKNOWN,UNKNOWN,UNKNOWN
Le2i,Lecture_room_v18,Le2i_Lecture_room_v18,Lecture_room,Lecture_room_cam0,UNKNOWN,Le2i/data/Lecture_room/Lecture room/video (18).avi,UNKNOWN,UNKNOWN,UNKNOWN,1052,25.0,320,240,42.08,UNKNOWN,UNKNOWN,UNKNOWN,UNKNOWN,UNKNOWN,UNKNOWN
Le2i,Lecture_room_v19,Le2i_Lecture_room_v19,Lecture_room,Lecture_room_cam0,UNKNOWN,Le2i/data/Lecture_room/Lecture room/video (19).avi,UNKNOWN,UNKNOWN,UNKNOWN,818,25.0,320,240,32.72,UNKNOWN,UNKNOWN,UNKNOWN,UNKNOWN,UNKNOWN,UNKNOWN
Le2i,Lecture_room_v2,Le2i_Lecture_room_v2,Lecture_room,Lecture_room_cam0,UNKNOWN,Le2i/data/Lecture_room/Lecture room/video (2).avi,UNKNOWN,UNKNOWN,UNKNOWN,506,25.0,320,240,20.24,UNKNOWN,UNKNOWN,UNKNOWN,UNKNOWN,UNKNOWN,UNKNOWN
Le2i,Lecture_room_v20,Le2i_Lecture_room_v20,Lecture_room,Lecture_room_cam0,UNKNOWN,Le2i/data/Lecture_room/Lecture room/video (20).avi,UNKNOWN,UNKNOWN,UNKNOWN,298,25.0,320,240,11.92,UNKNOWN,UNKNOWN,UNKNOWN,UNKNOWN,UNKNOWN,UNKNOWN
Le2i,Lecture_room_v21,Le2i_Lecture_room_v21,Lecture_room,Lecture_room_cam0,UNKNOWN,Le2i/data/Lecture_room/Lecture room/video (21).avi,UNKNOWN,UNKNOWN,UNKNOWN,1130,25.0,320,240,45.2,UNKNOWN,UNKNOWN,UNKNOWN,UNKNOWN,UNKNOWN,UNKNOWN
Le2i,Lecture_room_v22,Le2i_Lecture_room_v22,Lecture_room,Lecture_room_cam0,UNKNOWN,Le2i/data/Lecture_room/Lecture room/video (22).avi,UNKNOWN,UNKNOWN,UNKNOWN,987,25.0,320,240,39.48,UNKNOWN,UNKNOWN,UNKNOWN,UNKNOWN,UNKNOWN,UNKNOWN
Le2i,Lecture_room_v23,Le2i_Lecture_room_v23,Lecture_room,Lecture_room_cam0,UNKNOWN,Le2i/data/Lecture_room/Lecture room/video (23).avi,UNKNOWN,UNKNOWN,UNKNOWN,675,25.0,320,240,27.0,UNKNOWN,UNKNOWN,UNKNOWN,UNKNOWN,UNKNOWN,UNKNOWN
Le2i,Lecture_room_v24,Le2i_Lecture_room_v24,Lecture_room,Lecture_room_cam0,UNKNOWN,Le2i/data/Lecture_room/Lecture room/video (24).avi,UNKNOWN,UNKNOWN,UNKNOWN,1442,25.0,320,240,57.68,UNKNOWN,UNKNOWN,UNKNOWN,UNKNOWN,UNKNOWN,UNKNOWN
Le2i,Lecture_room_v25,Le2i_Lecture_room_v25,Lecture_room,Lecture_room_cam0,UNKNOWN,Le2i/data/Lecture_room/Lecture room/video (25).avi,UNKNOWN,UNKNOWN,UNKNOWN,376,25.0,320,240,15.04,UNKNOWN,UNKNOWN,UNKNOWN,UNKNOWN,UNKNOWN,UNKNOWN
Le2i,Lecture_room_v26,Le2i_Lecture_room_v26,Lecture_room,Lecture_room_cam0,UNKNOWN,Le2i/data/Lecture_room/Lecture room/video (26).avi,UNKNOWN,UNKNOWN,UNKNOWN,1429,25.0,320,240,57.16,UNKNOWN,UNKNOWN,UNKNOWN,UNKNOWN,UNKNOWN,UNKNOWN
Le2i,Lecture_room_v27,Le2i_Lecture_room_v27,Lecture_room,Lecture_room_cam0,UNKNOWN,Le2i/data/Lecture_room/Lecture room/video (27).avi,UNKNOWN,UNKNOWN,UNKNOWN,259,25.0,320,240,10.36,UNKNOWN,UNKNOWN,UNKNOWN,UNKNOWN,UNKNOWN,UNKNOWN
Le2i,Lecture_room_v3,Le2i_Lecture_room_v3,Lecture_room,Lecture_room_cam0,UNKNOWN,Le2i/data/Lecture_room/Lecture room/video (3).avi,UNKNOWN,UNKNOWN,UNKNOWN,623,25.0,320,240,24.92,UNKNOWN,UNKNOWN,UNKNOWN,UNKNOWN,UNKNOWN,UNKNOWN
Le2i,Lecture_room_v4,Le2i_Lecture_room_v4,Lecture_room,Lecture_room_cam0,UNKNOWN,Le2i/data/Lecture_room/Lecture room/video (4).avi,UNKNOWN,UNKNOWN,UNKNOWN,402,25.0,320,240,16.08,UNKNOWN,UNKNOWN,UNKNOWN,UNKNOWN,UNKNOWN,UNKNOWN
Le2i,Lecture_room_v5,Le2i_Lecture_room_v5,Lecture_room,Lecture_room_cam0,UNKNOWN,Le2i/data/Lecture_room/Lecture room/video (5).avi,UNKNOWN,UNKNOWN,UNKNOWN,389,25.0,320,240,15.56,UNKNOWN,UNKNOWN,UNKNOWN,UNKNOWN,UNKNOWN,UNKNOWN
Le2i,Lecture_room_v6,Le2i_Lecture_room_v6,Lecture_room,Lecture_room_cam0,UNKNOWN,Le2i/data/Lecture_room/Lecture room/video (6).avi,UNKNOWN,UNKNOWN,UNKNOWN,285,25.0,320,240,11.4,UNKNOWN,UNKNOWN,UNKNOWN,UNKNOWN,UNKNOWN,UNKNOWN
Le2i,Lecture_room_v7,Le2i_Lecture_room_v7,Lecture_room,Lecture_room_cam0,UNKNOWN,Le2i/data/Lecture_room/Lecture room/video (7).avi,UNKNOWN,UNKNOWN,UNKNOWN,337,25.0,320,240,13.48,UNKNOWN,UNKNOWN,UNKNOWN,UNKNOWN,UNKNOWN,UNKNOWN
Le2i,Lecture_room_v8,Le2i_Lecture_room_v8,Lecture_room,Lecture_room_cam0,UNKNOWN,Le2i/data/Lecture_room/Lecture room/video (8).avi,UNKNOWN,UNKNOWN,UNKNOWN,722,25.0,320,240,28.88,UNKNOWN,UNKNOWN,UNKNOWN,UNKNOWN,UNKNOWN,UNKNOWN
Le2i,Lecture_room_v9,Le2i_Lecture_room_v9,Lecture_room,Lecture_room_cam0,UNKNOWN,Le2i/data/Lecture_room/Lecture room/video (9).avi,UNKNOWN,UNKNOWN,UNKNOWN,935,25.0,320,240,37.4,UNKNOWN,UNKNOWN,UNKNOWN,UNKNOWN,UNKNOWN,UNKNOWN
Le2i,Office_v1,Le2i_Office_v1,Office,Office_cam0,UNKNOWN,Le2i/data/Office/Office/video (1).avi,UNKNOWN,UNKNOWN,UNKNOWN,415,25.0,320,240,16.6,UNKNOWN,UNKNOWN,UNKNOWN,UNKNOWN,UNKNOWN,UNKNOWN
Le2i,Office_v10,Le2i_Office_v10,Office,Office_cam0,UNKNOWN,Le2i/data/Office/Office/video (10).avi,UNKNOWN,UNKNOWN,UNKNOWN,269,25.0,320,240,10.76,UNKNOWN,UNKNOWN,UNKNOWN,UNKNOWN,UNKNOWN,UNKNOWN
Le2i,Office_v11,Le2i_Office_v11,Office,Office_cam0,UNKNOWN,Le2i/data/Office/Office/video (11).avi,UNKNOWN,UNKNOWN,UNKNOWN,193,25.0,320,240,7.72,UNKNOWN,UNKNOWN,UNKNOWN,UNKNOWN,UNKNOWN,UNKNOWN
Le2i,Office_v12,Le2i_Office_v12,Office,Office_cam0,UNKNOWN,Le2i/data/Office/Office/video (12).avi,UNKNOWN,UNKNOWN,UNKNOWN,298,25.0,320,240,11.92,UNKNOWN,UNKNOWN,UNKNOWN,UNKNOWN,UNKNOWN,UNKNOWN
Le2i,Office_v13,Le2i_Office_v13,Office,Office_cam0,UNKNOWN,Le2i/data/Office/Office/video (13).avi,UNKNOWN,UNKNOWN,UNKNOWN,792,25.0,320,240,31.68,UNKNOWN,UNKNOWN,UNKNOWN,UNKNOWN,UNKNOWN,UNKNOWN
Le2i,Office_v14,Le2i_Office_v14,Office,Office_cam0,UNKNOWN,Le2i/data/Office/Office/video (14).avi,UNKNOWN,UNKNOWN,UNKNOWN,173,25.0,320,240,6.92,UNKNOWN,UNKNOWN,UNKNOWN,UNKNOWN,UNKNOWN,UNKNOWN
Le2i,Office_v15,Le2i_Office_v15,Office,Office_cam0,UNKNOWN,Le2i/data/Office/Office/video (15).avi,UNKNOWN,UNKNOWN,UNKNOWN,318,25.0,320,240,12.72,UNKNOWN,UNKNOWN,UNKNOWN,UNKNOWN,UNKNOWN,UNKNOWN
Le2i,Office_v16,Le2i_Office_v16,Office,Office_cam0,UNKNOWN,Le2i/data/Office/Office/video (16).avi,UNKNOWN,UNKNOWN,UNKNOWN,428,25.0,320,240,17.12,UNKNOWN,UNKNOWN,UNKNOWN,UNKNOWN,UNKNOWN,UNKNOWN
Le2i,Office_v17,Le2i_Office_v17,Office,Office_cam0,UNKNOWN,Le2i/data/Office/Office/video (17).avi,UNKNOWN,UNKNOWN,UNKNOWN,217,25.0,320,240,8.68,UNKNOWN,UNKNOWN,UNKNOWN,UNKNOWN,UNKNOWN,UNKNOWN
Le2i,Office_v18,Le2i_Office_v18,Office,Office_cam0,UNKNOWN,Le2i/data/Office/Office/video (18).avi,UNKNOWN,UNKNOWN,UNKNOWN,766,25.0,320,240,30.64,UNKNOWN,UNKNOWN,UNKNOWN,UNKNOWN,UNKNOWN,UNKNOWN
Le2i,Office_v19,Le2i_Office_v19,Office,Office_cam0,UNKNOWN,Le2i/data/Office/Office/video (19).avi,UNKNOWN,UNKNOWN,UNKNOWN,329,25.0,320,240,13.16,UNKNOWN,UNKNOWN,UNKNOWN,UNKNOWN,UNKNOWN,UNKNOWN
Le2i,Office_v2,Le2i_Office_v2,Office,Office_cam0,UNKNOWN,Le2i/data/Office/Office/video (2).avi,UNKNOWN,UNKNOWN,UNKNOWN,259,25.0,320,240,10.36,UNKNOWN,UNKNOWN,UNKNOWN,UNKNOWN,UNKNOWN,UNKNOWN
Le2i,Office_v20,Le2i_Office_v20,Office,Office_cam0,UNKNOWN,Le2i/data/Office/Office/video (20).avi,UNKNOWN,UNKNOWN,UNKNOWN,532,25.0,320,240,21.28,UNKNOWN,UNKNOWN,UNKNOWN,UNKNOWN,UNKNOWN,UNKNOWN
Le2i,Office_v21,Le2i_Office_v21,Office,Office_cam0,UNKNOWN,Le2i/data/Office/Office/video (21).avi,UNKNOWN,UNKNOWN,UNKNOWN,428,25.0,320,240,17.12,UNKNOWN,UNKNOWN,UNKNOWN,UNKNOWN,UNKNOWN,UNKNOWN
Le2i,Office_v22,Le2i_Office_v22,Office,Office_cam0,UNKNOWN,Le2i/data/Office/Office/video (22).avi,UNKNOWN,UNKNOWN,UNKNOWN,221,25.0,320,240,8.84,UNKNOWN,UNKNOWN,UNKNOWN,UNKNOWN,UNKNOWN,UNKNOWN
Le2i,Office_v23,Le2i_Office_v23,Office,Office_cam0,UNKNOWN,Le2i/data/Office/Office/video (23).avi,UNKNOWN,UNKNOWN,UNKNOWN,1146,25.0,320,240,45.84,UNKNOWN,UNKNOWN,UNKNOWN,UNKNOWN,UNKNOWN,UNKNOWN
Le2i,Office_v24,Le2i_Office_v24,Office,Office_cam0,UNKNOWN,Le2i/data/Office/Office/video (24).avi,UNKNOWN,UNKNOWN,UNKNOWN,829,25.0,320,240,33.16,UNKNOWN,UNKNOWN,UNKNOWN,UNKNOWN,UNKNOWN,UNKNOWN
Le2i,Office_v25,Le2i_Office_v25,Office,Office_cam0,UNKNOWN,Le2i/data/Office/Office/video (25).avi,UNKNOWN,UNKNOWN,UNKNOWN,988,25.0,320,240,39.52,UNKNOWN,UNKNOWN,UNKNOWN,UNKNOWN,UNKNOWN,UNKNOWN
Le2i,Office_v26,Le2i_Office_v26,Office,Office_cam0,UNKNOWN,Le2i/data/Office/Office/video (26).avi,UNKNOWN,UNKNOWN,UNKNOWN,499,25.0,320,240,19.96,UNKNOWN,UNKNOWN,UNKNOWN,UNKNOWN,UNKNOWN,UNKNOWN
Le2i,Office_v27,Le2i_Office_v27,Office,Office_cam0,UNKNOWN,Le2i/data/Office/Office/video (27).avi,UNKNOWN,UNKNOWN,UNKNOWN,811,25.0,320,240,32.44,UNKNOWN,UNKNOWN,UNKNOWN,UNKNOWN,UNKNOWN,UNKNOWN
Le2i,Office_v28,Le2i_Office_v28,Office,Office_cam0,UNKNOWN,Le2i/data/Office/Office/video (28).avi,UNKNOWN,UNKNOWN,UNKNOWN,505,25.0,320,240,20.2,UNKNOWN,UNKNOWN,UNKNOWN,UNKNOWN,UNKNOWN,UNKNOWN
Le2i,Office_v29,Le2i_Office_v29,Office,Office_cam0,UNKNOWN,Le2i/data/Office/Office/video (29).avi,UNKNOWN,UNKNOWN,UNKNOWN,1221,25.0,320,240,48.84,UNKNOWN,UNKNOWN,UNKNOWN,UNKNOWN,UNKNOWN,UNKNOWN
Le2i,Office_v3,Le2i_Office_v3,Office,Office_cam0,UNKNOWN,Le2i/data/Office/Office/video (3).avi,UNKNOWN,UNKNOWN,UNKNOWN,467,25.0,320,240,18.68,UNKNOWN,UNKNOWN,UNKNOWN,UNKNOWN,UNKNOWN,UNKNOWN
Le2i,Office_v30,Le2i_Office_v30,Office,Office_cam0,UNKNOWN,Le2i/data/Office/Office/video (30).avi,UNKNOWN,UNKNOWN,UNKNOWN,1247,25.0,320,240,49.88,UNKNOWN,UNKNOWN,UNKNOWN,UNKNOWN,UNKNOWN,UNKNOWN
Le2i,Office_v31,Le2i_Office_v31,Office,Office_cam0,UNKNOWN,Le2i/data/Office/Office/video (31).avi,UNKNOWN,UNKNOWN,UNKNOWN,203,25.0,320,240,8.12,UNKNOWN,UNKNOWN,UNKNOWN,UNKNOWN,UNKNOWN,UNKNOWN
Le2i,Office_v32,Le2i_Office_v32,Office,Office_cam0,UNKNOWN,Le2i/data/Office/Office/video (32).avi,UNKNOWN,UNKNOWN,UNKNOWN,544,25.0,320,240,21.76,UNKNOWN,UNKNOWN,UNKNOWN,UNKNOWN,UNKNOWN,UNKNOWN
Le2i,Office_v33,Le2i_Office_v33,Office,Office_cam0,UNKNOWN,Le2i/data/Office/Office/video (33).avi,UNKNOWN,UNKNOWN,UNKNOWN,639,25.0,320,240,25.56,UNKNOWN,UNKNOWN,UNKNOWN,UNKNOWN,UNKNOWN,UNKNOWN
Le2i,Office_v4,Le2i_Office_v4,Office,Office_cam0,UNKNOWN,Le2i/data/Office/Office/video (4).avi,UNKNOWN,UNKNOWN,UNKNOWN,320,25.0,320,240,12.8,UNKNOWN,UNKNOWN,UNKNOWN,UNKNOWN,UNKNOWN,UNKNOWN
Le2i,Office_v5,Le2i_Office_v5,Office,Office_cam0,UNKNOWN,Le2i/data/Office/Office/video (5).avi,UNKNOWN,UNKNOWN,UNKNOWN,238,25.0,320,240,9.52,UNKNOWN,UNKNOWN,UNKNOWN,UNKNOWN,UNKNOWN,UNKNOWN
Le2i,Office_v6,Le2i_Office_v6,Office,Office_cam0,UNKNOWN,Le2i/data/Office/Office/video (6).avi,UNKNOWN,UNKNOWN,UNKNOWN,415,25.0,320,240,16.6,UNKNOWN,UNKNOWN,UNKNOWN,UNKNOWN,UNKNOWN,UNKNOWN
Le2i,Office_v7,Le2i_Office_v7,Office,Office_cam0,UNKNOWN,Le2i/data/Office/Office/video (7).avi,UNKNOWN,UNKNOWN,UNKNOWN,217,25.0,320,240,8.68,UNKNOWN,UNKNOWN,UNKNOWN,UNKNOWN,UNKNOWN,UNKNOWN
Le2i,Office_v8,Le2i_Office_v8,Office,Office_cam0,UNKNOWN,Le2i/data/Office/Office/video (8).avi,UNKNOWN,UNKNOWN,UNKNOWN,419,25.0,320,240,16.76,UNKNOWN,UNKNOWN,UNKNOWN,UNKNOWN,UNKNOWN,UNKNOWN
Le2i,Office_v9,Le2i_Office_v9,Office,Office_cam0,UNKNOWN,Le2i/data/Office/Office/video (9).avi,UNKNOWN,UNKNOWN,UNKNOWN,206,25.0,320,240,8.24,UNKNOWN,UNKNOWN,UNKNOWN,UNKNOWN,UNKNOWN,UNKNOWN
MultiCamera,chute01,MultiCamera_chute01_cam1,Lab,cam1,FALL,dataset/dataset/chute01/cam1.avi,UNKNOWN,UNKNOWN,UNKNOWN,1562,25.0,720,480,62.48,subject_1,UNKNOWN,UNKNOWN,UNKNOWN,UNKNOWN,UNKNOWN
MultiCamera,chute01,MultiCamera_chute01_cam2,Lab,cam2,FALL,dataset/dataset/chute01/cam2.avi,UNKNOWN,UNKNOWN,UNKNOWN,1562,25.0,720,480,62.48,subject_1,UNKNOWN,UNKNOWN,UNKNOWN,UNKNOWN,UNKNOWN
MultiCamera,chute01,MultiCamera_chute01_cam3,Lab,cam3,FALL,dataset/dataset/chute01/cam3.avi,UNKNOWN,UNKNOWN,UNKNOWN,1567,25.0,720,480,62.68,subject_1,UNKNOWN,UNKNOWN,UNKNOWN,UNKNOWN,UNKNOWN
MultiCamera,chute01,MultiCamera_chute01_cam4,Lab,cam4,FALL,dataset/dataset/chute01/cam4.avi,UNKNOWN,UNKNOWN,UNKNOWN,1563,25.0,720,480,62.52,subject_1,UNKNOWN,UNKNOWN,UNKNOWN,UNKNOWN,UNKNOWN
MultiCamera,chute01,MultiCamera_chute01_cam5,Lab,cam5,FALL,dataset/dataset/chute01/cam5.avi,UNKNOWN,UNKNOWN,UNKNOWN,1582,25.0,720,480,63.28,subject_1,UNKNOWN,UNKNOWN,UNKNOWN,UNKNOWN,UNKNOWN
MultiCamera,chute01,MultiCamera_chute01_cam6,Lab,cam6,FALL,dataset/dataset/chute01/cam6.avi,UNKNOWN,UNKNOWN,UNKNOWN,1565,25.0,720,480,62.6,subject_1,UNKNOWN,UNKNOWN,UNKNOWN,UNKNOWN,UNKNOWN
MultiCamera,chute01,MultiCamera_chute01_cam7,Lab,cam7,FALL,dataset/dataset/chute01/cam7.avi,UNKNOWN,UNKNOWN,UNKNOWN,1565,25.0,720,480,62.6,subject_1,UNKNOWN,UNKNOWN,UNKNOWN,UNKNOWN,UNKNOWN
MultiCamera,chute01,MultiCamera_chute01_cam8,Lab,cam8,FALL,dataset/dataset/chute01/cam8.avi,UNKNOWN,UNKNOWN,UNKNOWN,1559,25.0,720,480,62.36,subject_1,UNKNOWN,UNKNOWN,UNKNOWN,UNKNOWN,UNKNOWN
MultiCamera,chute02,MultiCamera_chute02_cam1,Lab,cam1,FALL,dataset/dataset/chute02/cam1.avi,UNKNOWN,UNKNOWN,UNKNOWN,831,25.0,720,480,33.24,subject_1,UNKNOWN,UNKNOWN,UNKNOWN,UNKNOWN,UNKNOWN
MultiCamera,chute02,MultiCamera_chute02_cam2,Lab,cam2,FALL,dataset/dataset/chute02/cam2.avi,UNKNOWN,UNKNOWN,UNKNOWN,846,25.0,720,480,33.84,subject_1,UNKNOWN,UNKNOWN,UNKNOWN,UNKNOWN,UNKNOWN
MultiCamera,chute02,MultiCamera_chute02_cam3,Lab,cam3,FALL,dataset/dataset/chute02/cam3.avi,UNKNOWN,UNKNOWN,UNKNOWN,806,25.0,720,480,32.24,subject_1,UNKNOWN,UNKNOWN,UNKNOWN,UNKNOWN,UNKNOWN
MultiCamera,chute02,MultiCamera_chute02_cam4,Lab,cam4,FALL,dataset/dataset/chute02/cam4.avi,UNKNOWN,UNKNOWN,UNKNOWN,822,25.0,720,480,32.88,subject_1,UNKNOWN,UNKNOWN,UNKNOWN,UNKNOWN,UNKNOWN
MultiCamera,chute02,MultiCamera_chute02_cam5,Lab,cam5,FALL,dataset/dataset/chute02/cam5.avi,UNKNOWN,UNKNOWN,UNKNOWN,824,25.0,720,480,32.96,subject_1,UNKNOWN,UNKNOWN,UNKNOWN,UNKNOWN,UNKNOWN
MultiCamera,chute02,MultiCamera_chute02_cam6,Lab,cam6,FALL,dataset/dataset/chute02/cam6.avi,UNKNOWN,UNKNOWN,UNKNOWN,839,25.0,720,480,33.56,subject_1,UNKNOWN,UNKNOWN,UNKNOWN,UNKNOWN,UNKNOWN
MultiCamera,chute02,MultiCamera_chute02_cam7,Lab,cam7,FALL,dataset/dataset/chute02/cam7.avi,UNKNOWN,UNKNOWN,UNKNOWN,839,25.0,720,480,33.56,subject_1,UNKNOWN,UNKNOWN,UNKNOWN,UNKNOWN,UNKNOWN
MultiCamera,chute02,MultiCamera_chute02_cam8,Lab,cam8,FALL,dataset/dataset/chute02/cam8.avi,UNKNOWN,UNKNOWN,UNKNOWN,812,25.0,720,480,32.48,subject_1,UNKNOWN,UNKNOWN,UNKNOWN,UNKNOWN,UNKNOWN
MultiCamera,chute03,MultiCamera_chute03_cam1,Lab,cam1,FALL,dataset/dataset/chute03/cam1.avi,UNKNOWN,UNKNOWN,UNKNOWN,939,25.0,720,480,37.56,subject_1,UNKNOWN,UNKNOWN,UNKNOWN,UNKNOWN,UNKNOWN
MultiCamera,chute03,MultiCamera_chute03_cam2,Lab,cam2,FALL,dataset/dataset/chute03/cam2.avi,UNKNOWN,UNKNOWN,UNKNOWN,943,25.0,720,480,37.72,subject_1,UNKNOWN,UNKNOWN,UNKNOWN,UNKNOWN,UNKNOWN
MultiCamera,chute03,MultiCamera_chute03_cam3,Lab,cam3,FALL,dataset/dataset/chute03/cam3.avi,UNKNOWN,UNKNOWN,UNKNOWN,935,25.0,720,480,37.4,subject_1,UNKNOWN,UNKNOWN,UNKNOWN,UNKNOWN,UNKNOWN
MultiCamera,chute03,MultiCamera_chute03_cam4,Lab,cam4,FALL,dataset/dataset/chute03/cam4.avi,UNKNOWN,UNKNOWN,UNKNOWN,943,25.0,720,480,37.72,subject_1,UNKNOWN,UNKNOWN,UNKNOWN,UNKNOWN,UNKNOWN
MultiCamera,chute03,MultiCamera_chute03_cam5,Lab,cam5,FALL,dataset/dataset/chute03/cam5.avi,UNKNOWN,UNKNOWN,UNKNOWN,962,25.0,720,480,38.48,subject_1,UNKNOWN,UNKNOWN,UNKNOWN,UNKNOWN,UNKNOWN
MultiCamera,chute03,MultiCamera_chute03_cam6,Lab,cam6,FALL,dataset/dataset/chute03/cam6.avi,UNKNOWN,UNKNOWN,UNKNOWN,947,25.0,720,480,37.88,subject_1,UNKNOWN,UNKNOWN,UNKNOWN,UNKNOWN,UNKNOWN
MultiCamera,chute03,MultiCamera_chute03_cam7,Lab,cam7,FALL,dataset/dataset/chute03/cam7.avi,UNKNOWN,UNKNOWN,UNKNOWN,947,25.0,720,480,37.88,subject_1,UNKNOWN,UNKNOWN,UNKNOWN,UNKNOWN,UNKNOWN
MultiCamera,chute03,MultiCamera_chute03_cam8,Lab,cam8,FALL,dataset/dataset/chute03/cam8.avi,UNKNOWN,UNKNOWN,UNKNOWN,927,25.0,720,480,37.08,subject_1,UNKNOWN,UNKNOWN,UNKNOWN,UNKNOWN,UNKNOWN
MultiCamera,chute04,MultiCamera_chute04_cam1,Lab,cam1,FALL,dataset/dataset/chute04/cam1.avi,UNKNOWN,UNKNOWN,UNKNOWN,1049,25.0,720,480,41.96,subject_1,UNKNOWN,UNKNOWN,UNKNOWN,UNKNOWN,UNKNOWN
MultiCamera,chute04,MultiCamera_chute04_cam2,Lab,cam2,FALL,dataset/dataset/chute04/cam2.avi,UNKNOWN,UNKNOWN,UNKNOWN,1056,25.0,720,480,42.24,subject_1,UNKNOWN,UNKNOWN,UNKNOWN,UNKNOWN,UNKNOWN
MultiCamera,chute04,MultiCamera_chute04_cam3,Lab,cam3,FALL,dataset/dataset/chute04/cam3.avi,UNKNOWN,UNKNOWN,UNKNOWN,1055,25.0,720,480,42.2,subject_1,UNKNOWN,UNKNOWN,UNKNOWN,UNKNOWN,UNKNOWN
MultiCamera,chute04,MultiCamera_chute04_cam4,Lab,cam4,FALL,dataset/dataset/chute04/cam4.avi,UNKNOWN,UNKNOWN,UNKNOWN,977,25.0,720,480,39.08,subject_1,UNKNOWN,UNKNOWN,UNKNOWN,UNKNOWN,UNKNOWN
MultiCamera,chute04,MultiCamera_chute04_cam5,Lab,cam5,FALL,dataset/dataset/chute04/cam5.avi,UNKNOWN,UNKNOWN,UNKNOWN,1045,25.0,720,480,41.8,subject_1,UNKNOWN,UNKNOWN,UNKNOWN,UNKNOWN,UNKNOWN
MultiCamera,chute04,MultiCamera_chute04_cam6,Lab,cam6,FALL,dataset/dataset/chute04/cam6.avi,UNKNOWN,UNKNOWN,UNKNOWN,1059,25.0,720,480,42.36,subject_1,UNKNOWN,UNKNOWN,UNKNOWN,UNKNOWN,UNKNOWN
MultiCamera,chute04,MultiCamera_chute04_cam7,Lab,cam7,FALL,dataset/dataset/chute04/cam7.avi,UNKNOWN,UNKNOWN,UNKNOWN,1060,25.0,720,480,42.4,subject_1,UNKNOWN,UNKNOWN,UNKNOWN,UNKNOWN,UNKNOWN
MultiCamera,chute04,MultiCamera_chute04_cam8,Lab,cam8,FALL,dataset/dataset/chute04/cam8.avi,UNKNOWN,UNKNOWN,UNKNOWN,1033,25.0,720,480,41.32,subject_1,UNKNOWN,UNKNOWN,UNKNOWN,UNKNOWN,UNKNOWN
MultiCamera,chute05,MultiCamera_chute05_cam1,Lab,cam1,FALL,dataset/dataset/chute05/cam1.avi,UNKNOWN,UNKNOWN,UNKNOWN,767,25.0,720,480,30.68,subject_1,UNKNOWN,UNKNOWN,UNKNOWN,UNKNOWN,UNKNOWN
MultiCamera,chute05,MultiCamera_chute05_cam2,Lab,cam2,FALL,dataset/dataset/chute05/cam2.avi,UNKNOWN,UNKNOWN,UNKNOWN,774,25.0,720,480,30.96,subject_1,UNKNOWN,UNKNOWN,UNKNOWN,UNKNOWN,UNKNOWN
MultiCamera,chute05,MultiCamera_chute05_cam3,Lab,cam3,FALL,dataset/dataset/chute05/cam3.avi,UNKNOWN,UNKNOWN,UNKNOWN,755,25.0,720,480,30.2,subject_1,UNKNOWN,UNKNOWN,UNKNOWN,UNKNOWN,UNKNOWN
MultiCamera,chute05,MultiCamera_chute05_cam4,Lab,cam4,FALL,dataset/dataset/chute05/cam4.avi,UNKNOWN,UNKNOWN,UNKNOWN,761,25.0,720,480,30.44,subject_1,UNKNOWN,UNKNOWN,UNKNOWN,UNKNOWN,UNKNOWN
MultiCamera,chute05,MultiCamera_chute05_cam5,Lab,cam5,FALL,dataset/dataset/chute05/cam5.avi,UNKNOWN,UNKNOWN,UNKNOWN,768,25.0,720,480,30.72,subject_1,UNKNOWN,UNKNOWN,UNKNOWN,UNKNOWN,UNKNOWN
MultiCamera,chute05,MultiCamera_chute05_cam6,Lab,cam6,FALL,dataset/dataset/chute05/cam6.avi,UNKNOWN,UNKNOWN,UNKNOWN,776,25.0,720,480,31.04,subject_1,UNKNOWN,UNKNOWN,UNKNOWN,UNKNOWN,UNKNOWN
MultiCamera,chute05,MultiCamera_chute05_cam7,Lab,cam7,FALL,dataset/dataset/chute05/cam7.avi,UNKNOWN,UNKNOWN,UNKNOWN,778,25.0,720,480,31.12,subject_1,UNKNOWN,UNKNOWN,UNKNOWN,UNKNOWN,UNKNOWN
MultiCamera,chute05,MultiCamera_chute05_cam8,Lab,cam8,FALL,dataset/dataset/chute05/cam8.avi,UNKNOWN,UNKNOWN,UNKNOWN,750,25.0,720,480,30.0,subject_1,UNKNOWN,UNKNOWN,UNKNOWN,UNKNOWN,UNKNOWN
MultiCamera,chute06,MultiCamera_chute06_cam1,Lab,cam1,FALL,dataset/dataset/chute06/cam1.avi,UNKNOWN,UNKNOWN,UNKNOWN,1256,25.0,720,480,50.24,subject_1,UNKNOWN,UNKNOWN,UNKNOWN,UNKNOWN,UNKNOWN
MultiCamera,chute06,MultiCamera_chute06_cam2,Lab,cam2,FALL,dataset/dataset/chute06/cam2.avi,UNKNOWN,UNKNOWN,UNKNOWN,1356,25.0,720,480,54.24,subject_1,UNKNOWN,UNKNOWN,UNKNOWN,UNKNOWN,UNKNOWN
MultiCamera,chute06,MultiCamera_chute06_cam3,Lab,cam3,FALL,dataset/dataset/chute06/cam3.avi,UNKNOWN,UNKNOWN,UNKNOWN,1362,25.0,720,480,54.48,subject_1,UNKNOWN,UNKNOWN,UNKNOWN,UNKNOWN,UNKNOWN
MultiCamera,chute06,MultiCamera_chute06_cam4,Lab,cam4,FALL,dataset/dataset/chute06/cam4.avi,UNKNOWN,UNKNOWN,UNKNOWN,1346,25.0,720,480,53.84,subject_1,UNKNOWN,UNKNOWN,UNKNOWN,UNKNOWN,UNKNOWN
MultiCamera,chute06,MultiCamera_chute06_cam5,Lab,cam5,FALL,dataset/dataset/chute06/cam5.avi,UNKNOWN,UNKNOWN,UNKNOWN,1345,25.0,720,480,53.8,subject_1,UNKNOWN,UNKNOWN,UNKNOWN,UNKNOWN,UNKNOWN
MultiCamera,chute06,MultiCamera_chute06_cam6,Lab,cam6,FALL,dataset/dataset/chute06/cam6.avi,UNKNOWN,UNKNOWN,UNKNOWN,1359,25.0,720,480,54.36,subject_1,UNKNOWN,UNKNOWN,UNKNOWN,UNKNOWN,UNKNOWN
MultiCamera,chute06,MultiCamera_chute06_cam7,Lab,cam7,FALL,dataset/dataset/chute06/cam7.avi,UNKNOWN,UNKNOWN,UNKNOWN,1360,25.0,720,480,54.4,subject_1,UNKNOWN,UNKNOWN,UNKNOWN,UNKNOWN,UNKNOWN
MultiCamera,chute06,MultiCamera_chute06_cam8,Lab,cam8,FALL,dataset/dataset/chute06/cam8.avi,UNKNOWN,UNKNOWN,UNKNOWN,1345,25.0,720,480,53.8,subject_1,UNKNOWN,UNKNOWN,UNKNOWN,UNKNOWN,UNKNOWN
MultiCamera,chute07,MultiCamera_chute07_cam1,Lab,cam1,FALL,dataset/dataset/chute07/cam1.avi,UNKNOWN,UNKNOWN,UNKNOWN,926,25.0,720,480,37.04,subject_1,UNKNOWN,UNKNOWN,UNKNOWN,UNKNOWN,UNKNOWN
MultiCamera,chute07,MultiCamera_chute07_cam2,Lab,cam2,FALL,dataset/dataset/chute07/cam2.avi,UNKNOWN,UNKNOWN,UNKNOWN,912,25.0,720,480,36.48,subject_1,UNKNOWN,UNKNOWN,UNKNOWN,UNKNOWN,UNKNOWN
MultiCamera,chute07,MultiCamera_chute07_cam3,Lab,cam3,FALL,dataset/dataset/chute07/cam3.avi,UNKNOWN,UNKNOWN,UNKNOWN,914,25.0,720,480,36.56,subject_1,UNKNOWN,UNKNOWN,UNKNOWN,UNKNOWN,UNKNOWN
MultiCamera,chute07,MultiCamera_chute07_cam4,Lab,cam4,FALL,dataset/dataset/chute07/cam4.avi,UNKNOWN,UNKNOWN,UNKNOWN,898,25.0,720,480,35.92,subject_1,UNKNOWN,UNKNOWN,UNKNOWN,UNKNOWN,UNKNOWN
MultiCamera,chute07,MultiCamera_chute07_cam5,Lab,cam5,FALL,dataset/dataset/chute07/cam5.avi,UNKNOWN,UNKNOWN,UNKNOWN,899,25.0,720,480,35.96,subject_1,UNKNOWN,UNKNOWN,UNKNOWN,UNKNOWN,UNKNOWN
MultiCamera,chute07,MultiCamera_chute07_cam6,Lab,cam6,FALL,dataset/dataset/chute07/cam6.avi,UNKNOWN,UNKNOWN,UNKNOWN,915,25.0,720,480,36.6,subject_1,UNKNOWN,UNKNOWN,UNKNOWN,UNKNOWN,UNKNOWN
MultiCamera,chute07,MultiCamera_chute07_cam7,Lab,cam7,FALL,dataset/dataset/chute07/cam7.avi,UNKNOWN,UNKNOWN,UNKNOWN,916,25.0,720,480,36.64,subject_1,UNKNOWN,UNKNOWN,UNKNOWN,UNKNOWN,UNKNOWN
MultiCamera,chute07,MultiCamera_chute07_cam8,Lab,cam8,FALL,dataset/dataset/chute07/cam8.avi,UNKNOWN,UNKNOWN,UNKNOWN,918,25.0,720,480,36.72,subject_1,UNKNOWN,UNKNOWN,UNKNOWN,UNKNOWN,UNKNOWN
MultiCamera,chute08,MultiCamera_chute08_cam1,Lab,cam1,FALL,dataset/dataset/chute08/cam1.avi,UNKNOWN,UNKNOWN,UNKNOWN,713,25.0,720,480,28.52,subject_1,UNKNOWN,UNKNOWN,UNKNOWN,UNKNOWN,UNKNOWN
MultiCamera,chute08,MultiCamera_chute08_cam2,Lab,cam2,FALL,dataset/dataset/chute08/cam2.avi,UNKNOWN,UNKNOWN,UNKNOWN,700,25.0,720,480,28.0,subject_1,UNKNOWN,UNKNOWN,UNKNOWN,UNKNOWN,UNKNOWN
MultiCamera,chute08,MultiCamera_chute08_cam3,Lab,cam3,FALL,dataset/dataset/chute08/cam3.avi,UNKNOWN,UNKNOWN,UNKNOWN,621,25.0,720,480,24.84,subject_1,UNKNOWN,UNKNOWN,UNKNOWN,UNKNOWN,UNKNOWN
MultiCamera,chute08,MultiCamera_chute08_cam4,Lab,cam4,FALL,dataset/dataset/chute08/cam4.avi,UNKNOWN,UNKNOWN,UNKNOWN,702,25.0,720,480,28.08,subject_1,UNKNOWN,UNKNOWN,UNKNOWN,UNKNOWN,UNKNOWN
MultiCamera,chute08,MultiCamera_chute08_cam5,Lab,cam5,FALL,dataset/dataset/chute08/cam5.avi,UNKNOWN,UNKNOWN,UNKNOWN,685,25.0,720,480,27.4,subject_1,UNKNOWN,UNKNOWN,UNKNOWN,UNKNOWN,UNKNOWN
MultiCamera,chute08,MultiCamera_chute08_cam6,Lab,cam6,FALL,dataset/dataset/chute08/cam6.avi,UNKNOWN,UNKNOWN,UNKNOWN,702,25.0,720,480,28.08,subject_1,UNKNOWN,UNKNOWN,UNKNOWN,UNKNOWN,UNKNOWN
MultiCamera,chute08,MultiCamera_chute08_cam7,Lab,cam7,FALL,dataset/dataset/chute08/cam7.avi,UNKNOWN,UNKNOWN,UNKNOWN,703,25.0,720,480,28.12,subject_1,UNKNOWN,UNKNOWN,UNKNOWN,UNKNOWN,UNKNOWN
MultiCamera,chute08,MultiCamera_chute08_cam8,Lab,cam8,FALL,dataset/dataset/chute08/cam8.avi,UNKNOWN,UNKNOWN,UNKNOWN,677,25.0,720,480,27.08,subject_1,UNKNOWN,UNKNOWN,UNKNOWN,UNKNOWN,UNKNOWN
MultiCamera,chute09,MultiCamera_chute09_cam1,Lab,cam1,FALL,dataset/dataset/chute09/cam1.avi,UNKNOWN,UNKNOWN,UNKNOWN,933,25.0,720,480,37.32,subject_1,UNKNOWN,UNKNOWN,UNKNOWN,UNKNOWN,UNKNOWN
MultiCamera,chute09,MultiCamera_chute09_cam2,Lab,cam2,FALL,dataset/dataset/chute09/cam2.avi,UNKNOWN,UNKNOWN,UNKNOWN,924,25.0,720,480,36.96,subject_1,UNKNOWN,UNKNOWN,UNKNOWN,UNKNOWN,UNKNOWN
MultiCamera,chute09,MultiCamera_chute09_cam3,Lab,cam3,FALL,dataset/dataset/chute09/cam3.avi,UNKNOWN,UNKNOWN,UNKNOWN,916,25.0,720,480,36.64,subject_1,UNKNOWN,UNKNOWN,UNKNOWN,UNKNOWN,UNKNOWN
MultiCamera,chute09,MultiCamera_chute09_cam4,Lab,cam4,FALL,dataset/dataset/chute09/cam4.avi,UNKNOWN,UNKNOWN,UNKNOWN,934,25.0,720,480,37.36,subject_1,UNKNOWN,UNKNOWN,UNKNOWN,UNKNOWN,UNKNOWN
MultiCamera,chute09,MultiCamera_chute09_cam5,Lab,cam5,FALL,dataset/dataset/chute09/cam5.avi,UNKNOWN,UNKNOWN,UNKNOWN,928,25.0,720,480,37.12,subject_1,UNKNOWN,UNKNOWN,UNKNOWN,UNKNOWN,UNKNOWN
MultiCamera,chute09,MultiCamera_chute09_cam6,Lab,cam6,FALL,dataset/dataset/chute09/cam6.avi,UNKNOWN,UNKNOWN,UNKNOWN,926,25.0,720,480,37.04,subject_1,UNKNOWN,UNKNOWN,UNKNOWN,UNKNOWN,UNKNOWN
MultiCamera,chute09,MultiCamera_chute09_cam7,Lab,cam7,FALL,dataset/dataset/chute09/cam7.avi,UNKNOWN,UNKNOWN,UNKNOWN,927,25.0,720,480,37.08,subject_1,UNKNOWN,UNKNOWN,UNKNOWN,UNKNOWN,UNKNOWN
MultiCamera,chute09,MultiCamera_chute09_cam8,Lab,cam8,FALL,dataset/dataset/chute09/cam8.avi,UNKNOWN,UNKNOWN,UNKNOWN,915,25.0,720,480,36.6,subject_1,UNKNOWN,UNKNOWN,UNKNOWN,UNKNOWN,UNKNOWN
MultiCamera,chute10,MultiCamera_chute10_cam1,Lab,cam1,FALL,dataset/dataset/chute10/cam1.avi,UNKNOWN,UNKNOWN,UNKNOWN,943,25.0,720,480,37.72,subject_1,UNKNOWN,UNKNOWN,UNKNOWN,UNKNOWN,UNKNOWN
MultiCamera,chute10,MultiCamera_chute10_cam2,Lab,cam2,FALL,dataset/dataset/chute10/cam2.avi,UNKNOWN,UNKNOWN,UNKNOWN,944,25.0,720,480,37.76,subject_1,UNKNOWN,UNKNOWN,UNKNOWN,UNKNOWN,UNKNOWN
MultiCamera,chute10,MultiCamera_chute10_cam3,Lab,cam3,FALL,dataset/dataset/chute10/cam3.avi,UNKNOWN,UNKNOWN,UNKNOWN,948,25.0,720,480,37.92,subject_1,UNKNOWN,UNKNOWN,UNKNOWN,UNKNOWN,UNKNOWN
MultiCamera,chute10,MultiCamera_chute10_cam4,Lab,cam4,FALL,dataset/dataset/chute10/cam4.avi,UNKNOWN,UNKNOWN,UNKNOWN,962,25.0,720,480,38.48,subject_1,UNKNOWN,UNKNOWN,UNKNOWN,UNKNOWN,UNKNOWN
MultiCamera,chute10,MultiCamera_chute10_cam5,Lab,cam5,FALL,dataset/dataset/chute10/cam5.avi,UNKNOWN,UNKNOWN,UNKNOWN,941,25.0,720,480,37.64,subject_1,UNKNOWN,UNKNOWN,UNKNOWN,UNKNOWN,UNKNOWN
MultiCamera,chute10,MultiCamera_chute10_cam6,Lab,cam6,FALL,dataset/dataset/chute10/cam6.avi,UNKNOWN,UNKNOWN,UNKNOWN,946,25.0,720,480,37.84,subject_1,UNKNOWN,UNKNOWN,UNKNOWN,UNKNOWN,UNKNOWN
MultiCamera,chute10,MultiCamera_chute10_cam7,Lab,cam7,FALL,dataset/dataset/chute10/cam7.avi,UNKNOWN,UNKNOWN,UNKNOWN,948,25.0,720,480,37.92,subject_1,UNKNOWN,UNKNOWN,UNKNOWN,UNKNOWN,UNKNOWN
MultiCamera,chute10,MultiCamera_chute10_cam8,Lab,cam8,FALL,dataset/dataset/chute10/cam8.avi,UNKNOWN,UNKNOWN,UNKNOWN,929,25.0,720,480,37.16,subject_1,UNKNOWN,UNKNOWN,UNKNOWN,UNKNOWN,UNKNOWN
MultiCamera,chute11,MultiCamera_chute11_cam1,Lab,cam1,FALL,dataset/dataset/chute11/cam1.avi,UNKNOWN,UNKNOWN,UNKNOWN,822,25.0,720,480,32.88,subject_1,UNKNOWN,UNKNOWN,UNKNOWN,UNKNOWN,UNKNOWN
MultiCamera,chute11,MultiCamera_chute11_cam2,Lab,cam2,FALL,dataset/dataset/chute11/cam2.avi,UNKNOWN,UNKNOWN,UNKNOWN,803,25.0,720,480,32.12,subject_1,UNKNOWN,UNKNOWN,UNKNOWN,UNKNOWN,UNKNOWN
MultiCamera,chute11,MultiCamera_chute11_cam3,Lab,cam3,FALL,dataset/dataset/chute11/cam3.avi,UNKNOWN,UNKNOWN,UNKNOWN,819,25.0,720,480,32.76,subject_1,UNKNOWN,UNKNOWN,UNKNOWN,UNKNOWN,UNKNOWN
MultiCamera,chute11,MultiCamera_chute11_cam4,Lab,cam4,FALL,dataset/dataset/chute11/cam4.avi,UNKNOWN,UNKNOWN,UNKNOWN,813,25.0,720,480,32.52,subject_1,UNKNOWN,UNKNOWN,UNKNOWN,UNKNOWN,UNKNOWN
MultiCamera,chute11,MultiCamera_chute11_cam5,Lab,cam5,FALL,dataset/dataset/chute11/cam5.avi,UNKNOWN,UNKNOWN,UNKNOWN,799,25.0,720,480,31.96,subject_1,UNKNOWN,UNKNOWN,UNKNOWN,UNKNOWN,UNKNOWN
MultiCamera,chute11,MultiCamera_chute11_cam6,Lab,cam6,FALL,dataset/dataset/chute11/cam6.avi,UNKNOWN,UNKNOWN,UNKNOWN,805,25.0,720,480,32.2,subject_1,UNKNOWN,UNKNOWN,UNKNOWN,UNKNOWN,UNKNOWN
MultiCamera,chute11,MultiCamera_chute11_cam7,Lab,cam7,FALL,dataset/dataset/chute11/cam7.avi,UNKNOWN,UNKNOWN,UNKNOWN,806,25.0,720,480,32.24,subject_1,UNKNOWN,UNKNOWN,UNKNOWN,UNKNOWN,UNKNOWN
MultiCamera,chute11,MultiCamera_chute11_cam8,Lab,cam8,FALL,dataset/dataset/chute11/cam8.avi,UNKNOWN,UNKNOWN,UNKNOWN,811,25.0,720,480,32.44,subject_1,UNKNOWN,UNKNOWN,UNKNOWN,UNKNOWN,UNKNOWN
MultiCamera,chute12,MultiCamera_chute12_cam1,Lab,cam1,FALL,dataset/dataset/chute12/cam1.avi,UNKNOWN,UNKNOWN,UNKNOWN,937,25.0,720,480,37.48,subject_1,UNKNOWN,UNKNOWN,UNKNOWN,UNKNOWN,UNKNOWN
MultiCamera,chute12,MultiCamera_chute12_cam2,Lab,cam2,FALL,dataset/dataset/chute12/cam2.avi,UNKNOWN,UNKNOWN,UNKNOWN,922,25.0,720,480,36.88,subject_1,UNKNOWN,UNKNOWN,UNKNOWN,UNKNOWN,UNKNOWN
MultiCamera,chute12,MultiCamera_chute12_cam3,Lab,cam3,FALL,dataset/dataset/chute12/cam3.avi,UNKNOWN,UNKNOWN,UNKNOWN,929,25.0,720,480,37.16,subject_1,UNKNOWN,UNKNOWN,UNKNOWN,UNKNOWN,UNKNOWN
MultiCamera,chute12,MultiCamera_chute12_cam4,Lab,cam4,FALL,dataset/dataset/chute12/cam4.avi,UNKNOWN,UNKNOWN,UNKNOWN,924,25.0,720,480,36.96,subject_1,UNKNOWN,UNKNOWN,UNKNOWN,UNKNOWN,UNKNOWN
MultiCamera,chute12,MultiCamera_chute12_cam5,Lab,cam5,FALL,dataset/dataset/chute12/cam5.avi,UNKNOWN,UNKNOWN,UNKNOWN,916,25.0,720,480,36.64,subject_1,UNKNOWN,UNKNOWN,UNKNOWN,UNKNOWN,UNKNOWN
MultiCamera,chute12,MultiCamera_chute12_cam6,Lab,cam6,FALL,dataset/dataset/chute12/cam6.avi,UNKNOWN,UNKNOWN,UNKNOWN,919,25.0,720,480,36.76,subject_1,UNKNOWN,UNKNOWN,UNKNOWN,UNKNOWN,UNKNOWN
MultiCamera,chute12,MultiCamera_chute12_cam7,Lab,cam7,FALL,dataset/dataset/chute12/cam7.avi,UNKNOWN,UNKNOWN,UNKNOWN,923,25.0,720,480,36.92,subject_1,UNKNOWN,UNKNOWN,UNKNOWN,UNKNOWN,UNKNOWN
MultiCamera,chute12,MultiCamera_chute12_cam8,Lab,cam8,FALL,dataset/dataset/chute12/cam8.avi,UNKNOWN,UNKNOWN,UNKNOWN,916,25.0,720,480,36.64,subject_1,UNKNOWN,UNKNOWN,UNKNOWN,UNKNOWN,UNKNOWN
MultiCamera,chute13,MultiCamera_chute13_cam1,Lab,cam1,FALL,dataset/dataset/chute13/cam1.avi,UNKNOWN,UNKNOWN,UNKNOWN,1206,25.0,720,480,48.24,subject_1,UNKNOWN,UNKNOWN,UNKNOWN,UNKNOWN,UNKNOWN
MultiCamera,chute13,MultiCamera_chute13_cam2,Lab,cam2,FALL,dataset/dataset/chute13/cam2.avi,UNKNOWN,UNKNOWN,UNKNOWN,1223,25.0,720,480,48.92,subject_1,UNKNOWN,UNKNOWN,UNKNOWN,UNKNOWN,UNKNOWN
MultiCamera,chute13,MultiCamera_chute13_cam3,Lab,cam3,FALL,dataset/dataset/chute13/cam3.avi,UNKNOWN,UNKNOWN,UNKNOWN,1190,25.0,720,480,47.6,subject_1,UNKNOWN,UNKNOWN,UNKNOWN,UNKNOWN,UNKNOWN
MultiCamera,chute13,MultiCamera_chute13_cam4,Lab,cam4,FALL,dataset/dataset/chute13/cam4.avi,UNKNOWN,UNKNOWN,UNKNOWN,1197,25.0,720,480,47.88,subject_1,UNKNOWN,UNKNOWN,UNKNOWN,UNKNOWN,UNKNOWN
MultiCamera,chute13,MultiCamera_chute13_cam5,Lab,cam5,FALL,dataset/dataset/chute13/cam5.avi,UNKNOWN,UNKNOWN,UNKNOWN,1217,25.0,720,480,48.68,subject_1,UNKNOWN,UNKNOWN,UNKNOWN,UNKNOWN,UNKNOWN
MultiCamera,chute13,MultiCamera_chute13_cam6,Lab,cam6,FALL,dataset/dataset/chute13/cam6.avi,UNKNOWN,UNKNOWN,UNKNOWN,1217,25.0,720,480,48.68,subject_1,UNKNOWN,UNKNOWN,UNKNOWN,UNKNOWN,UNKNOWN
MultiCamera,chute13,MultiCamera_chute13_cam7,Lab,cam7,FALL,dataset/dataset/chute13/cam7.avi,UNKNOWN,UNKNOWN,UNKNOWN,1226,25.0,720,480,49.04,subject_1,UNKNOWN,UNKNOWN,UNKNOWN,UNKNOWN,UNKNOWN
MultiCamera,chute13,MultiCamera_chute13_cam8,Lab,cam8,FALL,dataset/dataset/chute13/cam8.avi,UNKNOWN,UNKNOWN,UNKNOWN,1203,25.0,720,480,48.12,subject_1,UNKNOWN,UNKNOWN,UNKNOWN,UNKNOWN,UNKNOWN
MultiCamera,chute14,MultiCamera_chute14_cam1,Lab,cam1,FALL,dataset/dataset/chute14/cam1.avi,UNKNOWN,UNKNOWN,UNKNOWN,1499,25.0,720,480,59.96,subject_1,UNKNOWN,UNKNOWN,UNKNOWN,UNKNOWN,UNKNOWN
MultiCamera,chute14,MultiCamera_chute14_cam2,Lab,cam2,FALL,dataset/dataset/chute14/cam2.avi,UNKNOWN,UNKNOWN,UNKNOWN,1486,25.0,720,480,59.44,subject_1,UNKNOWN,UNKNOWN,UNKNOWN,UNKNOWN,UNKNOWN
MultiCamera,chute14,MultiCamera_chute14_cam3,Lab,cam3,FALL,dataset/dataset/chute14/cam3.avi,UNKNOWN,UNKNOWN,UNKNOWN,1488,25.0,720,480,59.52,subject_1,UNKNOWN,UNKNOWN,UNKNOWN,UNKNOWN,UNKNOWN
MultiCamera,chute14,MultiCamera_chute14_cam4,Lab,cam4,FALL,dataset/dataset/chute14/cam4.avi,UNKNOWN,UNKNOWN,UNKNOWN,1450,25.0,720,480,58.0,subject_1,UNKNOWN,UNKNOWN,UNKNOWN,UNKNOWN,UNKNOWN
MultiCamera,chute14,MultiCamera_chute14_cam5,Lab,cam5,FALL,dataset/dataset/chute14/cam5.avi,UNKNOWN,UNKNOWN,UNKNOWN,1479,25.0,720,480,59.16,subject_1,UNKNOWN,UNKNOWN,UNKNOWN,UNKNOWN,UNKNOWN
MultiCamera,chute14,MultiCamera_chute14_cam6,Lab,cam6,FALL,dataset/dataset/chute14/cam6.avi,UNKNOWN,UNKNOWN,UNKNOWN,1479,25.0,720,480,59.16,subject_1,UNKNOWN,UNKNOWN,UNKNOWN,UNKNOWN,UNKNOWN
MultiCamera,chute14,MultiCamera_chute14_cam7,Lab,cam7,FALL,dataset/dataset/chute14/cam7.avi,UNKNOWN,UNKNOWN,UNKNOWN,1457,25.0,720,480,58.28,subject_1,UNKNOWN,UNKNOWN,UNKNOWN,UNKNOWN,UNKNOWN
MultiCamera,chute14,MultiCamera_chute14_cam8,Lab,cam8,FALL,dataset/dataset/chute14/cam8.avi,UNKNOWN,UNKNOWN,UNKNOWN,1464,25.0,720,480,58.56,subject_1,UNKNOWN,UNKNOWN,UNKNOWN,UNKNOWN,UNKNOWN
MultiCamera,chute15,MultiCamera_chute15_cam1,Lab,cam1,FALL,dataset/dataset/chute15/cam1.avi,UNKNOWN,UNKNOWN,UNKNOWN,1086,25.0,720,480,43.44,subject_1,UNKNOWN,UNKNOWN,UNKNOWN,UNKNOWN,UNKNOWN
MultiCamera,chute15,MultiCamera_chute15_cam2,Lab,cam2,FALL,dataset/dataset/chute15/cam2.avi,UNKNOWN,UNKNOWN,UNKNOWN,1090,25.0,720,480,43.6,subject_1,UNKNOWN,UNKNOWN,UNKNOWN,UNKNOWN,UNKNOWN
MultiCamera,chute15,MultiCamera_chute15_cam3,Lab,cam3,FALL,dataset/dataset/chute15/cam3.avi,UNKNOWN,UNKNOWN,UNKNOWN,1090,25.0,720,480,43.6,subject_1,UNKNOWN,UNKNOWN,UNKNOWN,UNKNOWN,UNKNOWN
MultiCamera,chute15,MultiCamera_chute15_cam4,Lab,cam4,FALL,dataset/dataset/chute15/cam4.avi,UNKNOWN,UNKNOWN,UNKNOWN,1086,25.0,720,480,43.44,subject_1,UNKNOWN,UNKNOWN,UNKNOWN,UNKNOWN,UNKNOWN
MultiCamera,chute15,MultiCamera_chute15_cam5,Lab,cam5,FALL,dataset/dataset/chute15/cam5.avi,UNKNOWN,UNKNOWN,UNKNOWN,1105,25.0,720,480,44.2,subject_1,UNKNOWN,UNKNOWN,UNKNOWN,UNKNOWN,UNKNOWN
MultiCamera,chute15,MultiCamera_chute15_cam6,Lab,cam6,FALL,dataset/dataset/chute15/cam6.avi,UNKNOWN,UNKNOWN,UNKNOWN,1111,25.0,720,480,44.44,subject_1,UNKNOWN,UNKNOWN,UNKNOWN,UNKNOWN,UNKNOWN
MultiCamera,chute15,MultiCamera_chute15_cam7,Lab,cam7,FALL,dataset/dataset/chute15/cam7.avi,UNKNOWN,UNKNOWN,UNKNOWN,1094,25.0,720,480,43.76,subject_1,UNKNOWN,UNKNOWN,UNKNOWN,UNKNOWN,UNKNOWN
MultiCamera,chute15,MultiCamera_chute15_cam8,Lab,cam8,FALL,dataset/dataset/chute15/cam8.avi,UNKNOWN,UNKNOWN,UNKNOWN,1071,25.0,720,480,42.84,subject_1,UNKNOWN,UNKNOWN,UNKNOWN,UNKNOWN,UNKNOWN
MultiCamera,chute16,MultiCamera_chute16_cam1,Lab,cam1,FALL,dataset/dataset/chute16/cam1.avi,UNKNOWN,UNKNOWN,UNKNOWN,1234,25.0,720,480,49.36,subject_1,UNKNOWN,UNKNOWN,UNKNOWN,UNKNOWN,UNKNOWN
MultiCamera,chute16,MultiCamera_chute16_cam2,Lab,cam2,FALL,dataset/dataset/chute16/cam2.avi,UNKNOWN,UNKNOWN,UNKNOWN,1240,25.0,720,480,49.6,subject_1,UNKNOWN,UNKNOWN,UNKNOWN,UNKNOWN,UNKNOWN
MultiCamera,chute16,MultiCamera_chute16_cam3,Lab,cam3,FALL,dataset/dataset/chute16/cam3.avi,UNKNOWN,UNKNOWN,UNKNOWN,1211,25.0,720,480,48.44,subject_1,UNKNOWN,UNKNOWN,UNKNOWN,UNKNOWN,UNKNOWN
MultiCamera,chute16,MultiCamera_chute16_cam4,Lab,cam4,FALL,dataset/dataset/chute16/cam4.avi,UNKNOWN,UNKNOWN,UNKNOWN,1213,25.0,720,480,48.52,subject_1,UNKNOWN,UNKNOWN,UNKNOWN,UNKNOWN,UNKNOWN
MultiCamera,chute16,MultiCamera_chute16_cam5,Lab,cam5,FALL,dataset/dataset/chute16/cam5.avi,UNKNOWN,UNKNOWN,UNKNOWN,1223,25.0,720,480,48.92,subject_1,UNKNOWN,UNKNOWN,UNKNOWN,UNKNOWN,UNKNOWN
MultiCamera,chute16,MultiCamera_chute16_cam6,Lab,cam6,FALL,dataset/dataset/chute16/cam6.avi,UNKNOWN,UNKNOWN,UNKNOWN,1220,25.0,720,480,48.8,subject_1,UNKNOWN,UNKNOWN,UNKNOWN,UNKNOWN,UNKNOWN
MultiCamera,chute16,MultiCamera_chute16_cam7,Lab,cam7,FALL,dataset/dataset/chute16/cam7.avi,UNKNOWN,UNKNOWN,UNKNOWN,1214,25.0,720,480,48.56,subject_1,UNKNOWN,UNKNOWN,UNKNOWN,UNKNOWN,UNKNOWN
MultiCamera,chute16,MultiCamera_chute16_cam8,Lab,cam8,FALL,dataset/dataset/chute16/cam8.avi,UNKNOWN,UNKNOWN,UNKNOWN,1214,25.0,720,480,48.56,subject_1,UNKNOWN,UNKNOWN,UNKNOWN,UNKNOWN,UNKNOWN
MultiCamera,chute17,MultiCamera_chute17_cam1,Lab,cam1,FALL,dataset/dataset/chute17/cam1.avi,UNKNOWN,UNKNOWN,UNKNOWN,1539,25.0,720,480,61.56,subject_1,UNKNOWN,UNKNOWN,UNKNOWN,UNKNOWN,UNKNOWN
MultiCamera,chute17,MultiCamera_chute17_cam2,Lab,cam2,FALL,dataset/dataset/chute17/cam2.avi,UNKNOWN,UNKNOWN,UNKNOWN,1544,25.0,720,480,61.76,subject_1,UNKNOWN,UNKNOWN,UNKNOWN,UNKNOWN,UNKNOWN
MultiCamera,chute17,MultiCamera_chute17_cam3,Lab,cam3,FALL,dataset/dataset/chute17/cam3.avi,UNKNOWN,UNKNOWN,UNKNOWN,1533,25.0,720,480,61.32,subject_1,UNKNOWN,UNKNOWN,UNKNOWN,UNKNOWN,UNKNOWN
MultiCamera,chute17,MultiCamera_chute17_cam4,Lab,cam4,FALL,dataset/dataset/chute17/cam4.avi,UNKNOWN,UNKNOWN,UNKNOWN,1518,25.0,720,480,60.72,subject_1,UNKNOWN,UNKNOWN,UNKNOWN,UNKNOWN,UNKNOWN
MultiCamera,chute17,MultiCamera_chute17_cam5,Lab,cam5,FALL,dataset/dataset/chute17/cam5.avi,UNKNOWN,UNKNOWN,UNKNOWN,1528,25.0,720,480,61.12,subject_1,UNKNOWN,UNKNOWN,UNKNOWN,UNKNOWN,UNKNOWN
MultiCamera,chute17,MultiCamera_chute17_cam6,Lab,cam6,FALL,dataset/dataset/chute17/cam6.avi,UNKNOWN,UNKNOWN,UNKNOWN,1518,25.0,720,480,60.72,subject_1,UNKNOWN,UNKNOWN,UNKNOWN,UNKNOWN,UNKNOWN
MultiCamera,chute17,MultiCamera_chute17_cam7,Lab,cam7,FALL,dataset/dataset/chute17/cam7.avi,UNKNOWN,UNKNOWN,UNKNOWN,1547,25.0,720,480,61.88,subject_1,UNKNOWN,UNKNOWN,UNKNOWN,UNKNOWN,UNKNOWN
MultiCamera,chute17,MultiCamera_chute17_cam8,Lab,cam8,FALL,dataset/dataset/chute17/cam8.avi,UNKNOWN,UNKNOWN,UNKNOWN,1536,25.0,720,480,61.44,subject_1,UNKNOWN,UNKNOWN,UNKNOWN,UNKNOWN,UNKNOWN
MultiCamera,chute18,MultiCamera_chute18_cam1,Lab,cam1,FALL,dataset/dataset/chute18/cam1.avi,UNKNOWN,UNKNOWN,UNKNOWN,1001,25.0,720,480,40.04,subject_1,UNKNOWN,UNKNOWN,UNKNOWN,UNKNOWN,UNKNOWN
MultiCamera,chute18,MultiCamera_chute18_cam2,Lab,cam2,FALL,dataset/dataset/chute18/cam2.avi,UNKNOWN,UNKNOWN,UNKNOWN,1007,25.0,720,480,40.28,subject_1,UNKNOWN,UNKNOWN,UNKNOWN,UNKNOWN,UNKNOWN
MultiCamera,chute18,MultiCamera_chute18_cam3,Lab,cam3,FALL,dataset/dataset/chute18/cam3.avi,UNKNOWN,UNKNOWN,UNKNOWN,988,25.0,720,480,39.52,subject_1,UNKNOWN,UNKNOWN,UNKNOWN,UNKNOWN,UNKNOWN
MultiCamera,chute18,MultiCamera_chute18_cam4,Lab,cam4,FALL,dataset/dataset/chute18/cam4.avi,UNKNOWN,UNKNOWN,UNKNOWN,902,25.0,720,480,36.08,subject_1,UNKNOWN,UNKNOWN,UNKNOWN,UNKNOWN,UNKNOWN
MultiCamera,chute18,MultiCamera_chute18_cam5,Lab,cam5,FALL,dataset/dataset/chute18/cam5.avi,UNKNOWN,UNKNOWN,UNKNOWN,986,25.0,720,480,39.44,subject_1,UNKNOWN,UNKNOWN,UNKNOWN,UNKNOWN,UNKNOWN
MultiCamera,chute18,MultiCamera_chute18_cam6,Lab,cam6,FALL,dataset/dataset/chute18/cam6.avi,UNKNOWN,UNKNOWN,UNKNOWN,1010,25.0,720,480,40.4,subject_1,UNKNOWN,UNKNOWN,UNKNOWN,UNKNOWN,UNKNOWN
MultiCamera,chute18,MultiCamera_chute18_cam7,Lab,cam7,FALL,dataset/dataset/chute18/cam7.avi,UNKNOWN,UNKNOWN,UNKNOWN,1011,25.0,720,480,40.44,subject_1,UNKNOWN,UNKNOWN,UNKNOWN,UNKNOWN,UNKNOWN
MultiCamera,chute18,MultiCamera_chute18_cam8,Lab,cam8,FALL,dataset/dataset/chute18/cam8.avi,UNKNOWN,UNKNOWN,UNKNOWN,979,25.0,720,480,39.16,subject_1,UNKNOWN,UNKNOWN,UNKNOWN,UNKNOWN,UNKNOWN
MultiCamera,chute19,MultiCamera_chute19_cam1,Lab,cam1,FALL,dataset/dataset/chute19/cam1.avi,UNKNOWN,UNKNOWN,UNKNOWN,1016,25.0,720,480,40.64,subject_1,UNKNOWN,UNKNOWN,UNKNOWN,UNKNOWN,UNKNOWN
MultiCamera,chute19,MultiCamera_chute19_cam2,Lab,cam2,FALL,dataset/dataset/chute19/cam2.avi,UNKNOWN,UNKNOWN,UNKNOWN,1024,25.0,720,480,40.96,subject_1,UNKNOWN,UNKNOWN,UNKNOWN,UNKNOWN,UNKNOWN
MultiCamera,chute19,MultiCamera_chute19_cam3,Lab,cam3,FALL,dataset/dataset/chute19/cam3.avi,UNKNOWN,UNKNOWN,UNKNOWN,1013,25.0,720,480,40.52,subject_1,UNKNOWN,UNKNOWN,UNKNOWN,UNKNOWN,UNKNOWN
MultiCamera,chute19,MultiCamera_chute19_cam4,Lab,cam4,FALL,dataset/dataset/chute19/cam4.avi,UNKNOWN,UNKNOWN,UNKNOWN,1016,25.0,720,480,40.64,subject_1,UNKNOWN,UNKNOWN,UNKNOWN,UNKNOWN,UNKNOWN
MultiCamera,chute19,MultiCamera_chute19_cam5,Lab,cam5,FALL,dataset/dataset/chute19/cam5.avi,UNKNOWN,UNKNOWN,UNKNOWN,1002,25.0,720,480,40.08,subject_1,UNKNOWN,UNKNOWN,UNKNOWN,UNKNOWN,UNKNOWN
MultiCamera,chute19,MultiCamera_chute19_cam6,Lab,cam6,FALL,dataset/dataset/chute19/cam6.avi,UNKNOWN,UNKNOWN,UNKNOWN,1026,25.0,720,480,41.04,subject_1,UNKNOWN,UNKNOWN,UNKNOWN,UNKNOWN,UNKNOWN
MultiCamera,chute19,MultiCamera_chute19_cam7,Lab,cam7,FALL,dataset/dataset/chute19/cam7.avi,UNKNOWN,UNKNOWN,UNKNOWN,997,25.0,720,480,39.88,subject_1,UNKNOWN,UNKNOWN,UNKNOWN,UNKNOWN,UNKNOWN
MultiCamera,chute19,MultiCamera_chute19_cam8,Lab,cam8,FALL,dataset/dataset/chute19/cam8.avi,UNKNOWN,UNKNOWN,UNKNOWN,1017,25.0,720,480,40.68,subject_1,UNKNOWN,UNKNOWN,UNKNOWN,UNKNOWN,UNKNOWN
MultiCamera,chute20,MultiCamera_chute20_cam1,Lab,cam1,FALL,dataset/dataset/chute20/cam1.avi,UNKNOWN,UNKNOWN,UNKNOWN,1008,25.0,720,480,40.32,subject_1,UNKNOWN,UNKNOWN,UNKNOWN,UNKNOWN,UNKNOWN
MultiCamera,chute20,MultiCamera_chute20_cam2,Lab,cam2,FALL,dataset/dataset/chute20/cam2.avi,UNKNOWN,UNKNOWN,UNKNOWN,992,25.0,720,480,39.68,subject_1,UNKNOWN,UNKNOWN,UNKNOWN,UNKNOWN,UNKNOWN
MultiCamera,chute20,MultiCamera_chute20_cam3,Lab,cam3,FALL,dataset/dataset/chute20/cam3.avi,UNKNOWN,UNKNOWN,UNKNOWN,986,25.0,720,480,39.44,subject_1,UNKNOWN,UNKNOWN,UNKNOWN,UNKNOWN,UNKNOWN
MultiCamera,chute20,MultiCamera_chute20_cam4,Lab,cam4,FALL,dataset/dataset/chute20/cam4.avi,UNKNOWN,UNKNOWN,UNKNOWN,993,25.0,720,480,39.72,subject_1,UNKNOWN,UNKNOWN,UNKNOWN,UNKNOWN,UNKNOWN
MultiCamera,chute20,MultiCamera_chute20_cam5,Lab,cam5,FALL,dataset/dataset/chute20/cam5.avi,UNKNOWN,UNKNOWN,UNKNOWN,993,25.0,720,480,39.72,subject_1,UNKNOWN,UNKNOWN,UNKNOWN,UNKNOWN,UNKNOWN
MultiCamera,chute20,MultiCamera_chute20_cam6,Lab,cam6,FALL,dataset/dataset/chute20/cam6.avi,UNKNOWN,UNKNOWN,UNKNOWN,987,25.0,720,480,39.48,subject_1,UNKNOWN,UNKNOWN,UNKNOWN,UNKNOWN,UNKNOWN
MultiCamera,chute20,MultiCamera_chute20_cam7,Lab,cam7,FALL,dataset/dataset/chute20/cam7.avi,UNKNOWN,UNKNOWN,UNKNOWN,988,25.0,720,480,39.52,subject_1,UNKNOWN,UNKNOWN,UNKNOWN,UNKNOWN,UNKNOWN
MultiCamera,chute20,MultiCamera_chute20_cam8,Lab,cam8,FALL,dataset/dataset/chute20/cam8.avi,UNKNOWN,UNKNOWN,UNKNOWN,983,25.0,720,480,39.32,subject_1,UNKNOWN,UNKNOWN,UNKNOWN,UNKNOWN,UNKNOWN
MultiCamera,chute21,MultiCamera_chute21_cam1,Lab,cam1,FALL,dataset/dataset/chute21/cam1.avi,UNKNOWN,UNKNOWN,UNKNOWN,1207,25.0,720,480,48.28,subject_1,UNKNOWN,UNKNOWN,UNKNOWN,UNKNOWN,UNKNOWN
MultiCamera,chute21,MultiCamera_chute21_cam2,Lab,cam2,FALL,dataset/dataset/chute21/cam2.avi,UNKNOWN,UNKNOWN,UNKNOWN,1217,25.0,720,480,48.68,subject_1,UNKNOWN,UNKNOWN,UNKNOWN,UNKNOWN,UNKNOWN
MultiCamera,chute21,MultiCamera_chute21_cam3,Lab,cam3,FALL,dataset/dataset/chute21/cam3.avi,UNKNOWN,UNKNOWN,UNKNOWN,1209,25.0,720,480,48.36,subject_1,UNKNOWN,UNKNOWN,UNKNOWN,UNKNOWN,UNKNOWN
MultiCamera,chute21,MultiCamera_chute21_cam4,Lab,cam4,FALL,dataset/dataset/chute21/cam4.avi,UNKNOWN,UNKNOWN,UNKNOWN,1190,25.0,720,480,47.6,subject_1,UNKNOWN,UNKNOWN,UNKNOWN,UNKNOWN,UNKNOWN
MultiCamera,chute21,MultiCamera_chute21_cam5,Lab,cam5,FALL,dataset/dataset/chute21/cam5.avi,UNKNOWN,UNKNOWN,UNKNOWN,1195,25.0,720,480,47.8,subject_1,UNKNOWN,UNKNOWN,UNKNOWN,UNKNOWN,UNKNOWN
MultiCamera,chute21,MultiCamera_chute21_cam6,Lab,cam6,FALL,dataset/dataset/chute21/cam6.avi,UNKNOWN,UNKNOWN,UNKNOWN,1220,25.0,720,480,48.8,subject_1,UNKNOWN,UNKNOWN,UNKNOWN,UNKNOWN,UNKNOWN
MultiCamera,chute21,MultiCamera_chute21_cam7,Lab,cam7,FALL,dataset/dataset/chute21/cam7.avi,UNKNOWN,UNKNOWN,UNKNOWN,1219,25.0,720,480,48.76,subject_1,UNKNOWN,UNKNOWN,UNKNOWN,UNKNOWN,UNKNOWN
MultiCamera,chute21,MultiCamera_chute21_cam8,Lab,cam8,FALL,dataset/dataset/chute21/cam8.avi,UNKNOWN,UNKNOWN,UNKNOWN,1187,25.0,720,480,47.48,subject_1,UNKNOWN,UNKNOWN,UNKNOWN,UNKNOWN,UNKNOWN
MultiCamera,chute22,MultiCamera_chute22_cam1,Lab,cam1,FALL,dataset/dataset/chute22/cam1.avi,UNKNOWN,UNKNOWN,UNKNOWN,1109,25.0,720,480,44.36,subject_1,UNKNOWN,UNKNOWN,UNKNOWN,UNKNOWN,UNKNOWN
MultiCamera,chute22,MultiCamera_chute22_cam2,Lab,cam2,FALL,dataset/dataset/chute22/cam2.avi,UNKNOWN,UNKNOWN,UNKNOWN,1155,25.0,720,480,46.2,subject_1,UNKNOWN,UNKNOWN,UNKNOWN,UNKNOWN,UNKNOWN
MultiCamera,chute22,MultiCamera_chute22_cam3,Lab,cam3,FALL,dataset/dataset/chute22/cam3.avi,UNKNOWN,UNKNOWN,UNKNOWN,1160,25.0,720,480,46.4,subject_1,UNKNOWN,UNKNOWN,UNKNOWN,UNKNOWN,UNKNOWN
MultiCamera,chute22,MultiCamera_chute22_cam4,Lab,cam4,FALL,dataset/dataset/chute22/cam4.avi,UNKNOWN,UNKNOWN,UNKNOWN,1150,25.0,720,480,46.0,subject_1,UNKNOWN,UNKNOWN,UNKNOWN,UNKNOWN,UNKNOWN
MultiCamera,chute22,MultiCamera_chute22_cam5,Lab,cam5,FALL,dataset/dataset/chute22/cam5.avi,UNKNOWN,UNKNOWN,UNKNOWN,1162,25.0,720,480,46.48,subject_1,UNKNOWN,UNKNOWN,UNKNOWN,UNKNOWN,UNKNOWN
MultiCamera,chute22,MultiCamera_chute22_cam6,Lab,cam6,FALL,dataset/dataset/chute22/cam6.avi,UNKNOWN,UNKNOWN,UNKNOWN,1155,25.0,720,480,46.2,subject_1,UNKNOWN,UNKNOWN,UNKNOWN,UNKNOWN,UNKNOWN
MultiCamera,chute22,MultiCamera_chute22_cam7,Lab,cam7,FALL,dataset/dataset/chute22/cam7.avi,UNKNOWN,UNKNOWN,UNKNOWN,1156,25.0,720,480,46.24,subject_1,UNKNOWN,UNKNOWN,UNKNOWN,UNKNOWN,UNKNOWN
MultiCamera,chute22,MultiCamera_chute22_cam8,Lab,cam8,FALL,dataset/dataset/chute22/cam8.avi,UNKNOWN,UNKNOWN,UNKNOWN,1143,25.0,720,480,45.72,subject_1,UNKNOWN,UNKNOWN,UNKNOWN,UNKNOWN,UNKNOWN
MultiCamera,chute23,MultiCamera_chute23_cam1,Lab,cam1,NORMAL,dataset/dataset/chute23/cam1.avi,UNKNOWN,UNKNOWN,UNKNOWN,5381,25.0,720,480,215.24,subject_1,UNKNOWN,UNKNOWN,UNKNOWN,UNKNOWN,UNKNOWN
MultiCamera,chute23,MultiCamera_chute23_cam2,Lab,cam2,NORMAL,dataset/dataset/chute23/cam2.avi,UNKNOWN,UNKNOWN,UNKNOWN,5402,25.0,720,480,216.08,subject_1,UNKNOWN,UNKNOWN,UNKNOWN,UNKNOWN,UNKNOWN
MultiCamera,chute23,MultiCamera_chute23_cam3,Lab,cam3,NORMAL,dataset/dataset/chute23/cam3.avi,UNKNOWN,UNKNOWN,UNKNOWN,5402,25.0,720,480,216.08,subject_1,UNKNOWN,UNKNOWN,UNKNOWN,UNKNOWN,UNKNOWN
MultiCamera,chute23,MultiCamera_chute23_cam4,Lab,cam4,NORMAL,dataset/dataset/chute23/cam4.avi,UNKNOWN,UNKNOWN,UNKNOWN,5395,25.0,720,480,215.8,subject_1,UNKNOWN,UNKNOWN,UNKNOWN,UNKNOWN,UNKNOWN
MultiCamera,chute23,MultiCamera_chute23_cam5,Lab,cam5,NORMAL,dataset/dataset/chute23/cam5.avi,UNKNOWN,UNKNOWN,UNKNOWN,5404,25.0,720,480,216.16,subject_1,UNKNOWN,UNKNOWN,UNKNOWN,UNKNOWN,UNKNOWN
MultiCamera,chute23,MultiCamera_chute23_cam6,Lab,cam6,NORMAL,dataset/dataset/chute23/cam6.avi,UNKNOWN,UNKNOWN,UNKNOWN,5410,25.0,720,480,216.4,subject_1,UNKNOWN,UNKNOWN,UNKNOWN,UNKNOWN,UNKNOWN
MultiCamera,chute23,MultiCamera_chute23_cam7,Lab,cam7,NORMAL,dataset/dataset/chute23/cam7.avi,UNKNOWN,UNKNOWN,UNKNOWN,5400,25.0,720,480,216.0,subject_1,UNKNOWN,UNKNOWN,UNKNOWN,UNKNOWN,UNKNOWN
MultiCamera,chute23,MultiCamera_chute23_cam8,Lab,cam8,NORMAL,dataset/dataset/chute23/cam8.avi,UNKNOWN,UNKNOWN,UNKNOWN,5350,25.0,720,480,214.0,subject_1,UNKNOWN,UNKNOWN,UNKNOWN,UNKNOWN,UNKNOWN
MultiCamera,chute24,MultiCamera_chute24_cam1,Lab,cam1,NORMAL,dataset/dataset/chute24/cam1.avi,UNKNOWN,UNKNOWN,UNKNOWN,3676,25.0,720,480,147.04,subject_1,UNKNOWN,UNKNOWN,UNKNOWN,UNKNOWN,UNKNOWN
MultiCamera,chute24,MultiCamera_chute24_cam2,Lab,cam2,NORMAL,dataset/dataset/chute24/cam2.avi,UNKNOWN,UNKNOWN,UNKNOWN,3709,25.0,720,480,148.36,subject_1,UNKNOWN,UNKNOWN,UNKNOWN,UNKNOWN,UNKNOWN
MultiCamera,chute24,MultiCamera_chute24_cam3,Lab,cam3,NORMAL,dataset/dataset/chute24/cam3.avi,UNKNOWN,UNKNOWN,UNKNOWN,3680,25.0,720,480,147.2,subject_1,UNKNOWN,UNKNOWN,UNKNOWN,UNKNOWN,UNKNOWN
MultiCamera,chute24,MultiCamera_chute24_cam4,Lab,cam4,NORMAL,dataset/dataset/chute24/cam4.avi,UNKNOWN,UNKNOWN,UNKNOWN,3673,25.0,720,480,146.92,subject_1,UNKNOWN,UNKNOWN,UNKNOWN,UNKNOWN,UNKNOWN
MultiCamera,chute24,MultiCamera_chute24_cam5,Lab,cam5,NORMAL,dataset/dataset/chute24/cam5.avi,UNKNOWN,UNKNOWN,UNKNOWN,3710,25.0,720,480,148.4,subject_1,UNKNOWN,UNKNOWN,UNKNOWN,UNKNOWN,UNKNOWN
MultiCamera,chute24,MultiCamera_chute24_cam6,Lab,cam6,NORMAL,dataset/dataset/chute24/cam6.avi,UNKNOWN,UNKNOWN,UNKNOWN,3683,25.0,720,480,147.32,subject_1,UNKNOWN,UNKNOWN,UNKNOWN,UNKNOWN,UNKNOWN
MultiCamera,chute24,MultiCamera_chute24_cam7,Lab,cam7,NORMAL,dataset/dataset/chute24/cam7.avi,UNKNOWN,UNKNOWN,UNKNOWN,3707,25.0,720,480,148.28,subject_1,UNKNOWN,UNKNOWN,UNKNOWN,UNKNOWN,UNKNOWN
MultiCamera,chute24,MultiCamera_chute24_cam8,Lab,cam8,NORMAL,dataset/dataset/chute24/cam8.avi,UNKNOWN,UNKNOWN,UNKNOWN,3644,25.0,720,480,145.76,subject_1,UNKNOWN,UNKNOWN,UNKNOWN,UNKNOWN,UNKNOWN
